	group	names	scores	logfoldchanges	pvals	pvals_adj
0	Columella	AT5G02380	35.126423	11.778465	2.6636120157763276e-270	6.1841080170279e-266
1	Columella	AT2G36950	27.173895	4.224816	1.3219180645933042e-162	1.0230323901887582e-158
2	Columella	AT2G43610	23.603811	6.0818644	3.522043272376742e-123	9.08569762830787e-120
3	Columella	AT1G66580	23.341854	3.4248753	1.667377265159474e-120	3.871149796520751e-117
4	Columella	AT4G27090	23.233305	3.5931568	2.098401319183989e-119	4.428962129772243e-116
5	Columella	AT5G23820	22.824057	3.1701772	2.645796441680257e-115	4.725188922037733e-112
6	Columella	AT3G04400	21.874748	3.3736534	4.519957631247705e-106	6.172932724981056e-103
7	Columella	AT5G20290	21.684479	3.2978954	2.874991446400101e-104	3.708259800615064e-101
8	Columella	AT5G15200	21.488594	3.312009	1.990442331246517e-102	2.2005761716452568e-99
9	Columella	AT3G52590	21.016981	2.9072692	4.5869943535608556e-98	4.437343662775933e-95
10	Columella	AT1G20450	20.664272	6.6609416	7.264416740124498e-95	6.0234986948382314e-92
11	Columella	AT1G25275	20.559547	1.9843311	6.321882086902521e-94	5.061211600400545e-91
12	Columella	AT4G15910	20.554302	5.190165	7.043580514352248e-94	5.451026960057204e-91
13	Columella	AT3G16640	20.48167	2.9395387	3.1371175091545324e-93	2.349498619678735e-90
14	Columella	AT3G11940	20.450853	3.393887	5.903388522729977e-93	4.283092854131933e-90
15	Columella	AT3G60245	20.371878	3.3234026	2.9706635233698256e-92	1.9705684292022068e-89
16	Columella	AT1G66280	20.197117	2.6669443	1.037837631875502e-90	6.693187860903759e-88
17	Columella	AT2G24850	20.149637	3.5080826	2.710941104518798e-90	1.6563136743056035e-87
18	Columella	AT5G15970	20.13631	4.0596113	3.5479966757901284e-90	2.112149713379985e-87
19	Columella	AT1G67430	19.187288	2.9078598	4.726646518681777e-82	2.612822672005591e-79
20	Columella	AT4G37870	19.159817	3.336371	8.015490242019315e-82	4.327805510440987e-79
21	Columella	AT2G40205	19.106901	3.795225	2.2121883839777564e-81	1.1672813116093539e-78
22	Columella	AT1G30230	18.811777	3.259327	6.047626313656648e-79	2.9251612525868e-76
23	Columella	AT5G27850	18.523033	3.2701795	1.3463198734423113e-76	6.379083367695946e-74
24	Columella	AT3G53020	18.511803	3.2568717	1.658583653010981e-76	7.701467334391188e-74
25	Columella	AT3G59540	18.438152	3.0163383	6.492133658407632e-76	2.955448375436275e-73
26	Columella	AT4G39200	18.435863	2.898714	6.772967347173917e-76	3.023999671141093e-73
27	Columella	AT1G56045	18.407028	3.644136	1.153839355129954e-75	5.0544694920853094e-73
28	Columella	AT4G33865	18.403566	3.097666	1.2299758960369464e-75	5.288213033016627e-73
29	Columella	AT1G14320	18.17007	2.591156	8.908425652587711e-74	3.760489425020525e-71
30	Columella	AT5G18380	18.12617	3.2456715	1.9808946344405992e-73	8.068496618913578e-71
31	Columella	AT1G28290	18.031172	1.658965	1.1091468730459405e-72	4.3886022905549104e-70
32	Columella	AT1G54000	18.030869	3.0217652	1.1152497529514568e-72	4.3886022905549104e-70
33	Columella	AT5G02960	17.918682	3.0359087	8.430091457825156e-72	3.2085480881365024e-69
34	Columella	AT5G60390	17.88907	2.1986554	1.4348295434645377e-71	5.372973792034866e-69
35	Columella	AT5G26260	17.750114	2.917708	1.7200032736453898e-70	6.338621587972224e-68
36	Columella	AT2G34480	17.736004	3.022763	2.2111387334589966e-70	7.897847380725773e-68
37	Columella	AT3G48000	17.712465	2.7875178	3.3602879788463704e-70	1.1820576667405483e-67
38	Columella	AT1G04270	17.36383	3.1912527	1.550252217031594e-67	5.216261698959786e-65
39	Columella	AT5G03210	17.193377	3.173382	2.976825719854451e-66	9.873280391122968e-64
40	Columella	AT2G21660	17.179382	3.3492577	3.7892714426163893e-66	1.2390917617355593e-63
41	Columella	AT1G76650	17.056198	3.1851876	3.1436442886594006e-65	9.998080746548672e-63
42	Columella	AT1G27400	17.035952	3.7336943	4.44448767798202e-65	1.3944279786447102e-62
43	Columella	AT3G09500	16.97783	3.0471613	1.1983351868502327e-64	3.7095664044135806e-62
44	Columella	AT4G09320	16.920963	2.8272412	3.152309430003862e-64	9.62989053110522e-62
45	Columella	AT4G31985	16.621311	2.9495277	4.885262953893741e-62	1.4541173076993717e-59
46	Columella	AT1G07770	16.610226	2.8005416	5.8770906203929175e-62	1.7271951004261059e-59
47	Columella	AT2G19730	16.599766	2.9913254	6.996350784986247e-62	2.030428452187821e-59
48	Columella	AT1G27730	16.593508	2.7480578	7.764924119838793e-62	2.225657324571571e-59
49	Columella	AT2G41430	16.498423	3.051533	3.765967646573037e-61	1.0662740347620267e-58
50	Columella	AT1G15930	16.367695	3.5396037	3.2530716534456554e-60	9.099586093740696e-58
51	Columella	AT4G16720	16.364105	3.3280811	3.450569043301067e-60	9.537126366466771e-58
52	Columella	AT1G02780	16.285894	2.4739852	1.243002636605903e-59	3.395152025185794e-57
53	Columella	AT3G48930	16.20836	2.950242	4.401473738860435e-59	1.1882443697107292e-56
54	Columella	AT2G41800	16.088942	1.8908131	3.0500460007767183e-58	8.139415862072767e-56
55	Columella	AT3G62870	16.05327	3.5110843	5.422995782053625e-58	1.414670708673472e-55
56	Columella	AT1G09690	15.953447	3.0657592	2.6959701385509035e-57	6.878278978762233e-55
57	Columella	AT1G01720	15.936295	1.6055694	3.547762471651663e-57	8.953087098297462e-55
58	Columella	AT2G39460	15.935418	3.081059	3.597859327726141e-57	8.98188172170084e-55
59	Columella	AT5G16130	15.886047	3.3806648	7.916497517924537e-57	1.9552906688686594e-54
60	Columella	AT3G53740	15.859108	2.9337811	1.2160860883537377e-56	2.9719863908746024e-54
61	Columella	AT5G56710	15.839272	2.9531398	1.667411088553948e-56	4.0325295044746885e-54
62	Columella	AT3G25520	15.822328	2.898421	2.182709609522879e-56	5.2109751916040004e-54
63	Columella	AT1G01100	15.821843	3.0918765	2.1995760381495976e-56	5.2109751916040004e-54
64	Columella	AT5G41520	15.815602	2.962098	2.428746446668718e-56	5.695778409324003e-54
65	Columella	AT1G43170	15.728726	3.0760026	9.612508884749546e-56	2.231736187772302e-53
66	Columella	AT2G32190	15.672345	2.171012	2.3378963588181583e-55	5.374152451750611e-53
67	Columella	AT1G70600	15.625762	2.7626722	4.860762045700476e-55	1.1063952197551761e-52
68	Columella	AT1G56280	15.605924	2.2167737	6.634294460962009e-55	1.4954215000015044e-52
69	Columella	AT5G62390	15.603743	2.8442142	6.864887068409988e-55	1.5325200294930258e-52
70	Columella	AT5G62300	15.497161	2.9234197	3.6256446532771595e-54	8.016818277631982e-52
71	Columella	AT3G06700	15.453896	2.3984175	7.101873281325622e-54	1.5555112450239334e-51
72	Columella	AT5G59820	15.3651085	2.0696974	2.8057005994964683e-53	6.087845870888739e-51
73	Columella	AT5G65207	15.319953	2.2907946	5.625822458863667e-53	1.2093955558096088e-50
74	Columella	AT2G27530	15.294883	3.034191	8.2709499425742175e-53	1.7617123377683084e-50
75	Columella	AT3G62250	15.249506	2.758708	1.6588229691233391e-52	3.5011720794669603e-50
76	Columella	AT2G18020	15.233539	2.8797548	2.1181169352359375e-52	4.430299178862411e-50
77	Columella	AT5G10130	15.222547	1.7232152	2.505844212115138e-52	5.194480810060461e-50
78	Columella	AT1G23710	15.185469	2.015443	4.413940231832489e-52	9.068889412606627e-50
79	Columella	AT3G24830	15.175	3.0701342	5.1777817545222335e-52	1.0544961315328306e-49
80	Columella	AT2G43535	15.110851	2.3669937	1.3735447387551894e-51	2.7730076695373245e-49
81	Columella	AT5G64310	15.104971	1.8447789	1.501734640294203e-51	3.005670098595733e-49
82	Columella	AT1G78380	15.057847	2.6435273	3.0660826674515035e-51	6.084208657283894e-49
83	Columella	AT3G16450	15.047011	2.5739233	3.6118488484352434e-51	7.106465653739071e-49
84	Columella	AT4G18100	15.002824	2.9757793	7.036131271091416e-51	1.3613154976744118e-48
85	Columella	AT5G27700	14.9297285	2.8899722	2.1112349956156254e-50	4.0509539581163616e-48
86	Columella	AT1G01470	14.904658	2.3255277	3.073798527063106e-50	5.849539377280666e-48
87	Columella	AT3G45730	14.855446	4.205706	6.414017920227447e-50	1.210684992308298e-47
88	Columella	AT3G49910	14.788235	2.86165	1.744687405460696e-49	3.266645765530724e-47
89	Columella	AT3G56340	14.719824	3.0805368	4.809109966177982e-49	8.932248486780336e-47
90	Columella	AT5G62700	14.563766	1.6428219	4.7753407429411876e-48	8.799133811814726e-46
91	Columella	AT3G11510	14.46476	2.9852526	2.0231018640291976e-47	3.6984532265484945e-45
92	Columella	AT2G01250	14.444845	2.7546866	2.7016334287027887e-47	4.9002986964213e-45
93	Columella	AT4G37410	14.414917	2.7513406	4.169421662831848e-47	7.503989360152482e-45
94	Columella	AT2G41840	14.33907	2.939718	1.2471522878401062e-46	2.2273180512910574e-44
95	Columella	AT3G22230	14.303862	3.3568935	2.0699723966835135e-46	3.6407991768031164e-44
96	Columella	AT1G18740	14.278419	2.7419298	2.982935975728821e-46	5.207129665300454e-44
97	Columella	AT1G52690	14.224893	3.181312	6.4202761365824286e-46	1.1123847094256287e-43
98	Columella	AT2G28400	14.205172	2.857015	8.509341767209913e-46	1.4634176874763893e-43
99	Columella	AT4G00100	14.107272	2.8205411	3.425731115508483e-45	5.848176419761798e-43
100	Columella	AT5G20230	14.088593	2.7913299	4.463681577369355e-45	7.564474100860168e-43
101	Columella	AT5G09980	14.061003	2.1811333	6.594510679744696e-45	1.1014730536088676e-42
102	Columella	AT1G08360	14.050793	3.1329892	7.617654120792159e-45	1.2632791123030824e-42
103	Columella	AT5G57290	14.040994	2.6802552	8.747763125520018e-45	1.4404029537957323e-42
104	Columella	AT1G41880	13.956496	3.2170808	2.8721114650268694e-44	4.6630637680789386e-42
105	Columella	AT1G69620	13.953757	2.5654263	2.9845964655626936e-44	4.812040009789518e-42
106	Columella	AT1G28480	13.923575	2.1978798	4.55532557802559e-44	7.293861651380699e-42
107	Columella	AT4G09800	13.878479	3.056357	8.553941257128252e-44	1.3602524257996344e-41
108	Columella	AT3G02080	13.876792	2.9329083	8.757696016867904e-44	1.3831797851947083e-41
109	Columella	AT3G05560	13.870051	2.8420851	9.620733596811642e-44	1.5092200805214588e-41
110	Columella	AT3G04920	13.86366	2.8033295	1.0517269964659825e-43	1.6387883004664908e-41
111	Columella	AT3G16080	13.8554	3.532083	1.1799715069651148e-43	1.8263598984806048e-41
112	Columella	AT5G19110	13.784512	1.8427246	3.158981797726276e-43	4.825136868277035e-41
113	Columella	AT5G02450	13.740502	2.7585423	5.807147763730915e-43	8.754840885100043e-41
114	Columella	AT3G49010	13.733301	2.8616016	6.4143223029570175e-43	9.607827155338909e-41
115	Columella	AT1G18540	13.729064	2.8751554	6.800645851374415e-43	1.0121191969958962e-40
116	Columella	AT1G22190	13.72824	2.0515416	6.8784039355106555e-43	1.0171713641449102e-40
117	Columella	AT1G76600	13.711937	1.6069288	8.612757237424982e-43	1.2655847138056697e-40
118	Columella	AT1G66270	13.706223	1.5304008	9.318388410244514e-43	1.3606605265449489e-40
119	Columella	AT3G53870	13.69285	2.989036	1.120268186190245e-42	1.6255791549236824e-40
120	Columella	AT5G45775	13.679307	3.4167037	1.3497246063152457e-42	1.9463699493677674e-40
121	Columella	AT2G04025	13.663291	9.6248865	1.6820764607969097e-42	2.4106647648346825e-40
122	Columella	AT5G47210	13.658451	3.2548473	1.7976715332043722e-42	2.560523925546375e-40
123	Columella	AT1G45145	13.651298	1.4242903	1.9831434442041556e-42	2.807478130737066e-40
124	Columella	AT1G52300	13.636271	2.7203867	2.4370558954222617e-42	3.42915919539507e-40
125	Columella	AT5G28060	13.635536	2.908071	2.4617455953543216e-42	3.4430329811651376e-40
126	Columella	AT5G19510	13.628579	2.3905165	2.7080097688985936e-42	3.7647822038633915e-40
127	Columella	AT4G17490	13.564761	1.9772687	6.479044303285534e-42	8.900826721265103e-40
128	Columella	AT5G03850	13.486669	2.7969117	1.8737779180483839e-41	2.529273367635426e-39
129	Columella	AT5G67600	13.479676	1.6625915	2.06010131658787e-41	2.7647035992613048e-39
130	Columella	AT5G02260	13.472923	0.8370896	2.257485058002186e-41	3.0121856661860203e-39
131	Columella	AT4G36040	13.4669	1.658854	2.449372184617944e-41	3.2495470863014175e-39
132	Columella	AT3G56020	13.444764	2.6709127	3.3045688558405016e-41	4.359214495798234e-39
133	Columella	AT4G34410	13.378717	2.2853456	8.052531329891221e-41	1.0562464400343757e-38
134	Columella	AT5G02500	13.354127	1.767807	1.1206370913433162e-40	1.4454350749843207e-38
135	Columella	AT3G18740	13.312752	2.840579	1.951587657637095e-40	2.5033155053790294e-38
136	Columella	AT5G05410	13.294721	1.4684231	2.4839797944102566e-40	3.1687120267485127e-38
137	Columella	AT2G36160	13.266402	3.0800192	3.625753395768782e-40	4.599951726205672e-38
138	Columella	AT3G22910	13.236846	2.6569161	5.3759134001416924e-40	6.783292467994004e-38
139	Columella	AT3G16410	13.223111	1.7750847	6.453791846448455e-40	8.099334340486152e-38
140	Columella	AT3G61110	13.0265875	3.178749	8.638530052942604e-39	1.0725173916533072e-36
141	Columella	AT3G55750	12.985029	2.6514165	1.4878183108554375e-38	1.8373764746346113e-36
142	Columella	AT3G53890	12.857108	2.546873	7.845729658441973e-38	9.48720341041913e-36
143	Columella	AT4G23590	12.849116	3.3353922	8.699794646133898e-38	1.0465447269393301e-35
144	Columella	AT2G40140	12.810335	1.2737584	1.435138862462565e-37	1.7175061324635756e-35
145	Columella	AT5G02020	12.809376	2.1286376	1.4529785659463246e-37	1.729938634132093e-35
146	Columella	AT2G43460	12.775337	2.1722155	2.2517016933264335e-37	2.6672325619367246e-35
147	Columella	AT1G33750	12.768439	3.1665292	2.4603916005779304e-37	2.899640192417148e-35
148	Columella	AT2G27720	12.73272	2.8857665	3.890425158878889e-37	4.5618182279642e-35
149	Columella	AT1G09070	12.673944	1.6674564	8.246140790395547e-37	9.524907996547931e-35
1500	LRC	AT5G60530	85.66258	49.211678	0.0	0.0
1501	LRC	AT5G54370	82.66782	35.64261	0.0	0.0
1502	LRC	AT3G48340	81.41095	29.18511	0.0	0.0
1503	LRC	AT1G52050	72.85381	14.559163	0.0	0.0
1504	LRC	AT3G16440	71.49689	20.360163	0.0	0.0
1505	LRC	AT1G17180	70.96173	14.480508	0.0	0.0
1506	LRC	AT1G52070	68.0293	41.19377	0.0	0.0
1507	LRC	AT1G06090	65.83322	15.93734	0.0	0.0
1508	LRC	AT1G15385	65.05661	8.126282	0.0	0.0
1509	LRC	AT5G55110	64.42954	8.140951	0.0	0.0
1510	LRC	AT1G47600	63.996727	44.64281	0.0	0.0
1511	LRC	AT3G03500	61.827644	6.9653816	0.0	0.0
1512	LRC	AT1G52060	61.637333	14.621557	0.0	0.0
1513	LRC	AT5G48180	60.83326	5.685213	0.0	0.0
1514	LRC	AT5G35735	59.793446	6.898338	0.0	0.0
1515	LRC	AT1G51470	59.705795	34.967007	0.0	0.0
1516	LRC	AT1G09070	59.57481	7.8985662	0.0	0.0
1517	LRC	AT5G16230	54.261246	6.557214	0.0	0.0
1518	LRC	AT3G49190	54.081856	8.331969	0.0	0.0
1519	LRC	AT1G25275	51.494656	7.143238	0.0	0.0
1520	LRC	AT1G26820	50.411037	9.571107	0.0	0.0
1521	LRC	AT5G44380	50.25309	5.258233	0.0	0.0
1522	LRC	AT5G02260	48.685837	4.6648135	0.0	0.0
1523	LRC	AT4G21990	48.53678	4.9917808	0.0	0.0
1524	LRC	AT5G43580	48.362167	4.6703672	0.0	0.0
1525	LRC	AT3G06460	48.015564	8.323705	0.0	0.0
1526	LRC	AT4G19030	47.533222	5.201896	0.0	0.0
1527	LRC	AT5G08790	47.416035	5.271835	0.0	0.0
1528	LRC	AT3G22740	46.407185	6.5800724	0.0	0.0
1529	LRC	AT3G45010	46.181015	4.1413794	0.0	0.0
1530	LRC	AT2G15830	46.02004	6.2878704	0.0	0.0
1531	LRC	AT1G76680	45.649418	9.345668	0.0	0.0
1532	LRC	AT5G24070	45.09921	4.483635	0.0	0.0
1533	LRC	AT5G04200	44.56842	8.594278	0.0	0.0
1534	LRC	AT2G29420	44.13883	4.7560096	0.0	0.0
1535	LRC	AT3G53990	44.11905	6.6917253	0.0	0.0
1536	LRC	AT3G19430	44.026295	8.676292	0.0	0.0
1537	LRC	AT1G74020	43.78617	3.9854426	0.0	0.0
1538	LRC	AT1G33280	43.740227	4.2814155	0.0	0.0
1539	LRC	AT2G43610	43.664715	5.8451843	0.0	0.0
1540	LRC	AT2G37540	43.08089	6.9783425	0.0	0.0
1541	LRC	AT1G17860	42.912846	3.455263	0.0	0.0
1542	LRC	AT3G27880	41.538216	4.077709	0.0	0.0
1543	LRC	AT5G04970	41.484356	4.282437	0.0	0.0
1544	LRC	AT1G32920	41.093098	3.0069885	0.0	0.0
1545	LRC	AT4G00080	40.991947	3.8298626	0.0	0.0
1546	LRC	AT3G23050	40.902863	2.8499496	0.0	0.0
1547	LRC	AT4G05320	40.750565	4.90419	0.0	0.0
1548	LRC	AT1G78340	40.461384	3.6547093	0.0	0.0
1549	LRC	AT4G27400	40.27693	7.066406	0.0	0.0
1550	LRC	AT1G30700	39.981945	4.7076592	0.0	0.0
1551	LRC	AT2G36950	39.757904	3.9813771	0.0	0.0
1552	LRC	AT4G04460	39.215893	5.580833	0.0	0.0
1553	LRC	AT3G53480	39.00229	3.3002114	0.0	0.0
1554	LRC	AT2G26670	38.81872	4.865279	0.0	0.0
1555	LRC	AT2G22470	38.771446	5.148227	0.0	0.0
1556	LRC	AT5G64310	38.22755	2.6457207	0.0	0.0
1557	LRC	AT1G55240	38.10451	6.2933593	0.0	0.0
1558	LRC	AT1G05560	38.019627	4.7669005	0.0	0.0
1559	LRC	AT5G15870	37.98871	4.887289	0.0	0.0
1560	LRC	AT4G39090	37.939747	2.873984	0.0	0.0
1561	LRC	AT4G02890	37.819557	3.5653696	0.0	0.0
1562	LRC	AT5G05410	37.27811	2.7963703	3.714394321056994e-304	1.1653661209727058e-301
1563	LRC	AT1G03220	37.207256	4.899201	5.208260858953353e-303	1.6122692314976e-300
1564	LRC	AT2G01300	36.411358	3.3508022	2.814368894715222e-290	8.377077260077346e-288
1565	LRC	AT3G04330	36.15604	4.7433558	2.9902319937988193e-286	8.787875468357871e-284
1566	LRC	AT2G23410	36.0158	5.6312633	4.7334422946900733e-284	1.35674481180024e-281
1567	LRC	AT4G13890	35.89649	8.186706	3.465631856626291e-282	9.812387172596658e-280
1568	LRC	AT4G32020	35.63953	2.3774881	3.422976874900121e-278	9.574849892115194e-276
1569	LRC	AT2G32620	35.616417	8.776781	7.804079960343876e-278	2.156991957610759e-275
1570	LRC	AT3G20160	35.5421	7.0704036	1.1005887124442449e-276	3.0061609572727095e-274
1571	LRC	AT3G28210	35.40749	2.5763383	1.3094711354130044e-274	3.535115273358573e-272
1572	LRC	AT2G25460	35.387524	2.7007565	2.6563033179120436e-274	7.08866599217976e-272
1573	LRC	AT1G66580	35.1195	4.9046497	3.3973259973422366e-270	8.963149736397126e-268
1574	LRC	AT2G40000	35.083813	2.3328538	1.1902260284380628e-269	3.1048851350838767e-267
1575	LRC	AT1G76600	35.024654	2.7753623	9.482990418065382e-269	2.4462954281802666e-266
1576	LRC	AT3G13435	34.655987	2.6882887	3.629488584994643e-263	9.060842632023724e-261
1577	LRC	AT2G32610	34.517193	7.112589	4.429492219499344e-261	1.08252127221175e-258
1578	LRC	AT5G54940	34.47745	2.3452132	1.7469932527641366e-260	4.224993994731766e-258
1579	LRC	AT1G12740	34.45036	3.386956	4.447752706087374e-260	1.064571902858047e-257
1580	LRC	AT1G68450	34.431183	5.5671663	8.613760346235294e-260	2.0406701424341306e-257
1581	LRC	AT1G79245	34.33109	2.4537141	2.697897126175775e-258	6.326977533174038e-256
1582	LRC	AT5G51520	34.182137	5.214291	4.456000691973507e-256	1.0142643927994991e-253
1583	LRC	AT5G20230	34.167408	5.410916	7.374002584719068e-256	1.6621574564021613e-253
1584	LRC	AT1G55920	34.163715	3.049294	8.366897391928522e-256	1.8678293918115815e-253
1585	LRC	AT5G01220	34.08091	4.749063	1.4148889652709406e-254	3.1285216292090885e-252
1586	LRC	AT3G09440	34.0048	3.107601	1.8920589379114158e-253	4.1441445624046545e-251
1587	LRC	AT5G20045	33.80203	4.7796483	1.8413161927171178e-250	3.99531196694517e-248
1588	LRC	AT1G11190	33.491764	6.9504757	6.352035175676347e-246	1.352983492419062e-243
1589	LRC	AT4G17500	32.719765	3.0864651	8.176632505028913e-235	1.650755451037011e-232
1590	LRC	AT4G22640	32.681965	7.264496	2.817833028862161e-234	5.639795640611446e-232
1591	LRC	AT1G25400	32.677734	2.671666	3.235849825330823e-234	6.4210876405731386e-232
1592	LRC	AT1G06080	32.53901	6.89428	2.9950214626992418e-232	5.843312041973806e-230
1593	LRC	AT3G47400	32.014194	4.618131	6.919864335700209e-225	1.2956329861447722e-222
1594	LRC	AT1G17060	31.836739	3.0908093	2.0087515872576865e-222	3.730974848108936e-220
1595	LRC	AT1G30730	31.450968	3.1474645	4.0717623274162815e-217	7.443630390206599e-215
1596	LRC	AT5G23210	31.450153	3.4994807	4.17745620418398e-217	7.577187554104646e-215
1597	LRC	AT4G10350	31.191538	3.8307114	1.3877348714569951e-213	2.440836402319474e-211
1598	LRC	AT1G45145	31.172564	2.4710665	2.5091371987066404e-213	4.347361070326274e-211
1599	LRC	AT2G14095	30.864521	7.791056	3.5768484477999863e-209	6.151384475005354e-207
1600	LRC	AT1G03070	30.812805	5.197894	1.7654878629097461e-208	3.013921449498204e-206
1601	LRC	AT5G14730	30.554945	2.1955757	4.861041174543139e-205	8.061342353526289e-203
1602	LRC	AT5G06320	30.547125	2.0149994	6.174401000774936e-205	1.0166742413829199e-202
1603	LRC	AT4G30850	30.46628	3.361055	7.292084617259225e-204	1.1922558349218833e-201
1604	LRC	AT4G08555	30.319916	3.3500025	6.264380764539242e-202	1.0170638336385146e-199
1605	LRC	AT1G07590	30.302933	3.919232	1.0487774875214054e-201	1.690935203318366e-199
1606	LRC	AT4G36040	30.22872	2.7674646	9.936064971642456e-201	1.5800384962097458e-198
1607	LRC	AT3G05500	30.218	1.8617153	1.3743018170580714e-200	2.170555461676003e-198
1608	LRC	AT4G18950	29.816053	3.1839159	2.4196401165447066e-195	3.795728688230977e-193
1609	LRC	AT4G30470	29.708754	2.761731	5.918602132972003e-194	9.222294343705436e-192
1610	LRC	AT5G44610	29.704075	2.2217278	6.802555709667602e-194	1.0528995727423514e-191
1611	LRC	AT5G22140	29.669043	4.195568	1.926809865520004e-193	2.9625658707137706e-191
1612	LRC	AT5G54870	29.637762	4.0843306	4.876638275493504e-193	7.448744134350834e-191
1613	LRC	AT1G11260	29.303858	2.5867498	9.261322857701414e-189	1.4053603450147303e-186
1614	LRC	AT2G47140	29.264158	2.278679	2.96593873551652e-188	4.47144153392773e-186
1615	LRC	AT1G50060	29.074314	14.446058	7.584567096517585e-186	1.1360702856764437e-183
1616	LRC	AT2G31945	29.073019	4.3039274	7.876064312202056e-186	1.1721704175409944e-183
1617	LRC	AT4G15160	29.056622	4.563432	1.2692319109877837e-185	1.876927215121234e-183
1618	LRC	AT5G56980	29.047094	2.4430418	1.6744788746582866e-185	2.4605301286671797e-183
1619	LRC	AT3G61930	28.894342	5.157519	1.4062727323637732e-183	2.0534235237289134e-181
1620	LRC	AT3G60130	28.748833	2.397882	9.36709542486626e-182	1.3592240904944996e-179
1621	LRC	AT1G78850	28.648716	2.8777406	1.6631878818062005e-180	2.3983995684406556e-178
1622	LRC	AT4G04610	28.630386	3.005103	2.813236107506148e-180	4.0317841177759406e-178
1623	LRC	AT2G43880	28.605492	4.6025505	5.741050025764409e-180	8.177298064305048e-178
1624	LRC	AT1G33590	28.207247	3.499133	4.765350095451267e-175	6.705280797944973e-173
1625	LRC	AT4G17490	28.195585	3.0233197	6.623777365355055e-175	9.264110788641464e-173
1626	LRC	AT5G23530	28.173985	5.142753	1.2185485806924268e-174	1.6940743950859923e-172
1627	LRC	AT3G01650	28.130224	3.3644702	4.183411170110615e-174	5.78132482955108e-172
1628	LRC	AT2G29995	28.055494	3.4459653	3.423257260758632e-173	4.67516257782548e-171
1629	LRC	AT2G21610	27.877068	6.045464	5.061883346440136e-171	6.872616704929862e-169
1630	LRC	AT2G45400	27.744862	2.180018	2.0098926213460504e-169	2.7130044761506543e-167
1631	LRC	AT1G17620	27.618979	2.1515925	6.584367812624669e-168	8.735386714611825e-166
1632	LRC	AT3G23920	27.575987	1.880682	2.1600292877195694e-167	2.833299433501991e-165
1633	LRC	AT2G40095	27.527037	3.285179	8.335927670601776e-167	1.0812024174768795e-164
1634	LRC	AT3G59480	27.513271	3.8042412	1.2181049913124469e-166	1.5711524212945045e-164
1635	LRC	AT1G62570	27.42044	1.6260349	1.5649099573408703e-165	2.007321241965911e-163
1636	LRC	AT4G25310	26.974575	3.6500587	2.937892064114033e-160	3.727269948225983e-158
1637	LRC	AT1G53700	26.823372	4.3134804	1.725194048382972e-158	2.1650719038544575e-156
1638	LRC	AT2G32190	26.818384	1.9139662	1.972535937379686e-158	2.462170261190547e-156
1639	LRC	AT3G10720	26.737766	2.6262107	1.7134533822665082e-157	2.12733942118083e-155
1640	LRC	AT4G26880	26.489788	6.5412526	1.2708519436368604e-154	1.561130665365978e-152
1641	LRC	AT3G04320	26.217995	2.942363	1.6570882070504475e-151	2.0142731362874474e-149
1642	LRC	AT2G41800	26.155731	2.5340037	8.481622843040173e-151	1.0256137372232485e-148
1643	LRC	AT4G15610	26.046623	2.2280488	1.4692641430253705e-149	1.7583456499288674e-147
1644	LRC	AT5G23220	25.996845	2.7930546	5.376108732415115e-149	6.40087776617855e-147
1645	LRC	AT1G20100	25.912327	1.9347374	4.8369373419111e-148	5.700465698840103e-146
1646	LRC	AT1G14240	25.871477	3.8934665	1.3950062744728211e-147	1.6357505391129035e-145
1647	LRC	AT3G23030	25.689848	1.2023968	1.5178712398921408e-145	1.753254556048549e-143
1648	LRC	AT3G14560	25.555378	3.6346757	4.784737710394615e-144	5.499369080308503e-142
1649	LRC	AT3G04720	25.458248	3.0935516	5.72074378954088e-143	6.510711204008364e-141
2571	Epidermis	AT4G12545	60.818455	13.401992	0.0	0.0
2572	Epidermis	AT3G09260	60.512684	18.445997	0.0	0.0
2573	Epidermis	AT4G12550	54.837364	14.1170025	0.0	0.0
2574	Epidermis	AT1G65310	54.60435	12.096008	0.0	0.0
2575	Epidermis	AT4G30280	53.711823	11.014897	0.0	0.0
2576	Epidermis	AT1G70850	52.842022	8.36134	0.0	0.0
2577	Epidermis	AT3G29250	50.362007	5.788972	0.0	0.0
2578	Epidermis	AT5G64100	48.885403	8.007091	0.0	0.0
2579	Epidermis	AT3G28550	48.847904	6.8435116	0.0	0.0
2580	Epidermis	AT3G01190	48.72594	7.010958	0.0	0.0
2581	Epidermis	AT3G16420	47.828552	7.3413215	0.0	0.0
2582	Epidermis	AT2G37130	47.73569	5.7918	0.0	0.0
2583	Epidermis	AT5G46900	47.068188	16.40047	0.0	0.0
2584	Epidermis	AT5G17820	46.925034	6.2070856	0.0	0.0
2585	Epidermis	AT4G22666	46.432114	8.099389	0.0	0.0
2586	Epidermis	AT4G23400	45.71739	5.871927	0.0	0.0
2587	Epidermis	AT5G46890	45.239166	17.148094	0.0	0.0
2588	Epidermis	AT1G14960	45.134876	7.1260414	0.0	0.0
2589	Epidermis	AT5G48010	42.57957	4.5600357	0.0	0.0
2590	Epidermis	AT1G23720	40.67366	4.2862353	0.0	0.0
2591	Epidermis	AT2G30930	39.929684	8.844767	0.0	0.0
2592	Epidermis	AT3G26520	39.43848	5.4652133	0.0	0.0
2593	Epidermis	AT1G53830	38.662594	5.395917	0.0	0.0
2594	Epidermis	AT5G60660	38.13346	4.2524447	0.0	0.0
2595	Epidermis	AT5G40730	37.904297	8.379968	0.0	0.0
2596	Epidermis	AT2G43150	37.399483	2.758778	3.983819986531368e-306	3.557398024126875e-303
2597	Epidermis	AT4G20260	37.364967	7.806222	1.4489098124884526e-305	1.2459014487609038e-302
2598	Epidermis	AT3G61430	36.16609	5.06972	2.0786160558650328e-286	1.7235438917506595e-283
2599	Epidermis	AT4G14880	35.356808	4.182892	7.880290133574566e-274	6.308851587282782e-271
2600	Epidermis	AT4G21850	35.259087	5.2566075	2.4897457268579772e-272	1.9268142180153888e-269
2601	Epidermis	AT1G06120	34.79735	7.173181	2.6670737773304193e-265	1.9974661899445273e-262
2602	Epidermis	AT5G40450	34.58829	4.8700504	3.78955686416197e-262	2.749441928601514e-259
2603	Epidermis	AT1G04040	34.312717	4.544159	5.070707636475991e-258	3.5674733089716087e-255
2604	Epidermis	AT4G35100	33.32632	5.6282134	1.6052153477337846e-243	1.0961260214216258e-240
2605	Epidermis	AT5G47990	32.74003	3.2798972	4.2097890922001735e-235	2.7925335243888977e-232
2606	Epidermis	AT1G30690	32.548782	4.330815	2.1785565081633897e-232	1.4049874013897061e-229
2607	Epidermis	AT2G22170	32.35594	3.3663127	1.1445580347541772e-229	7.181946998077765e-227
2608	Epidermis	AT4G29350	32.329674	3.8538265	2.6789037600175825e-229	1.636739699903374e-226
2609	Epidermis	AT5G44610	32.039097	3.0430963	3.1143365038886115e-225	1.8539884771995357e-222
2610	Epidermis	AT5G19230	32.028023	3.611295	4.4422797823945275e-225	2.5784102426963437e-222
2611	Epidermis	AT1G03870	31.713419	3.3531644	1.0148299289916098e-220	5.746660112536147e-218
2612	Epidermis	AT5G10430	31.45766	4.5943522	3.2979958205320962e-217	1.8230849753641352e-214
2613	Epidermis	AT4G12510	31.404152	3.8916688	1.775845275859937e-216	9.588325527823292e-214
2614	Epidermis	AT3G46280	31.359932	3.997119	7.123324723344983e-216	3.758687047770465e-213
2615	Epidermis	AT1G22530	30.901793	4.7830358	1.130033196312182e-209	5.830217937506652e-207
2616	Epidermis	AT1G21310	30.850796	3.011567	5.465515729675444e-209	2.7585408412146686e-206
2617	Epidermis	AT4G15290	30.771523	6.116104	6.302729895913495e-208	3.113414467945183e-205
2618	Epidermis	AT5G17330	30.644766	3.5989811	3.103022721844429e-206	1.5008933027721273e-203
2619	Epidermis	AT2G31570	30.388124	2.7565746	7.883916758621794e-203	3.73552847724331e-200
2620	Epidermis	AT3G16400	30.235065	5.1819477	8.200168029718598e-201	3.807666022919534e-198
2621	Epidermis	AT3G16240	30.156559	4.596282	8.799716491298578e-200	4.0059415250682176e-197
2622	Epidermis	AT5G45280	29.819649	3.136469	2.1734175999210963e-195	9.703891618724632e-193
2623	Epidermis	AT4G30190	29.61835	3.4840977	8.673514829104852e-193	3.799490448817497e-190
2624	Epidermis	AT4G12520	29.221642	3.4532943	1.0298175611268283e-187	4.427643391978069e-185
2625	Epidermis	AT3G01290	28.977938	3.1978538	1.248227671986556e-184	5.269109429183976e-182
2626	Epidermis	AT1G19900	28.960035	7.187516	2.0978694790693662e-184	8.697542088491692e-182
2627	Epidermis	AT1G01620	28.837711	4.4936132	7.2253754339005295e-183	2.943009499102958e-180
2628	Epidermis	AT4G30170	28.824804	2.48401	1.048756498319383e-182	4.198099934738123e-180
2629	Epidermis	AT5G26260	28.559347	3.7391288	2.1502680235491078e-179	8.46148689876943e-177
2630	Epidermis	AT1G72150	28.549063	3.0337634	2.8852943231363756e-179	1.1164646383376206e-176
2631	Epidermis	AT1G05850	28.452213	2.6996622	4.575421296757441e-178	1.7414353483084836e-175
2632	Epidermis	AT3G28940	28.433655	2.8909369	7.76149441490124e-178	2.906429287592937e-175
2633	Epidermis	AT5G48000	28.26225	2.7371533	1.0064154611350901e-175	3.650929337683341e-173
2634	Epidermis	AT3G16460	28.185192	2.3989866	8.881793810805798e-175	3.1724401062381265e-172
2635	Epidermis	AT2G39530	28.13574	4.31573	3.5815120371618034e-174	1.259878257072509e-171
2636	Epidermis	AT1G04250	26.936895	2.544821	8.12375852891901e-160	2.8150642054613828e-157
2637	Epidermis	AT4G33790	26.907125	6.899965	1.8126356079235014e-159	6.188817780758813e-157
2638	Epidermis	AT3G15950	26.838123	2.2514436	1.1606960248865486e-158	3.9054897985204347e-156
2639	Epidermis	AT1G11670	26.748493	2.7214947	1.2856129438486403e-157	4.264010816761983e-155
2640	Epidermis	AT5G45510	26.618265	2.8173978	4.1723487032053735e-156	1.364358025948157e-153
2641	Epidermis	AT4G37070	26.581264	3.0308692	1.1179461223588436e-155	3.6049104337229546e-153
2642	Epidermis	AT1G19910	26.495811	2.2603698	1.083190231179167e-154	3.4449900818200985e-152
2643	Epidermis	AT2G45960	25.915663	2.891142	4.435702062438422e-148	1.3916715511301735e-145
2644	Epidermis	AT1G14870	25.723824	2.591892	6.329209568389336e-146	1.9592701139906029e-143
2645	Epidermis	AT1G63220	25.209099	2.558495	3.183637398703176e-140	9.725593353380477e-138
2646	Epidermis	AT2G37170	25.034607	2.228989	2.5685001396729993e-138	7.74452827828416e-136
2647	Epidermis	AT1G70410	24.972797	2.2141778	1.207676532734147e-137	3.594695648780602e-135
2648	Epidermis	AT4G33740	24.68615	3.1258852	1.5064643959070264e-134	4.427289098705497e-132
2649	Epidermis	AT5G44380	24.551556	1.5729816	4.162636400706688e-133	1.2080491164400898e-130
2650	Epidermis	AT2G43590	23.80921	4.7800946	2.681289322623589e-125	7.500180024500224e-123
2651	Epidermis	AT2G15970	23.571602	2.2688427	7.539216642088997e-123	2.0837856283259553e-120
2652	Epidermis	AT1G12110	23.407627	2.9779599	3.5737922258436396e-121	9.761498130283738e-119
2653	Epidermis	AT3G23510	23.293367	4.25744	5.175551031524585e-120	1.397218236033794e-117
2654	Epidermis	AT4G01630	23.26907	3.8741775	9.121879629914906e-120	2.4066213564515267e-117
2655	Epidermis	AT2G39040	23.06911	3.952066	9.458682196043064e-118	2.440024717172576e-115
2656	Epidermis	AT4G23710	23.026701	1.8352534	2.518476747345736e-117	6.4254367739698845e-115
2657	Epidermis	AT3G28345	23.006615	3.6457067	4.002232954635865e-117	1.0099982881280529e-114
2658	Epidermis	AT4G19030	22.944231	3.2255905	1.682456321377722e-116	4.2001707971426426e-114
2659	Epidermis	AT1G17190	22.687021	2.0918663	6.017849281482402e-114	1.4706990186123886e-111
2660	Epidermis	AT2G38750	22.626055	1.9422361	2.4015418610189114e-113	5.8079788945079235e-111
2661	Epidermis	AT5G14330	22.534573	1.3151426	1.9026670902649948e-112	4.554043488111586e-110
2662	Epidermis	AT2G21045	22.37998	2.5538714	6.1673145208812185e-111	1.4610871554214208e-108
2663	Epidermis	AT2G21520	22.32805	2.6177251	1.9734822227419792e-110	4.628114824787933e-108
2664	Epidermis	AT5G37600	21.94377	1.960481	9.931788200837736e-107	2.2830329372163336e-104
2665	Epidermis	AT5G09978	21.837494	4.061329	1.0220958906833658e-105	2.3264706170584025e-103
2666	Epidermis	AT5G07460	21.668987	3.3076074	4.025039972640064e-104	9.072752722794598e-102
2667	Epidermis	AT4G17870	21.556814	2.4986362	4.57012610817099e-103	1.0202367101289026e-100
2668	Epidermis	AT4G30290	21.516798	3.1160586	1.0839490523003482e-102	2.3967662045006843e-100
2669	Epidermis	AT3G23600	21.499245	1.7776635	1.5824334295339481e-102	3.465977069197139e-100
2670	Epidermis	AT3G49845	21.303658	2.7352548	1.049932673289894e-100	2.2570635996084694e-98
2671	Epidermis	AT4G38920	21.038534	1.7281904	2.912367282488264e-98	6.203342311700002e-96
2672	Epidermis	AT4G30670	20.969751	2.0857038	1.2390855665841655e-97	2.615259054489506e-95
2673	Epidermis	AT1G49240	20.915081	1.8990456	3.90367800244297e-97	8.165017313758417e-95
2674	Epidermis	AT4G25830	20.91182	3.7080982	4.1798154371759277e-97	8.664533482581564e-95
2675	Epidermis	AT5G23750	20.842733	2.2720227	1.7741539896489425e-96	3.645179927228274e-94
2676	Epidermis	AT1G29050	20.289516	3.0488527	1.5915281477220522e-91	3.24127271979499e-89
2677	Epidermis	AT1G51800	20.203224	4.889462	9.171022615607082e-91	1.851509844056953e-88
2678	Epidermis	AT1G75780	20.161945	2.440812	2.114073701029909e-90	4.231245613518224e-88
2679	Epidermis	AT2G01880	20.071167	2.8224125	1.3187068488606083e-89	2.6167877700851918e-87
2680	Epidermis	AT5G16730	20.033064	2.1479778	2.836570688334744e-89	5.5810730229718435e-87
2681	Epidermis	AT3G46010	19.936853	2.62111	1.949519367848951e-88	3.803528669188999e-86
2682	Epidermis	AT1G47128	19.835554	1.859719	1.4689127099504255e-87	2.818491436935457e-85
2683	Epidermis	AT3G05900	19.682514	1.7299283	3.0451518845366717e-86	5.795023877318681e-84
2684	Epidermis	AT2G17500	19.502335	2.1354017	1.0488570270938296e-84	1.9797815933363775e-82
2685	Epidermis	AT2G19760	19.123072	1.7225895	1.6226223458081943e-81	3.013793840210308e-79
2686	Epidermis	AT3G17810	18.965855	1.8573883	3.2667221580593424e-80	6.019324471719346e-78
2687	Epidermis	AT3G48140	18.948942	1.7603178	4.505471126694732e-80	8.236497885706424e-78
2688	Epidermis	AT4G20830	18.761076	1.3783547	1.5718595216223071e-78	2.851083008867586e-76
2689	Epidermis	AT4G39080	18.651388	1.5874131	1.2303979908466864e-77	2.214430244456397e-75
2690	Epidermis	AT1G51850	18.54299	4.274669	9.291076947659506e-77	1.646648347280998e-74
2691	Epidermis	AT5G36180	18.52367	2.1460261	1.330476042570827e-76	2.340125930330825e-74
2692	Epidermis	AT2G20630	18.46983	1.2968415	3.612254952734822e-76	6.258636062510773e-74
2693	Epidermis	AT2G47730	18.24576	2.9671893	2.2360312506255944e-74	3.8454768552425503e-72
2694	Epidermis	AT2G29750	18.197645	2.1775343	5.3873932407302065e-74	9.196993299267147e-72
2695	Epidermis	AT4G32150	18.181416	1.815816	7.244021800171633e-74	1.2276237528071883e-71
2696	Epidermis	AT3G18200	18.172087	4.0328336	8.586918618510712e-74	1.4342625148630447e-71
2697	Epidermis	AT5G65430	18.000845	1.6597838	1.9186632782736154e-72	3.1592627894807466e-70
2698	Epidermis	AT4G00430	17.9576	2.1896877	4.185160866214415e-72	6.842738016260569e-70
2699	Epidermis	AT4G37010	17.85925	2.282464	2.4491369291159724e-71	3.976336509320666e-69
2700	Epidermis	AT4G15160	17.82389	0.61488706	4.611433619638251e-71	7.434975996329255e-69
2701	Epidermis	AT5G42590	17.542242	1.8535223	6.818413183664049e-69	1.08426780058307e-66
2702	Epidermis	AT1G66200	17.38394	2.982215	1.0918774544957136e-67	1.724497881702516e-65
2703	Epidermis	AT5G40690	17.307669	2.3371258	4.117586784022963e-67	6.4593251597744e-65
2704	Epidermis	AT3G18780	17.242699	1.4312639	1.2696676220829997e-66	1.9783807504631544e-64
2705	Epidermis	AT5G19770	17.148033	1.9695032	6.501649570256329e-66	9.996609143883524e-64
2706	Epidermis	AT5G40890	17.130665	2.5244782	8.764782973293967e-66	1.3387629361247765e-63
2707	Epidermis	AT1G62790	17.08332	1.8074695	1.9754721250177338e-65	2.997682112845538e-63
2708	Epidermis	AT3G61260	17.039368	1.6363777	4.192395823519607e-65	6.320445054198359e-63
2709	Epidermis	AT5G53250	17.01777	2.1253827	6.063495308287397e-65	9.082333585323127e-63
2710	Epidermis	AT5G02270	16.980875	1.3979543	1.1377627582524577e-64	1.6932973050222634e-62
2711	Epidermis	AT5G28050	16.918901	1.3455858	3.264591013732588e-64	4.797089213027183e-62
2712	Epidermis	AT5G60950	16.874565	1.6917621	6.923377592884788e-64	1.0109437583270825e-61
2713	Epidermis	AT3G08030	16.854242	3.1771004	9.765156822868447e-64	1.4169852872283546e-61
2714	Epidermis	AT1G32170	16.78533	1.9928538	3.1248752741059926e-63	4.506225418566387e-61
2715	Epidermis	AT2G45220	16.684496	5.549156	1.6993541012954227e-62	2.4354261833194956e-60
2716	Epidermis	AT1G62660	16.584585	1.287695	9.00866174448464e-62	1.2831539860226986e-59
2717	Epidermis	AT3G51330	16.577562	3.8269274	1.0125421938771385e-61	1.4334263484905808e-59
2718	Epidermis	AT2G25810	16.39076	1.9148121	2.226442556196176e-60	3.1139347486269046e-58
2719	Epidermis	AT5G06860	16.260807	1.1456553	1.872559954411518e-59	2.60330685398636e-57
2720	Epidermis	AT4G15610	16.220566	1.1660304	3.608598358290234e-59	4.9869540526443075e-57
3651	Phloem	AT1G62380	23.701632	9.991469	3.468636767224592e-124	8.053133982465335e-120
3652	Phloem	AT5G04080	22.431011	11.167144	1.9612985362202796e-111	2.2767734057713113e-107
3653	Phloem	AT1G31812	20.45752	5.106325	5.149174616498391e-93	3.984946235708105e-89
3654	Phloem	AT3G59370	20.046099	6.353254	2.1830683416191753e-89	1.2671074421843098e-85
3655	Phloem	AT1G62480	19.222115	14.283989	2.417175180605581e-82	1.1223911233623954e-78
3656	Phloem	AT2G27030	19.128584	4.4236197	1.4598358604404623e-81	5.648834861974369e-78
3657	Phloem	AT5G59090	18.389162	5.8660054	1.6044120751956526e-75	5.321376449973923e-72
3658	Phloem	AT1G54410	17.310411	12.299418	3.9259420834035274e-67	1.1393574668797461e-63
3659	Phloem	AT3G21770	17.19338	4.4756684	2.976562543662392e-66	7.678539175134417e-63
3660	Phloem	AT1G13440	16.742554	3.9606159	6.417390760762148e-63	1.489925612926148e-59
3661	Phloem	AT5G12140	15.415548	3.393915	1.2867411548257484e-53	2.7158426719626726e-50
3662	Phloem	AT3G03270	15.027442	4.4369416	4.8539331157485467e-51	8.668751165256461e-48
3663	Phloem	AT2G46630	14.790973	9.793204	1.6751479628060585e-49	2.670550114703435e-46
3664	Phloem	AT1G01470	14.788984	4.7146535	1.7253844906986916e-49	2.670550114703435e-46
3665	Phloem	AT3G14310	13.64824	3.3270338	2.068128553693505e-42	2.6675411461723392e-39
3666	Phloem	AT4G22212	13.33657	3.9817293	1.4183687341868392e-40	1.6465133450807922e-37
3667	Phloem	AT5G02380	13.242659	7.685933	4.975592773955496e-40	5.500873211091655e-37
3668	Phloem	AT1G79430	12.791722	8.667027	1.8238658082104745e-37	1.9247587486010265e-34
3669	Phloem	AT3G01950	12.525173	5.9668446	5.437265213865951e-36	5.0494794588130314e-33
3670	Phloem	AT2G02130	12.456377	2.747124	1.2910377750082256e-35	1.1528470777833066e-32
3671	Phloem	AT3G15353	12.196658	7.5483093	3.238456760026774e-34	2.5926638137083314e-31
3672	Phloem	AT5G42980	12.138284	4.884333	6.620002913179481e-34	5.1232202545096e-31
3673	Phloem	AT2G32210	12.090593	3.3391423	1.1842790841334736e-33	8.869486289137696e-31
3674	Phloem	AT5G65020	11.934684	2.1023266	7.805451987097105e-33	5.329975846600984e-30
3675	Phloem	AT4G38740	11.804786	3.3037486	3.687291972022155e-32	2.4459387918410962e-29
3676	Phloem	AT5G64240	11.629808	6.039417	2.9074821681865193e-31	1.8244057702374708e-28
3677	Phloem	AT2G36650	11.612086	6.940439	3.5777928851790617e-31	2.129887626030828e-28
3678	Phloem	AT5G43380	11.336335	6.7758055	8.669929009393146e-30	4.909505897831236e-27
3679	Phloem	AT3G03505	10.978773	7.48457	4.834449365748039e-28	2.440030672273309e-25
3680	Phloem	AT1G12080	10.726139	1.6352369	7.67360057220518e-27	3.711624676768493e-24
3681	Phloem	AT5G01750	10.721117	2.6071515	8.101887923007e-27	3.838806773641908e-24
3682	Phloem	AT1G80120	10.664682	3.0807235	1.4890701306076442e-26	6.77877278868974e-24
3683	Phloem	AT2G18960	10.655021	2.494283	1.6520708255966587e-26	7.291153907989982e-24
3684	Phloem	AT1G10380	10.584271	7.629713	3.5251158373416987e-26	1.4880475344647674e-23
3685	Phloem	AT5G22090	10.164191	7.123384	2.8649011233000856e-24	1.1273628708416625e-21
3686	Phloem	AT1G20440	10.0594225	4.0234256	8.348686044916144e-24	3.1263136113680342e-21
3687	Phloem	AT2G45470	9.683355	3.3301091	3.548756305330082e-22	1.287366799075758e-19
3688	Phloem	AT5G67600	9.6272	2.0362544	6.137932600464299e-22	2.192375095153533e-19
3689	Phloem	AT4G27450	9.601575	5.505252	7.873228711505916e-22	2.7695871362883766e-19
3690	Phloem	AT1G22710	9.568702	4.8278937	1.0825634190678007e-21	3.7513246120144967e-19
3691	Phloem	AT4G26320	9.435844	1.2868413	3.8785594542471595e-21	1.2864073549893756e-18
3692	Phloem	AT1G69410	9.395919	3.1024766	5.672045175734141e-21	1.8547587724650642e-18
3693	Phloem	AT5G63850	9.308141	9.246853	1.30089969169341e-20	4.02706508560612e-18
3694	Phloem	AT2G47710	9.161935	2.5929022	5.097511289533415e-20	1.517293841142273e-17
3695	Phloem	AT4G21960	9.0365095	1.8496448	1.617546751914988e-19	4.6943228674012846e-17
3696	Phloem	AT5G50720	9.027602	6.873832	1.7547494201988483e-19	5.0296317640440324e-17
3697	Phloem	AT5G57110	8.908196	2.3428495	5.186957618966492e-19	1.4509107836089765e-16
3698	Phloem	AT5G45350	8.84864	2.983812	8.859214194751757e-19	2.4198161877594297e-16
3699	Phloem	AT1G54575	8.838621	7.0045547	9.690678707812208e-19	2.58428202737977e-16
3700	Phloem	AT1G70670	8.800791	3.4196875	1.358554137759159e-18	3.5439945411634153e-16
3701	Phloem	AT4G34870	8.610798	2.1808388	7.255352687356391e-18	1.8309513406777535e-15
3702	Phloem	AT5G54660	8.584204	7.362891	9.146788333939777e-18	2.259159412224253e-15
3703	Phloem	AT5G11100	8.500795	6.3101697	1.8829593646110807e-17	4.553819538351611e-15
3704	Phloem	AT2G45820	8.455239	1.4509981	2.7851559382070463e-17	6.598261777280917e-15
3705	Phloem	AT5G53120	8.439346	3.5561287	3.191177965064592e-17	7.483795839889357e-15
3706	Phloem	AT1G78520	8.303254	4.2206383	1.0129754399181121e-16	2.3057108616253736e-14
3707	Phloem	AT5G09220	8.263163	8.429969	1.4186299521660188e-16	3.19770209703286e-14
3708	Phloem	AT4G26840	8.221622	3.425059	2.00767584056152e-16	4.397378300973284e-14
3709	Phloem	AT3G21600	8.142525	8.617833	3.8711801412247466e-16	8.24561370080871e-14
3710	Phloem	AT4G36410	8.134927	8.604062	4.12186090296801e-16	8.621373385964711e-14
3711	Phloem	AT2G38640	8.124342	6.813447	4.4979456952453975e-16	9.324000464867178e-14
3712	Phloem	AT1G62570	8.090369	2.060828	5.94842535385205e-16	1.2114437845647635e-13
3713	Phloem	AT3G05490	8.015295	1.8759013	1.0987303024770372e-15	2.1617984264923198e-13
3714	Phloem	AT4G27960	7.984521	1.7171617	1.410692958901716e-15	2.7293382022350954e-13
3715	Phloem	AT3G49220	7.867058	3.360288	3.630787212692007e-15	6.798063444925027e-13
3716	Phloem	AT5G63990	7.8380566	2.4261093	4.5757257231906125e-15	8.498769929225315e-13
3717	Phloem	AT4G14130	7.802894	2.226124	6.050325764350986e-15	1.11484454976934e-12
3718	Phloem	AT5G02600	7.7326827	8.639327	1.053035921363849e-14	1.8662851134583575e-12
3719	Phloem	AT4G00670	7.694583	8.332346	1.4195645460565653e-14	2.478047373368066e-12
3720	Phloem	AT1G05340	7.6662683	3.6232162	1.7707265318257045e-14	3.0679819320445806e-12
3721	Phloem	AT3G15650	7.6266575	8.336321	2.4091864178757522e-14	4.082779639694988e-12
3722	Phloem	AT2G15310	7.5531654	8.056658	4.248052990637412e-14	7.146887411857159e-12
3723	Phloem	AT5G25890	7.4833856	1.490944	7.2432046706441e-14	1.1759823974709376e-11
3724	Phloem	AT5G57350	7.429612	7.2085953	1.0891670501515525e-13	1.7202171022699725e-11
3725	Phloem	AT5G19110	7.426427	2.6875806	1.1157044220716017e-13	1.74401815424243e-11
3726	Phloem	AT4G37180	7.426006	3.7857254	1.1192604771595041e-13	1.74401815424243e-11
3727	Phloem	AT5G58690	7.416196	4.4787536	1.205320463030805e-13	1.86559501267908e-11
3728	Phloem	AT5G09810	7.4111958	1.4543359	1.2516582055097015e-13	1.924486659425082e-11
3729	Phloem	AT3G61850	7.3742356	2.9266598	1.6529089315261147e-13	2.5082082786432554e-11
3730	Phloem	AT5G42146	7.316003	8.733762	2.5546603547306445e-13	3.8265515777923464e-11
3731	Phloem	AT1G12010	7.3079624	5.525103	2.7122326048044085e-13	4.036532332419484e-11
3732	Phloem	AT1G31770	7.2967587	4.8982677	2.9478328028206647e-13	4.359225107203017e-11
3733	Phloem	AT1G78580	7.219982	5.7044554	5.199437165165047e-13	7.592159287021189e-11
3734	Phloem	AT3G15450	7.149675	2.205412	8.698354962946976e-13	1.2466031307082714e-10
3735	Phloem	AT3G53620	7.1346984	2.0076077	9.699955364068432e-13	1.3731942907779072e-10
3736	Phloem	AT2G24940	7.063779	2.1347864	1.6203426126820704e-12	2.212911437567037e-10
3737	Phloem	AT3G03990	7.015579	2.8833623	2.289979727356029e-12	3.0910732168619143e-10
3738	Phloem	AT5G27690	6.988475	9.773998	2.778901137620485e-12	3.707916535180161e-10
3739	Phloem	AT1G23530	6.9572763	7.701757	3.469144988626035e-12	4.6024650971960377e-10
3740	Phloem	AT2G33830	6.9211793	2.4338238	4.478985856906616e-12	5.875062974000051e-10
3741	Phloem	AT3G25585	6.8516297	2.1683047	7.30133836831624e-12	9.417509605399896e-10
3742	Phloem	AT5G11070	6.8146873	2.4770944	9.446911223053917e-12	1.2051040542068286e-09
3743	Phloem	AT5G26667	6.758044	1.4576718	1.3986737969408225e-11	1.7552978131662204e-09
3744	Phloem	AT3G43270	6.7484283	5.6001043	1.494550160849346e-11	1.855559951039533e-09
3745	Phloem	AT1G07640	6.687662	6.043774	2.2676381913943985e-11	2.756427009926898e-09
3746	Phloem	AT4G29350	6.656934	0.7273254	2.7959865031715034e-11	3.3809593043819166e-09
3747	Phloem	AT3G59690	6.6491413	2.4825892	2.948077408783126e-11	3.5100263179342474e-09
3748	Phloem	AT2G16600	6.6449833	2.2845452	3.0325172203305264e-11	3.592140423694583e-09
3749	Phloem	AT5G66440	6.641586	5.982559	3.1032594281834665e-11	3.6572778753368298e-09
3750	Phloem	AT1G18880	6.581938	4.438265	4.6435578578236714e-11	5.390474139254609e-09
3751	Phloem	AT2G21060	6.5385475	2.5882862	6.211916623990183e-11	7.06970922839118e-09
3752	Phloem	AT2G16740	6.5310698	6.366222	6.530155430025345e-11	7.395639932629191e-09
3753	Phloem	AT1G65960	6.5185986	1.3310627	7.096721151564132e-11	7.998280338634197e-09
3754	Phloem	AT4G34600	6.494959	3.21203	8.305605232497839e-11	9.315518680333446e-09
3755	Phloem	AT1G27530	6.4844027	2.6007292	8.908414458104536e-11	9.943589349702548e-09
3756	Phloem	AT1G69295	6.4778485	2.4826877	9.303975159851749e-11	1.0286209108870385e-08
3757	Phloem	AT5G11740	6.4118657	1.1872747	1.4374936393708156e-10	1.5794210871880884e-08
3758	Phloem	AT2G03500	6.3947268	7.9883924	1.6083451456832862e-10	1.7449041704359276e-08
3759	Phloem	AT5G54940	6.3907847	5.623756	1.6503671253029228e-10	1.7821662115422308e-08
3760	Phloem	AT5G65280	6.388435	3.4364758	1.6759226370256819e-10	1.8013840677696877e-08
3761	Phloem	AT2G32190	6.228721	1.7497523	4.70258116508146e-10	4.8524367515420554e-08
3762	Phloem	AT1G76180	6.1902533	1.2797956	6.006759468097588e-10	6.14356539959567e-08
3763	Phloem	AT3G59930	6.1592846	2.9735463	7.307434374813508e-10	7.408589689084943e-08
3764	Phloem	AT1G64700	6.1424146	4.806581	8.127637331794404e-10	8.204319823142203e-08
3765	Phloem	AT3G09820	6.1059003	1.2525535	1.0222278825240368e-09	1.027405400370587e-07
3766	Phloem	AT4G39700	6.0257974	4.6521072	1.6827774342843179e-09	1.6415564576377732e-07
3767	Phloem	AT3G22850	6.005063	1.3860643	1.912574356840085e-09	1.8501766184481773e-07
3768	Phloem	AT1G20823	5.9793954	2.9546425	2.2396706880361247e-09	2.1486956348815993e-07
3769	Phloem	AT5G20830	5.965017	5.554921	2.4460847136611163e-09	2.3274897047979563e-07
3770	Phloem	AT1G48600	5.951686	1.5664915	2.6539407390832118e-09	2.5038933387741244e-07
3771	Phloem	AT5G06850	5.923357	6.5052147	3.1543457091792214e-09	2.9530017875005637e-07
3772	Phloem	AT5G10625	5.9183745	5.2976456	3.2513899700986842e-09	3.03162734681852e-07
3773	Phloem	AT5G62680	5.867885	4.2420216	4.413888913449186e-09	4.082759318866524e-07
3774	Phloem	AT2G31085	5.830925	3.8479674	5.512097696099366e-09	5.038361110643267e-07
3775	Phloem	AT5G40980	5.8301253	3.4817011	5.5385821364409216e-09	5.042716135754858e-07
3776	Phloem	AT5G59880	5.8248734	1.1134828	5.71558978973632e-09	5.183548755793287e-07
3777	Phloem	AT1G19835	5.7838826	1.7387357	7.299595620037179e-09	6.543425154841822e-07
3778	Phloem	AT2G23120	5.755621	0.910831	8.632392799885396e-09	7.620466297906436e-07
3779	Phloem	AT3G05900	5.753993	1.0913082	8.715977569541163e-09	7.66510800121353e-07
3780	Phloem	AT5G41380	5.717518	7.559079	1.0809146320745426e-08	9.329217476905077e-07
3781	Phloem	AT5G59890	5.6223288	2.1687167	1.8840053143667004e-08	1.584670854837562e-06
3782	Phloem	AT5G42300	5.62172	1.082085	1.8906569616660407e-08	1.584670854837562e-06
3783	Phloem	AT1G76160	5.5957623	1.5710179	2.196547594046744e-08	1.8213301961065446e-06
3784	Phloem	AT1G15270	5.580269	1.0671834	2.4014715256941564e-08	1.9563145407733763e-06
3785	Phloem	AT3G23820	5.5419993	1.434986	2.990376016543717e-08	2.3940537922791547e-06
3786	Phloem	AT3G43430	5.536882	2.9589648	3.079038351446299e-08	2.448151828956463e-06
3787	Phloem	AT4G36990	5.495643	1.4346627	3.892886637309116e-08	3.0637677646917203e-06
3788	Phloem	AT3G09980	5.360794	1.4434515	8.285702666458396e-08	6.327932855498834e-06
3789	Phloem	AT5G65670	5.348199	0.93595654	8.883379095249193e-08	6.762144670636082e-06
3790	Phloem	AT4G27435	5.3427277	4.042073	9.155819213966082e-08	6.946753421263089e-06
3791	Phloem	AT3G02470	5.2808113	1.127459	1.2861304807797492e-07	9.570542106494692e-06
3792	Phloem	AT4G17220	5.24159	1.4720548	1.591989312232888e-07	1.1733719321305067e-05
3793	Phloem	AT5G17650	5.2011757	2.247962	1.9803177439489183e-07	1.4367824081644387e-05
3794	Phloem	AT2G39830	5.1107817	6.7167563	3.208283561431103e-07	2.277881328616083e-05
3795	Phloem	AT4G02940	5.100682	1.5856607	3.3843210886965986e-07	2.388260872834922e-05
3796	Phloem	AT5G60200	4.9481487	3.6281173	7.492273357868993e-07	5.071373485412374e-05
3797	Phloem	AT5G60390	4.9048433	0.9474539	9.350204639165393e-07	6.292281191521824e-05
3798	Phloem	AT4G27350	4.890652	1.9175278	1.005024358582469e-06	6.724394966342703e-05
3799	Phloem	AT1G61340	4.889042	1.5912741	1.0132789962362887e-06	6.740773196452125e-05
3800	Phloem	AT4G16980	4.865331	3.8730145	1.1426519041636136e-06	7.558105201984791e-05
3948	Root cap	AT2G43610	65.6341	25.671646	0.0	0.0
3949	Root cap	AT1G28290	65.10364	12.555764	0.0	0.0
3950	Root cap	AT1G52070	58.025227	25.733034	0.0	0.0
3951	Root cap	AT5G10130	57.64952	8.153049	0.0	0.0
3952	Root cap	AT5G26260	54.928288	12.618804	0.0	0.0
3953	Root cap	AT1G54010	53.324127	7.879019	0.0	0.0
3954	Root cap	AT5G60530	51.07274	14.664718	0.0	0.0
3955	Root cap	AT1G17180	48.43062	8.838836	0.0	0.0
3956	Root cap	AT1G25275	46.905643	5.1000013	0.0	0.0
3957	Root cap	AT1G52060	42.99752	9.669478	0.0	0.0
3958	Root cap	AT5G58784	42.695423	6.268177	0.0	0.0
3959	Root cap	AT3G48340	42.51375	6.1342683	0.0	0.0
3960	Root cap	AT4G37160	42.496967	5.760391	0.0	0.0
3961	Root cap	AT3G04320	42.366375	4.9467673	0.0	0.0
3962	Root cap	AT1G78340	41.40907	4.6362514	0.0	0.0
3963	Root cap	AT1G66280	41.12618	4.5890636	0.0	0.0
3964	Root cap	AT5G02260	41.011158	3.5810013	0.0	0.0
3965	Root cap	AT4G19030	40.952534	5.348805	0.0	0.0
3966	Root cap	AT3G16420	40.47144	3.9892855	0.0	0.0
3967	Root cap	AT3G16410	39.637978	4.8505874	0.0	0.0
3968	Root cap	AT1G52050	39.528458	5.6868944	0.0	0.0
3969	Root cap	AT3G09260	38.214233	4.9497414	0.0	0.0
3970	Root cap	AT1G54000	37.661774	5.3434715	2.0994457080836e-310	2.1192535219381133e-307
3971	Root cap	AT2G41800	37.516838	3.949418	4.895889718949784e-308	4.736161316869048e-305
3972	Root cap	AT2G23630	37.241776	6.358566	1.4397207190997792e-303	1.3370398374135829e-300
3973	Root cap	AT5G48180	36.95999	3.146894	5.033651715492393e-299	4.3283811806884034e-296
3974	Root cap	AT1G66270	36.386723	4.2991447	6.903822776698834e-290	5.724501907379172e-287
3975	Root cap	AT5G06860	34.53069	4.543421	2.778639892071707e-261	2.0810220120718974e-258
3976	Root cap	AT3G53990	34.46682	5.434975	2.521016904803152e-260	1.8290765462129617e-257
3977	Root cap	AT3G16450	34.179592	4.556403	4.8608471066946297e-256	3.419826887155431e-253
3978	Root cap	AT2G47140	34.1007	3.1356523	7.201486119584607e-255	4.917555977599877e-252
3979	Root cap	AT1G17860	33.09976	3.119632	2.9956104520020456e-240	1.931919107336986e-237
3980	Root cap	AT5G23820	32.836575	3.3728125	1.7710408642940356e-236	1.1113042093598548e-233
3981	Root cap	AT1G14220	32.75385	4.810889	2.6761653657508564e-235	1.6350666130694113e-232
3982	Root cap	AT3G16460	32.265003	3.0227091	2.167148791136216e-228	1.290120345738706e-225
3983	Root cap	AT3G10720	32.041332	3.8360631	2.899186928841373e-225	1.682760573172754e-222
3984	Root cap	AT1G78380	31.825705	5.173048	2.855158063943901e-222	1.6167854822094036e-219
3985	Root cap	AT5G05410	31.734396	4.3496814	5.213184237068951e-221	2.8817737721911867e-218
3986	Root cap	AT5G24070	31.440155	3.342553	5.722377382849443e-217	3.089684551107338e-214
3987	Root cap	AT5G45280	30.993404	2.6236758	6.614678796034202e-211	3.412733280167246e-208
3988	Root cap	AT5G23210	30.94954	3.6526673	2.577217516442334e-210	1.3007665017226448e-207
3989	Root cap	AT5G60950	30.303865	3.390018	1.0194865696440282e-201	4.830493813760286e-199
3990	Root cap	AT5G26280	30.24122	3.4076774	6.806151743358242e-201	3.160368500510966e-198
3991	Root cap	AT5G12940	30.230051	3.8337636	9.543705655450278e-201	4.344631651031159e-198
3992	Root cap	AT3G15950	30.210674	2.822079	1.7151949579301516e-200	7.65801564197391e-198
3993	Root cap	AT1G76680	30.039904	4.16679	2.9579546111827664e-198	1.2957515510911375e-195
3994	Root cap	AT1G80240	30.010128	3.2077801	7.239210108875145e-198	3.112458168476931e-195
3995	Root cap	AT4G01950	29.603779	4.081668	1.335925226019375e-192	5.538602852230684e-190
3996	Root cap	AT2G38870	29.387913	4.6952457	7.837763006561379e-190	3.192444626725185e-187
3997	Root cap	AT5G14730	29.315521	2.8420517	6.577428372104434e-189	2.6328992157784247e-186
3998	Root cap	AT5G40780	29.093945	3.847355	4.282417571447477e-186	1.6570814792716012e-183
3999	Root cap	AT1G76600	28.882587	2.5663342	1.975653340177785e-183	7.519466163755349e-181
4000	Root cap	AT1G36060	28.84633	3.5585477	5.6333191661236575e-183	2.1094963077402088e-180
4001	Root cap	AT4G21830	28.696716	2.5980346	4.192779712047504e-181	1.4749055541607106e-178
4002	Root cap	AT3G29250	28.659422	2.5808392	1.223382106855855e-180	4.239292891771997e-178
4003	Root cap	AT5G54370	28.65762	0.9058128	1.288315777848975e-180	4.398651090341125e-178
4004	Root cap	AT4G15160	28.624731	5.0067964	3.3081918977756745e-180	1.1131346563863455e-177
4005	Root cap	AT5G60520	28.513203	5.367364	8.036294575997886e-179	2.6654093024420416e-176
4006	Root cap	AT3G53480	28.082972	2.252896	1.5814934194469368e-173	5.029799002643771e-171
4007	Root cap	AT1G11260	27.722713	2.8134913	3.717812705564492e-169	1.1474398784386733e-166
4008	Root cap	AT1G12740	27.692543	2.7079601	8.58625087951457e-169	2.588921904801166e-166
4009	Root cap	AT5G08790	27.649805	2.9625568	2.805824723203682e-168	8.351645204951267e-166
4010	Root cap	AT4G00080	27.6095	2.5803313	8.556978856334467e-168	2.514776938069839e-165
4011	Root cap	AT1G62570	27.568823	2.3464217	2.632455025196122e-167	7.639713539997295e-165
4012	Root cap	AT5G18310	27.467297	3.304949	4.31803893005864e-166	1.2376778992490303e-163
4013	Root cap	AT3G13790	27.254335	2.316579	1.476390935949965e-163	4.129803416861486e-161
4014	Root cap	AT3G03500	27.162836	1.7844907	1.7860135486390902e-162	4.936413876042114e-160
4015	Root cap	AT1G54030	27.02036	3.7858052	8.520927167313782e-161	2.3274160711002834e-158
4016	Root cap	AT3G07390	26.957458	2.8654244	4.6642657072205684e-160	1.2591890340062783e-157
4017	Root cap	AT4G14560	26.670267	3.2130497	1.0417935154669358e-156	2.780151729723661e-154
4018	Root cap	AT4G21990	26.667221	2.4929507	1.1300856263237779e-156	2.981499771177176e-154
4019	Root cap	AT4G17940	26.195925	2.7797074	2.9572257740355816e-151	7.5448253621740765e-149
4020	Root cap	AT5G64310	26.023474	2.4561565	2.686668985577473e-149	6.780042808494802e-147
4021	Root cap	AT2G04160	25.886435	3.6223967	9.467274330762738e-148	2.3634592272829944e-145
4022	Root cap	AT1G66400	25.698353	2.7496867	1.219497018854687e-145	3.0120279028456668e-143
4023	Root cap	AT1G33280	25.510174	2.6089234	1.5201449965336662e-143	3.638474885002281e-141
4024	Root cap	AT5G43580	25.194553	2.5160306	4.5958479309411255e-140	1.0696177830366971e-137
4025	Root cap	AT4G20000	25.165152	3.832082	9.647050623039613e-140	2.217579943713967e-137
4026	Root cap	AT3G49190	25.151155	1.5102674	1.3726659595866813e-139	3.124429959188626e-137
4027	Root cap	AT4G24340	25.148636	3.595422	1.4625884250458408e-139	3.2967879091542993e-137
4028	Root cap	AT5G57090	25.140789	3.5860891	1.7821378615267634e-139	3.9784514164487367e-137
4029	Root cap	AT4G08555	25.022062	2.6706958	3.5177425172430537e-138	7.778231240269712e-136
4030	Root cap	AT4G25900	25.005354	2.511527	5.346218701240347e-138	1.1709732036480862e-135
4031	Root cap	AT1G52910	24.67935	2.6560733	1.7822010024477822e-134	3.8670430536289865e-132
4032	Root cap	AT4G24275	24.399399	3.129113	1.7355344999228425e-131	3.6966884848356544e-129
4033	Root cap	AT5G48000	23.919914	2.0627062	1.9008995056680105e-126	3.975962506585063e-124
4034	Root cap	AT1G55850	23.855574	2.9020452	8.863691849463677e-126	1.837395836330341e-123
4035	Root cap	AT5G62700	23.837078	2.2433736	1.3788022064347056e-125	2.8328894536986334e-123
4036	Root cap	AT5G55110	23.555557	1.4441656	1.101076386499631e-122	2.2229296056836464e-120
4037	Root cap	AT1G30730	23.458178	2.6990192	1.0908332941917763e-121	2.183265223383661e-119
4038	Root cap	AT4G10350	23.23542	2.8516884	1.9975547404424716e-119	3.96386567597033e-117
4039	Root cap	AT3G15810	23.215403	2.2898798	3.182594890964482e-119	6.261890303688337e-117
4040	Root cap	AT1G09070	23.076088	2.156341	8.050070134452954e-118	1.5705754479965902e-115
4041	Root cap	AT5G07440	22.941317	2.0539513	1.799000555386238e-116	3.4806163245335244e-114
4042	Root cap	AT2G22795	22.550154	2.3388507	1.3381888137738327e-112	2.525912982876998e-110
4043	Root cap	AT5G56980	22.509552	2.3546176	3.3463437874384597e-112	6.265489009109574e-110
4044	Root cap	AT1G76240	22.253534	2.7052093	1.0424452937390799e-109	1.9361961907792172e-107
4045	Root cap	AT1G01720	22.240896	1.5462147	1.3816836089340052e-109	2.5459165356048253e-107
4046	Root cap	AT5G44585	22.168758	4.35077	6.878271475792821e-109	1.2574238492400152e-106
4047	Root cap	AT5G06320	22.078558	1.4435402	5.0803483389689076e-108	9.214878702018838e-106
4048	Root cap	AT1G33590	22.013203	2.370943	2.1523340632270976e-107	3.873700771003374e-105
4049	Root cap	AT2G45790	21.709545	2.356806	1.667021146979149e-104	2.9771715361088387e-102
4050	Root cap	AT3G13435	21.62011	2.0794184	1.1620019108274235e-103	2.05940445524277e-101
4051	Root cap	AT3G47380	21.489714	3.8927016	1.94309491558261e-102	3.4176389890213227e-100
4052	Root cap	AT5G44417	21.405136	3.8925202	1.1966894218003063e-101	2.0889878425517077e-99
4053	Root cap	AT2G38750	21.31939	2.0337274	7.503200404207779e-101	1.3000134610782984e-98
4054	Root cap	AT3G20940	21.26397	3.2386014	2.448040813411175e-100	4.210086189997574e-98
4055	Root cap	AT4G21960	21.260656	2.5666585	2.6271570212755946e-100	4.484904747276138e-98
4056	Root cap	AT5G35735	21.08429	1.7757825	1.1086439689953322e-98	1.8787873743185858e-96
4057	Root cap	AT5G15265	20.837654	3.1035392	1.972726090442237e-96	3.318897220420103e-94
4058	Root cap	AT4G15300	20.831318	3.8241806	2.251821586656427e-96	3.7611900559282205e-94
4059	Root cap	AT5G04970	20.818615	2.2398164	2.9355358167965676e-96	4.868166789897565e-94
4060	Root cap	AT5G36880	20.775095	2.195037	7.272156077948875e-96	1.1974301252605605e-93
4061	Root cap	AT3G59480	20.64505	2.5686948	1.0815196260658896e-94	1.7682845886177293e-92
4062	Root cap	AT2G17080	20.540829	3.3877149	9.296334623916895e-94	1.5093216850592903e-91
4063	Root cap	AT3G22060	20.362135	3.201241	3.624465685941008e-92	5.843695821561972e-90
4064	Root cap	AT1G78850	20.330502	1.9219127	6.909341230810384e-92	1.1063046576256874e-89
4065	Root cap	AT1G22190	20.22522	1.9020189	5.872879953182976e-91	9.339085881715696e-89
4066	Root cap	AT1G33750	20.069687	4.1424813	1.35858079238116e-89	2.131227720048202e-87
4067	Root cap	AT1G22360	20.006086	2.6338263	4.874524973236691e-89	7.59542592641854e-87
4068	Root cap	AT3G30775	19.958029	2.4690592	1.2764979140253565e-88	1.9757634713284466e-86
4069	Root cap	AT2G17280	19.887295	3.5340242	5.242812226835968e-88	8.061084203341104e-86
4070	Root cap	AT2G44490	19.856653	2.3027039	9.653442768964814e-88	1.474499873467474e-85
4071	Root cap	AT2G43290	19.797985	1.8874862	3.098416079156337e-87	4.7016945169786064e-85
4072	Root cap	AT1G54410	19.740631	2.0213697	9.65642710610986e-87	1.4558004423542378e-84
4073	Root cap	AT2G45400	19.579586	1.8217446	2.308859555512386e-85	3.4362046346366066e-83
4074	Root cap	AT5G54940	19.528208	1.3986182	6.321829992266467e-85	9.348657766270737e-83
4075	Root cap	AT5G38200	19.422142	2.5197012	5.015366917430774e-84	7.369732514050017e-82
4076	Root cap	AT5G48010	19.38638	1.6034212	1.005734454444069e-83	1.4685620647061605e-81
4077	Root cap	AT1G07175	19.347925	3.7746754	2.12215538490197e-83	3.079380098204315e-81
4078	Root cap	AT1G66800	19.32177	3.3572145	3.5235632226719e-83	5.08115325097972e-81
4079	Root cap	AT5G13870	19.303473	4.9865446	5.021868453554987e-83	7.197081474455934e-81
4080	Root cap	AT1G53180	19.295183	1.8393049	5.8955322451113375e-83	8.397335713788339e-81
4081	Root cap	AT2G36950	19.290762	1.7456938	6.421940439444223e-83	9.091353120888812e-81
4082	Root cap	AT2G25980	19.242699	3.3345683	1.6252432586847757e-82	2.2868650143566328e-80
4083	Root cap	AT3G20370	19.23047	2.2385678	2.0575332935721845e-82	2.877695811859362e-80
4084	Root cap	AT5G56320	19.197897	4.185542	3.8537687442091e-82	5.3576616128324956e-80
4085	Root cap	AT1G78040	19.185497	1.2787244	4.892395916019692e-82	6.761116427513642e-80
4086	Root cap	AT1G54120	19.159542	2.7845752	8.057896274087181e-82	1.1069833005649827e-79
4087	Root cap	AT4G16500	18.957994	2.0549338	3.793396019017328e-80	5.150366980907913e-78
4088	Root cap	AT5G41810	18.85193	2.7003396	2.833117172307713e-79	3.824214034271406e-77
4089	Root cap	AT2G38120	18.824263	2.8901358	4.778105771199545e-79	6.412328421383805e-77
4090	Root cap	AT4G23590	18.76354	3.7955809	1.5006304835549902e-78	1.990865024954069e-76
4091	Root cap	AT3G04330	18.74588	2.5747747	2.0918004522683797e-78	2.7593938125178962e-76
4092	Root cap	AT3G45310	18.651712	1.8324527	1.2229655857587619e-77	1.6041577403706878e-75
4093	Root cap	AT3G46700	18.492346	2.5209298	2.3797347060696438e-76	3.0866089760234033e-74
4094	Root cap	AT3G23470	18.447138	3.0221584	5.498069108343656e-76	7.091592804911925e-74
4095	Root cap	AT3G50640	18.40901	2.3273468	1.1123683307626535e-75	1.4268428472550568e-73
4096	Root cap	AT1G59590	18.367968	2.3751068	2.371259761463345e-75	3.024919663840356e-73
4097	Root cap	AT2G39350	18.345922	2.527358	3.5582967152880506e-75	4.514370209772823e-73
5628	Cortex	AT1G21310	70.842766	15.357886	0.0	0.0
5629	Cortex	AT2G43150	55.71089	7.5293245	0.0	0.0
5630	Cortex	AT4G30170	54.23094	6.548852	0.0	0.0
5631	Cortex	AT1G12090	53.68151	8.125691	0.0	0.0
5632	Cortex	AT5G40450	53.62584	14.190971	0.0	0.0
5633	Cortex	AT1G13930	51.619793	8.284289	0.0	0.0
5634	Cortex	AT1G13420	47.48083	6.1023774	0.0	0.0
5635	Cortex	AT5G46890	46.942184	14.694149	0.0	0.0
5636	Cortex	AT5G13930	44.493477	5.9495506	0.0	0.0
5637	Cortex	AT3G19450	42.022755	5.5054235	0.0	0.0
5638	Cortex	AT3G51240	40.73778	4.873099	0.0	0.0
5639	Cortex	AT3G44310	40.358612	4.9978676	0.0	0.0
5640	Cortex	AT2G45960	39.79325	5.2739797	0.0	0.0
5641	Cortex	AT1G03870	39.715332	4.0841503	0.0	0.0
5642	Cortex	AT3G53420	39.455112	6.476681	0.0	0.0
5643	Cortex	AT5G46900	38.357697	8.645895	0.0	0.0
5644	Cortex	AT3G26520	37.796623	5.209916	0.0	0.0
5645	Cortex	AT4G34050	37.282116	5.7138777	3.198839980262722e-304	4.125970434542201e-301
5646	Cortex	AT3G61430	36.56147	5.5137897	1.1721444331577029e-292	1.4322988055064415e-289
5647	Cortex	AT5G08640	36.01969	4.3698177	4.1145079924096737e-284	4.7763266029887695e-281
5648	Cortex	AT2G37170	35.96465	4.630645	2.9874538185208723e-283	3.3028435859332904e-280
5649	Cortex	AT4G12520	35.031826	4.393804	7.375073722773206e-269	7.783049391892069e-266
5650	Cortex	AT5G42250	34.724903	5.3058395	3.3165534415356627e-264	3.347844402266673e-261
5651	Cortex	AT4G20260	34.428413	6.662515	9.475894967739492e-260	9.166743894416992e-257
5652	Cortex	AT1G01620	34.18992	5.1974764	3.413996396671632e-256	3.170510173661011e-253
5653	Cortex	AT5G65390	34.05186	4.166143	3.809285691675987e-254	3.401545611678515e-251
5654	Cortex	AT4G35100	33.689457	5.1743197	8.248527083132792e-249	6.83950190318193e-246
5655	Cortex	AT4G22460	33.53764	4.4962125	1.3632842223418373e-246	1.0914265444865667e-243
5656	Cortex	AT4G23400	32.96871	2.8723123	2.2817982713887992e-238	1.7658836822277918e-235
5657	Cortex	AT2G22170	32.423923	3.1855733	1.2630617943139699e-230	9.459517960834657e-228
5658	Cortex	AT2G37040	32.41426	2.9132833	1.7281945137865892e-230	1.2538591258307263e-227
5659	Cortex	AT3G16240	31.953735	4.863112	4.794061049284901e-224	3.372839860037805e-221
5660	Cortex	AT5G60660	30.444838	2.6272888	1.402064392709791e-203	9.574037942806828e-201
5661	Cortex	AT4G12510	30.161953	3.2895818	7.477153746070632e-200	4.95991652921491e-197
5662	Cortex	AT5G40730	29.967794	4.3598924	2.5803013142545516e-197	1.6640793225846646e-194
5663	Cortex	AT5G02270	29.416338	3.2595165	3.394606553476394e-190	2.1300697392449038e-187
5664	Cortex	AT2G30870	28.980228	4.136371	1.1679148491844456e-184	7.13565238250402e-182
5665	Cortex	AT1G75780	28.939976	3.4367123	3.7522419957916835e-184	2.233738523494757e-181
5666	Cortex	AT5G48000	28.479195	2.6600776	2.1206247605352594e-178	1.2308636266336779e-175
5667	Cortex	AT5G47990	28.35074	2.6950536	8.19578196134861e-177	4.641011458454407e-174
5668	Cortex	AT5G48010	27.91704	2.4134471	1.6572498204526875e-171	9.161040257488106e-169
5669	Cortex	AT4G21850	27.9161	2.526957	1.7014509118862199e-171	9.186647865409852e-169
5670	Cortex	AT1G78570	27.630907	3.6298351	4.733899310673601e-168	2.4978850067252045e-165
5671	Cortex	AT5G10430	27.548878	3.6851645	4.5645092068523825e-167	2.3549824501220394e-164
5672	Cortex	AT5G42590	27.436047	3.0985377	1.0194375183010578e-165	5.1452784483468816e-163
5673	Cortex	AT2G45180	27.426292	5.9796762	1.3326743917839299e-165	6.58312794766968e-163
5674	Cortex	AT4G24220	27.192501	2.8453114	7.966305777922541e-163	3.853202525958909e-160
5675	Cortex	AT1G05850	27.118696	2.4726577	5.927381214438227e-162	2.8084899929716794e-159
5676	Cortex	AT5G56540	26.964281	3.5073235	3.879424927921888e-160	1.8013721710312492e-157
5677	Cortex	AT5G04120	26.779438	2.9504838	5.6095024771405855e-158	2.553643510034764e-155
5678	Cortex	AT3G23090	26.266815	2.8804677	4.593420728980483e-152	2.050874020475767e-149
5679	Cortex	AT2G36830	26.239237	4.1079125	9.4844595976601e-152	4.1547301599787646e-149
5680	Cortex	AT5G54160	26.042988	2.4516351	1.615345012315734e-149	6.945086139061926e-147
5681	Cortex	AT2G43535	25.865267	3.019877	1.6385564533567332e-147	6.793279495997013e-145
5682	Cortex	AT2G23910	25.433737	5.0653615	1.0684567358755921e-142	4.276958627038556e-140
5683	Cortex	AT3G01190	25.222988	1.9071996	2.241715979391415e-140	8.821342354835675e-138
5684	Cortex	AT1G17170	25.073168	2.0206416	9.759778083411178e-139	3.776546129375955e-136
5685	Cortex	AT3G23810	24.941557	3.3457012	2.6368969407434456e-137	1.0036202667744357e-134
5686	Cortex	AT4G29350	24.853289	2.4227827	2.382651191483881e-136	8.92226011494859e-134
5687	Cortex	AT3G23530	24.727125	3.6160305	5.4645943367697585e-135	1.994387262266873e-132
5688	Cortex	AT1G72160	24.726881	2.6270287	5.497729456220867e-135	1.994387262266873e-132
5689	Cortex	AT5G28050	24.134079	2.1352856	1.0973147055813454e-128	3.9194393106895535e-126
5690	Cortex	AT5G51040	24.116705	2.1348095	1.6698856169093118e-128	5.874202176936893e-126
5691	Cortex	AT1G62660	23.946365	1.863777	1.0082119265935579e-126	3.493680044734721e-124
5692	Cortex	AT3G17020	23.899588	2.930265	3.09312134339414e-126	1.0560735033762022e-123
5693	Cortex	AT5G15970	23.762486	1.9635584	8.162849042689114e-125	2.7466212496248285e-122
5694	Cortex	AT2G15970	23.761833	2.130945	8.290687721319615e-125	2.749784240369678e-122
5695	Cortex	AT1G11670	23.753181	1.9823897	1.0186137548765712e-124	3.3308669784463877e-122
5696	Cortex	AT1G29025	23.58717	3.6477873	5.219489815859044e-123	1.6830679868722143e-120
5697	Cortex	AT3G02780	23.426168	2.1406202	2.3132555406583838e-121	7.357103272255575e-119
5698	Cortex	AT5G57785	23.42008	5.761147	2.668563545344339e-121	8.372437815170206e-119
5699	Cortex	AT1G04250	23.40494	2.0500128	3.806306520466196e-121	1.1782802464755157e-118
5700	Cortex	AT1G22440	23.312166	3.2698977	3.337036543583264e-120	1.0194207556891137e-117
5701	Cortex	AT5G24165	23.296188	2.7925496	4.845684488459174e-120	1.4423366252379057e-117
5702	Cortex	AT3G09260	23.16927	2.9864697	9.296355263359658e-119	2.732069368980015e-116
5703	Cortex	AT3G55120	23.03406	4.0720434	2.1252192230964028e-117	6.167651837828648e-115
5704	Cortex	AT4G23100	23.006306	2.1618226	4.030788655643258e-117	1.15534345948234e-114
5705	Cortex	AT4G14880	22.99054	2.333293	5.79656833752841e-117	1.641206427956062e-114
5706	Cortex	AT5G41790	22.950285	2.8014312	1.4638462477331041e-116	4.0947130522433105e-114
5707	Cortex	AT2G25160	22.930502	2.86077	2.306521466077833e-116	6.3750605807058394e-114
5708	Cortex	AT2G30490	22.77174	1.977172	8.740604089144686e-115	2.3874188839726135e-112
5709	Cortex	AT3G57020	22.55205	2.3121994	1.2820943697573019e-112	3.4612075561227067e-110
5710	Cortex	AT5G44110	22.40105	2.3976667	3.84414224276375e-111	1.0258557523016781e-108
5711	Cortex	AT3G11340	22.375431	2.4982224	6.82946807311383e-111	1.8018154574259518e-108
5712	Cortex	AT4G17340	22.338675	3.4755316	1.555884010187577e-110	4.058759445452244e-108
5713	Cortex	AT3G09940	22.281446	2.1419058	5.592325690517392e-110	1.4426336172971366e-107
5714	Cortex	AT3G45070	22.199104	2.2939842	3.5036020103199827e-109	8.938805260835058e-107
5715	Cortex	AT2G06850	22.178719	2.9929988	5.512676652901334e-109	1.3911718896783724e-106
5716	Cortex	AT1G13440	22.154514	1.8134756	9.43733978986323e-109	2.3559862139919853e-106
5717	Cortex	AT4G32410	22.057726	2.3861485	8.053181419746678e-108	1.989050138534666e-105
5718	Cortex	AT2G34070	21.739426	2.9234922	8.697952120355698e-105	2.125687940824192e-102
5719	Cortex	AT4G37010	21.595682	2.6795435	1.9720887512718264e-103	4.720204591575051e-101
5720	Cortex	AT1G22530	21.574602	2.3989587	3.1114725874046626e-103	7.371332557323882e-101
5721	Cortex	AT3G05890	21.538815	4.25443	6.741059182378345e-103	1.580880515528061e-100
5722	Cortex	AT1G06640	21.163986	3.1058333	2.051286547398824e-99	4.715318789203812e-97
5723	Cortex	AT1G72150	20.997889	1.8205832	6.856508945866447e-98	1.530649694194051e-95
5724	Cortex	AT2G41660	20.944601	2.126774	2.1015231984919098e-97	4.646768009465397e-95
5725	Cortex	AT2G04780	20.931234	2.6558647	2.782003275509672e-97	6.093374532783779e-95
5726	Cortex	AT5G15180	20.89684	3.8826685	5.720910012256815e-97	1.2413305397623033e-94
5727	Cortex	AT3G24170	20.85868	2.225484	1.2713048642844522e-96	2.732952317971493e-94
5728	Cortex	AT4G35060	20.827105	2.4654388	2.458849405433851e-96	5.237349233574102e-94
5729	Cortex	AT5G47770	20.791317	2.1578574	5.186826259515625e-96	1.094750411519766e-93
5730	Cortex	AT5G49360	20.511112	4.23325	1.7132877702110772e-93	3.583549744233386e-91
5731	Cortex	AT4G12730	20.487917	2.351219	2.7594452831749855e-93	5.669561162785278e-91
5732	Cortex	AT1G51680	20.419617	2.4271436	1.1193975936157363e-92	2.27974157289268e-90
5733	Cortex	AT1G30360	20.390226	2.2554946	2.0419761539938773e-92	4.1224835101979e-90
5734	Cortex	AT1G75750	20.313726	5.598643	9.724015443534347e-92	1.9462281599356632e-89
5735	Cortex	AT4G00430	20.038269	2.1918912	2.5549479413435403e-89	5.069933876425041e-87
5736	Cortex	AT5G20280	19.915073	2.6798403	3.0120573622786173e-88	5.876549225211988e-86
5737	Cortex	AT1G47128	19.848904	1.7206084	1.1263295885137856e-87	2.1791661713770468e-85
5738	Cortex	AT1G17300	19.823387	3.5292425	1.8708358148701802e-87	3.5896855465984273e-85
5739	Cortex	AT5G19250	19.811089	2.2433474	2.38862081230303e-87	4.5456237212491345e-85
5740	Cortex	AT5G05270	19.771294	3.604208	5.261000905229596e-87	9.930460001358986e-85
5741	Cortex	AT1G65930	19.749168	1.9342781	8.154982987706117e-87	1.5268890324642977e-84
5742	Cortex	AT1G49240	19.62142	1.5617365	1.0147820523337974e-85	1.884815592722702e-83
5743	Cortex	AT3G21510	19.577963	2.6160161	2.3836257792105165e-85	4.392114263169092e-83
5744	Cortex	AT4G38920	19.552982	1.6631812	3.891023489352514e-85	7.057647840023227e-83
5745	Cortex	AT1G55330	19.54786	1.444309	4.3019084181251456e-85	7.742434708807093e-83
5746	Cortex	AT3G17810	19.406498	1.6559526	6.800690070594291e-84	1.2052795524350202e-81
5747	Cortex	AT1G19450	19.367123	3.0681098	1.4620261983038514e-83	2.571504715607615e-81
5748	Cortex	AT5G20960	19.050488	2.36351	6.5093370167431245e-81	1.1278155038636202e-78
5749	Cortex	AT1G62790	18.90895	1.9268541	9.625292718587993e-80	1.6431648606430692e-77
5750	Cortex	AT2G36880	18.898441	1.61389	1.1747004295770345e-79	1.990731377627008e-77
5751	Cortex	AT5G05170	18.820621	2.1713252	5.118079253233221e-79	8.548665181461561e-77
5752	Cortex	AT4G11150	18.77489	1.6393083	1.2119608624941298e-78	2.0098639531804434e-76
5753	Cortex	AT3G05900	18.760462	1.7674476	1.5901337519391055e-78	2.6183074694163272e-76
5754	Cortex	AT2G30520	18.720377	2.075746	3.3775366658598425e-78	5.522272448680842e-76
5755	Cortex	AT5G49720	18.716648	2.1585343	3.622442657029417e-78	5.881276305472166e-76
5756	Cortex	AT5G47450	18.713413	3.5879705	3.849206849256139e-78	6.20604412633193e-76
5757	Cortex	AT1G06000	18.636015	3.0123572	1.6401379742430214e-77	2.6261436791724293e-75
5758	Cortex	AT1G52760	18.611704	1.7495766	2.582677837724329e-77	4.079049752275221e-75
5759	Cortex	AT5G23750	18.426373	1.907403	8.071618352998653e-76	1.2662078601457414e-73
5760	Cortex	AT2G31570	18.348108	1.77604	3.4181125448376887e-75	5.2905545968997744e-73
5761	Cortex	AT5G24410	18.292147	4.261148	9.55745362468584e-75	1.4695059655915968e-72
5762	Cortex	AT4G25640	18.27415	3.0159636	1.329442867458395e-74	2.030636516696155e-72
5763	Cortex	AT5G53250	18.269342	2.6898408	1.4518989095290904e-74	2.2031854236952218e-72
5764	Cortex	AT1G04410	18.211987	1.7427998	4.146217178312448e-74	6.250826248628578e-72
5765	Cortex	AT1G62510	18.182154	7.510701	7.147055314599456e-74	1.056899256299717e-71
5766	Cortex	AT4G20150	18.151493	1.640551	1.2495698157361232e-73	1.8361558488573147e-71
5767	Cortex	AT5G61820	18.131134	1.051179	1.8099016872624488e-73	2.6427979542875646e-71
5768	Cortex	AT2G29750	18.057184	2.0953538	6.926807431254113e-73	1.005123050821417e-70
5769	Cortex	AT1G08200	18.015388	1.9812511	1.4754107468031167e-72	2.127615609225339e-70
5770	Cortex	AT5G52060	17.809425	2.0366569	5.971953330340678e-71	8.558693856204909e-69
5771	Cortex	AT5G28020	17.756807	2.2418067	1.5267512041072446e-70	2.174636975813368e-68
5772	Cortex	AT1G17745	17.75467	2.3374643	1.5860409785574924e-70	2.2453117926322744e-68
5773	Cortex	AT3G13610	17.639399	3.8077383	1.2276257701819702e-69	1.727381060988776e-67
5774	Cortex	AT4G01150	17.619873	2.9357195	1.7339112814820519e-69	2.4250733868776384e-67
5775	Cortex	AT2G33990	17.609457	2.555589	2.0843234991110881e-69	2.8977089029258763e-67
5776	Cortex	AT1G65960	17.605616	2.0282853	2.2306779381449835e-69	3.0827172434471476e-67
5777	Cortex	AT2G25810	17.599588	2.1401098	2.481248492099383e-69	3.408706878169904e-67
6883	Endodermis	AT3G22600	74.602844	16.523798	0.0	0.0
6884	Endodermis	AT3G22620	74.175934	16.542946	0.0	0.0
6885	Endodermis	AT3G56240	65.49656	11.201693	0.0	0.0
6886	Endodermis	AT2G28670	61.854874	14.252887	0.0	0.0
6887	Endodermis	AT2G32300	61.113716	10.972904	0.0	0.0
6888	Endodermis	AT1G05260	59.83934	12.014016	0.0	0.0
6889	Endodermis	AT2G36100	58.6398	14.530895	0.0	0.0
6890	Endodermis	AT1G75750	54.17227	18.758543	0.0	0.0
6891	Endodermis	AT5G66390	54.158833	12.576122	0.0	0.0
6892	Endodermis	AT3G13520	53.490093	7.453974	0.0	0.0
6893	Endodermis	AT4G34050	52.092175	8.227523	0.0	0.0
6894	Endodermis	AT2G14900	51.644897	9.070987	0.0	0.0
6895	Endodermis	AT5G42180	49.92415	11.4498205	0.0	0.0
6896	Endodermis	AT3G19450	49.717255	5.7539186	0.0	0.0
6897	Endodermis	AT5G15290	49.64737	11.488903	0.0	0.0
6898	Endodermis	AT2G44790	49.28476	5.6578107	0.0	0.0
6899	Endodermis	AT3G32980	48.53286	7.7338696	0.0	0.0
6900	Endodermis	AT2G36830	48.290237	5.0414386	0.0	0.0
6901	Endodermis	AT3G24020	47.616802	10.984203	0.0	0.0
6902	Endodermis	AT1G55330	47.093525	6.74344	0.0	0.0
6903	Endodermis	AT5G40450	46.585	6.522743	0.0	0.0
6904	Endodermis	AT3G11550	45.520416	11.210492	0.0	0.0
6905	Endodermis	AT3G53420	45.43945	5.62268	0.0	0.0
6906	Endodermis	AT3G55230	44.94059	11.235421	0.0	0.0
6907	Endodermis	AT2G27370	44.72117	9.752266	0.0	0.0
6908	Endodermis	AT4G11290	44.428165	8.727424	0.0	0.0
6909	Endodermis	AT1G61590	42.958027	8.232692	0.0	0.0
6910	Endodermis	AT4G13580	42.18437	10.238264	0.0	0.0
6911	Endodermis	AT2G37170	40.270737	4.5781083	0.0	0.0
6912	Endodermis	AT2G39430	39.87106	9.134288	0.0	0.0
6913	Endodermis	AT3G16240	38.86528	5.756238	0.0	0.0
6914	Endodermis	AT5G57620	38.337364	7.977579	0.0	0.0
6915	Endodermis	AT1G02900	38.068577	4.8258705	0.0	0.0
6916	Endodermis	AT1G30750	36.91736	8.663814	2.433741554800183e-298	1.569560491049885e-295
6917	Endodermis	AT3G61430	36.429337	2.978973	1.4615717289901826e-290	9.171165089720288e-288
6918	Endodermis	AT2G30210	36.333363	8.977059	4.8122706521061365e-289	2.9401707297354782e-286
6919	Endodermis	AT4G01070	34.82167	3.9174883	1.143238585109986e-265	6.805787238589371e-263
6920	Endodermis	AT5G55850	34.63266	3.2282288	8.149002799275978e-263	4.729884949769759e-260
6921	Endodermis	AT1G02500	34.421436	3.444913	1.2051217146393118e-259	6.824222158239244e-257
6922	Endodermis	AT5G06200	34.349476	9.149633	1.434076031600932e-258	7.927367434685438e-256
6923	Endodermis	AT5G65020	34.065548	3.8154986	2.3890955639667755e-254	1.2899449234562007e-251
6924	Endodermis	AT4G13940	33.93681	2.746306	1.9094636872986924e-252	1.0075458733639487e-249
6925	Endodermis	AT4G26320	32.885418	6.3623924	3.552306505163967e-237	1.792910872399822e-234
6926	Endodermis	AT3G09270	32.807022	3.475114	4.675579452940505e-236	2.3096367693387173e-233
6927	Endodermis	AT3G17820	32.3752	3.475334	6.133008290456265e-230	2.905919458765777e-227
6928	Endodermis	AT2G40113	32.15142	8.700985	8.437629569788347e-227	3.917928914435521e-224
6929	Endodermis	AT5G04120	31.987268	2.8735294	1.6393501080731995e-224	7.462900286104995e-222
6930	Endodermis	AT2G37040	31.878342	2.205361	5.330544078469231e-223	2.3799854205734637e-220
6931	Endodermis	AT5G01600	31.667418	4.108418	4.366612636495084e-220	1.912823501537856e-217
6932	Endodermis	AT1G71740	31.516834	9.098085	5.107884810130706e-218	2.196106696977863e-215
6933	Endodermis	AT1G44970	30.914948	8.805318	7.521648547965586e-210	3.1750929879657635e-207
6934	Endodermis	AT2G40060	30.70201	3.2804992	5.350678723613721e-207	2.1794159285287677e-204
6935	Endodermis	AT5G11740	30.530615	4.3574743	1.0227900089704377e-204	4.094157868666664e-202
6936	Endodermis	AT4G17280	29.68293	5.1403255	1.2753881211114007e-193	5.018760340312439e-191
6937	Endodermis	AT3G53260	29.509468	4.0815315	2.1765850450937043e-191	8.422295831990088e-189
6938	Endodermis	AT4G20140	29.2411	5.340918	5.827082769021214e-188	2.217825912268287e-185
6939	Endodermis	AT4G17215	29.23692	7.645593	6.5857143481183e-188	2.466137580971977e-185
6940	Endodermis	AT1G20440	29.065037	12.238425	9.935522263177532e-186	3.6614765140348057e-183
6941	Endodermis	AT1G13420	28.988962	2.9450908	9.064475922945017e-185	3.288280273484601e-182
6942	Endodermis	AT4G11190	28.879246	4.60007	2.1761325749936544e-183	7.772810768250411e-181
6943	Endodermis	AT1G72230	28.878447	3.2108085	2.2269600148869555e-183	7.833837979640977e-181
6944	Endodermis	AT3G49780	28.494827	4.37936	1.3577628515868194e-178	4.704952257506147e-176
6945	Endodermis	AT1G61890	28.048145	3.4061031	4.208079331310066e-173	1.4367496740444971e-170
6946	Endodermis	AT5G59490	27.820597	4.25521	2.4443733471558484e-170	8.224784927669179e-168
6947	Endodermis	AT4G23690	27.69927	2.946577	7.125084144633976e-169	2.363186836942386e-166
6948	Endodermis	AT4G13930	27.151966	2.0415423	2.400226697407907e-162	7.848741300523856e-160
6949	Endodermis	AT2G38400	27.125505	3.6619604	4.926479376117539e-162	1.5885843288239013e-159
6950	Endodermis	AT5G65530	26.862871	7.6123495	5.966681475412041e-159	1.8976499152690594e-156
6951	Endodermis	AT4G02090	26.819252	7.8315477	1.9270556769389345e-158	6.046006979931249e-156
6952	Endodermis	AT4G09030	26.70267	3.3776524	4.382482714273449e-157	1.3566413490304888e-154
6953	Endodermis	AT1G45130	26.580753	3.7174678	1.1332207275822623e-155	3.4618402147733395e-153
6954	Endodermis	AT4G34230	26.437098	3.4058008	5.1347713361331067e-154	1.5482335858571733e-151
6955	Endodermis	AT4G13340	26.362476	3.1043835	3.6924473164821553e-153	1.0990711454713615e-150
6956	Endodermis	AT1G17170	26.319685	2.2258892	1.1416296188677487e-152	3.3550904887661415e-150
6957	Endodermis	AT1G32100	26.24224	3.2843688	8.764454724197837e-152	2.5435543166462647e-149
6958	Endodermis	AT1G09560	26.038086	2.4567344	1.835642395704547e-149	5.13471198808102e-147
6959	Endodermis	AT2G37180	26.016539	4.016545	3.218888076849888e-149	8.896776723836173e-147
6960	Endodermis	AT5G21090	25.794176	2.3993957	1.030672794240279e-146	2.815191795750183e-144
6961	Endodermis	AT2G45960	25.752792	2.4888	2.999404984280708e-146	8.097347153493627e-144
6962	Endodermis	AT4G36990	25.68635	3.168313	1.660821982659583e-145	4.4321039047594875e-143
6963	Endodermis	AT2G20290	25.339924	5.578777	1.1605349316233775e-141	3.0274314053370735e-139
6964	Endodermis	AT4G19880	25.010605	2.5279677	4.687353515987871e-138	1.1958932591284658e-135
6965	Endodermis	AT3G45070	24.935156	3.5357163	3.0940951255173287e-137	7.808218100993024e-135
6966	Endodermis	AT3G61260	24.745024	2.020309	3.507335224765757e-135	8.755892678858772e-133
6967	Endodermis	AT3G16340	24.322197	4.5353622	1.1417716400361266e-130	2.790369701759868e-128
6968	Endodermis	AT2G32240	23.95444	3.1060793	8.306599554789527e-127	2.00889918607863e-124
6969	Endodermis	AT4G13660	23.885334	2.6413465	4.350638507567608e-126	1.0202906487898704e-123
6970	Endodermis	AT2G44160	23.8554	2.5767593	8.900445533715982e-126	2.0664164395628397e-123
6971	Endodermis	AT3G14990	23.821726	1.554796	1.9891315354538097e-125	4.572442263230801e-123
6972	Endodermis	AT2G45820	23.794436	1.8711182	3.8135431320712974e-125	8.68029714679405e-123
6973	Endodermis	AT4G25030	23.717121	2.0712411	2.4010143213970407e-124	5.412072766978164e-122
6974	Endodermis	AT2G41430	23.598593	4.696234	3.984455762702789e-123	8.810200899301967e-121
6975	Endodermis	AT2G38240	23.45906	4.54135	1.0684056803773358e-121	2.3401108189925097e-119
6976	Endodermis	AT3G22840	23.35876	3.5379453	1.1227584123721095e-120	2.4361758934619872e-118
6977	Endodermis	AT2G20630	23.124126	3.0191574	2.648210662884296e-118	5.692917311128213e-116
6978	Endodermis	AT1G55210	23.08226	2.2690284	6.979353418286334e-118	1.486602278094989e-115
6979	Endodermis	AT1G22410	22.935848	1.8747066	2.0399438130630864e-116	4.30557959162597e-114
6980	Endodermis	AT4G26140	22.870972	4.2996883	9.039610671092394e-116	1.890744513069839e-113
6981	Endodermis	AT5G41040	22.809612	7.0934296	3.681008263408973e-115	7.563006093058948e-113
6982	Endodermis	AT4G24960	22.667582	3.472641	9.359663587759129e-114	1.9061693817281026e-111
6983	Endodermis	AT1G65930	22.640352	1.5028034	1.7365188961766044e-113	3.505805148915846e-111
6984	Endodermis	AT2G36310	22.501183	2.2136407	4.041500684214828e-112	8.088924257363419e-110
6985	Endodermis	AT3G05920	22.396698	2.5262506	4.238471215736998e-111	8.339371713200498e-109
6986	Endodermis	AT1G51680	21.838865	2.0920725	9.918797400201998e-106	1.9190393270040815e-103
6987	Endodermis	AT1G50740	21.488512	4.1393023	1.9940370184828212e-102	3.7947178244357094e-100
6988	Endodermis	AT2G34590	21.449793	4.4960694	4.5869617722688115e-102	8.658170037948374e-100
6989	Endodermis	AT5G10830	21.44709	2.3530607	4.861331338130916e-102	9.102058844950442e-100
6990	Endodermis	AT2G36410	21.41593	2.2197611	9.49302843185022e-102	1.7492035008116393e-99
6991	Endodermis	AT5G44790	21.388983	2.9883945	1.692094367036435e-101	3.0691683530847584e-99
6992	Endodermis	AT1G01120	21.380613	5.0642734	2.0245294534881566e-101	3.6436821954755454e-99
6993	Endodermis	AT5G06760	21.320616	3.9364676	7.308986259437601e-101	1.305328722964329e-98
6994	Endodermis	AT2G41420	21.03835	2.085942	2.9238440370293035e-98	5.103976466745063e-96
6995	Endodermis	AT4G24220	21.03482	1.8223271	3.1495833559708135e-98	5.457005729520475e-96
6996	Endodermis	AT1G52760	21.028467	1.8214222	3.6009990263023584e-98	6.192918103234212e-96
6997	Endodermis	AT5G18680	21.016039	3.6423259	4.6789874594640365e-98	7.987650871057099e-96
6998	Endodermis	AT4G25570	20.924973	1.9068512	3.172431115193059e-97	5.33727052184328e-95
6999	Endodermis	AT5G51040	20.762383	1.6676027	9.474985482761572e-96	1.5712909853805386e-93
7000	Endodermis	AT3G11660	20.761322	3.5408802	9.686556482254527e-96	1.594984268429102e-93
7001	Endodermis	AT2G40890	20.689936	1.8542031	4.267873939896763e-95	6.977973891731208e-93
7002	Endodermis	AT1G36160	20.66384	1.972685	7.329751224773992e-95	1.1900338054935508e-92
7003	Endodermis	AT5G25770	20.632303	2.6982663	1.4078089626797653e-94	2.26979865878723e-92
7004	Endodermis	AT2G40140	20.570747	3.0133238	5.01876050744375e-94	8.035900875953209e-92
7005	Endodermis	AT2G43150	20.524925	1.9781849	1.2896357116788677e-93	2.0507857752087856e-91
7006	Endodermis	AT5G36180	20.508307	2.184209	1.8150280206271553e-93	2.8666330309456235e-91
7007	Endodermis	AT1G61240	20.497753	6.42915	2.254699126802997e-93	3.536983082904404e-91
7008	Endodermis	AT5G03240	20.49522	3.4543908	2.375068930721045e-93	3.700803715741644e-91
7009	Endodermis	AT5G23920	20.462694	7.224257	4.630752320911874e-93	7.1674784423074e-91
7010	Endodermis	AT5G57560	20.161777	4.407418	2.1212073107298328e-90	3.2400046140272716e-88
7011	Endodermis	AT2G15300	20.120838	7.728978	4.8481917146239295e-90	7.356893270485214e-88
7012	Endodermis	AT4G16380	20.064787	1.8151492	1.499298722713986e-89	2.245756028725846e-87
7013	Endodermis	AT4G22110	20.01357	4.552988	4.194970126172544e-89	6.243244962778715e-87
7014	Endodermis	AT2G23120	20.010977	2.343021	4.419081330097724e-89	6.534892435724768e-87
7015	Endodermis	AT1G43160	19.979277	2.6551805	8.34232898317528e-89	1.2258471645720282e-86
7016	Endodermis	AT2G30490	19.938734	1.4189384	1.877578352629688e-88	2.7416186549058783e-86
7017	Endodermis	AT4G31800	19.910782	3.2854612	3.2814918293517834e-88	4.761649737628772e-86
7018	Endodermis	AT1G61250	19.904911	2.2204332	3.689401997390101e-88	5.320301004559377e-86
7019	Endodermis	AT4G17220	19.830883	3.150728	1.6118657295415638e-87	2.295870346181993e-85
7020	Endodermis	AT1G53470	19.764715	3.8391676	5.993651720120036e-87	8.48503731622115e-85
7021	Endodermis	AT5G41790	19.73942	2.139595	9.890875920254133e-87	1.391736159033577e-84
7022	Endodermis	AT1G01620	19.698645	2.0843241	2.2147096582696948e-86	3.097524947954669e-84
7023	Endodermis	AT3G50970	19.645071	7.4094186	6.3707520195029306e-86	8.856871235736499e-84
7024	Endodermis	AT4G34710	19.588179	3.0887482	1.9504585044609623e-85	2.695463993932748e-83
7025	Endodermis	AT4G17900	19.54883	2.4825459	4.220848768580855e-85	5.798547092316078e-83
7026	Endodermis	AT3G55770	19.391783	1.9785084	9.054288270280853e-84	1.2293181916439214e-81
7027	Endodermis	AT2G16720	19.35367	2.7537098	1.898335880787741e-83	2.562422333967964e-81
7028	Endodermis	AT5G56540	19.334923	0.9418068	2.7307576563867568e-83	3.6647399137763774e-81
7029	Endodermis	AT1G20090	19.248861	1.8970355	1.4430107697020186e-82	1.914421773724101e-80
7030	Endodermis	AT3G22240	19.143589	2.7119274	1.0946242009480559e-81	1.4277466333376973e-79
7031	Endodermis	AT4G35790	19.108152	2.3590424	2.1598110881603624e-81	2.801359443230119e-79
7032	Endodermis	AT2G34310	19.091206	4.677327	2.987935349644882e-81	3.8539386118169575e-79
8869	Root hair	AT1G58270	63.048626	5.9741507	0.0	0.0
8870	Root hair	AT3G28550	61.74128	5.0439	0.0	0.0
8871	Root hair	AT3G54580	61.143635	7.8027844	0.0	0.0
8872	Root hair	AT5G14330	58.520493	6.580125	0.0	0.0
8873	Root hair	AT4G01480	56.22666	5.579554	0.0	0.0
8874	Root hair	AT5G17820	54.218582	3.603202	0.0	0.0
8875	Root hair	AT5G44020	52.37445	4.1656165	0.0	0.0
8876	Root hair	AT3G54590	52.142876	7.266957	0.0	0.0
8877	Root hair	AT3G62680	49.37903	7.4746766	0.0	0.0
8878	Root hair	AT1G30870	48.72623	6.6249743	0.0	0.0
8879	Root hair	AT3G09925	47.308136	6.7812114	0.0	0.0
8880	Root hair	AT1G23720	47.057236	3.6926024	0.0	0.0
8881	Root hair	AT1G01750	45.569313	6.548231	0.0	0.0
8882	Root hair	AT5G40730	44.93724	4.5060897	0.0	0.0
8883	Root hair	AT3G16460	44.82115	3.1853225	0.0	0.0
8884	Root hair	AT4G40090	44.81086	7.533126	0.0	0.0
8885	Root hair	AT2G46140	41.20933	3.2248266	0.0	0.0
8886	Root hair	AT5G05500	40.02096	6.5447216	0.0	0.0
8887	Root hair	AT4G25820	38.979107	6.61864	0.0	0.0
8888	Root hair	AT3G08580	38.613087	3.293054	0.0	0.0
8889	Root hair	AT1G35720	38.50738	3.5118923	0.0	0.0
8890	Root hair	AT2G34910	37.959785	5.2610984	0.0	0.0
8891	Root hair	AT5G15650	37.92607	2.7534797	0.0	0.0
8892	Root hair	AT4G22666	37.67411	1.9841102	1.3186933370187e-310	1.0557276967435505e-307
8893	Root hair	AT1G66270	37.355007	3.081635	2.102671955308533e-305	1.57476563827091e-302
8894	Root hair	AT4G00680	36.964355	6.4873595	4.282843095138019e-299	3.1073365043693557e-296
8895	Root hair	AT2G01540	34.484646	4.2180963	1.3628019876133153e-260	9.58793143830859e-258
8896	Root hair	AT1G12560	34.403927	6.1385045	2.2027075935750978e-259	1.5041253588245014e-256
8897	Root hair	AT1G62980	34.299713	6.2097936	7.925108418027244e-258	5.11103450392607e-255
8898	Root hair	AT5G47450	33.81649	1.7527373	1.1287753740113106e-250	6.719686630364256e-248
8899	Root hair	AT5G57625	33.75319	6.320798	9.598762669491998e-250	5.571361822439893e-247
8900	Root hair	AT4G17340	33.4271	1.8671688	5.538944277721134e-245	3.061849268948847e-242
8901	Root hair	AT4G26010	33.206028	4.3148403	8.811565444107055e-242	4.757630579437988e-239
8902	Root hair	AT4G34580	32.975666	6.0181704	1.8139092362236863e-238	9.571256985773937e-236
8903	Root hair	AT1G45145	32.1002	2.0772605	4.380679147810119e-226	2.260138394993501e-223
8904	Root hair	AT5G39320	31.47583	2.9890623	1.8608233332471493e-217	9.192071346382779e-215
8905	Root hair	AT2G47540	30.525616	6.50282	1.1916534190340244e-204	5.646248455043457e-202
8906	Root hair	AT5G67400	30.46824	6.699618	6.868603315337202e-204	3.1893672634436764e-201
8907	Root hair	AT4G02270	30.386608	6.9667764	8.255966327915698e-203	3.758407259514094e-200
8908	Root hair	AT4G22214	30.123484	5.7983356	2.387162080626123e-199	1.0658219620364748e-196
8909	Root hair	AT3G07880	29.18506	3.6326704	3.000883630996484e-187	1.2902132455712106e-184
8910	Root hair	AT3G18780	28.971758	2.5983953	1.4932866764263256e-184	6.303570321198181e-182
8911	Root hair	AT5G58010	28.95084	5.6699185	2.7388054953984647e-184	1.1354794140476099e-181
8912	Root hair	AT4G37070	28.831913	2.6219158	8.54216830562005e-183	3.4793600272207147e-180
8913	Root hair	AT3G02230	28.672338	2.340217	8.444153721981255e-181	3.3801364993661857e-178
8914	Root hair	AT1G62660	27.757292	2.1169162	1.4228641461085793e-169	5.505772813367148e-167
8915	Root hair	AT5G35190	27.741095	6.2029524	2.2316490065444945e-169	8.493802456548119e-167
8916	Root hair	AT1G35670	27.328224	3.2475204	1.960088934949901e-164	7.339900774634169e-162
8917	Root hair	AT5G65930	27.16038	3.3238068	1.9093421636601403e-162	6.92643703339023e-160
8918	Root hair	AT4G33467	27.093506	2.3891134	1.174376718637883e-161	4.194692965633189e-159
8919	Root hair	AT4G33120	26.886257	2.607477	3.1798497063678145e-159	1.1018891139215156e-156
8920	Root hair	AT1G53680	26.624907	5.971157	3.495293011937731e-156	1.1760901138863523e-153
8921	Root hair	AT5G44610	26.614294	1.8915766	4.6382036184039635e-156	1.5383596201212116e-153
8922	Root hair	AT2G41970	26.403372	5.968961	1.25332839597025e-153	4.098383854822718e-151
8923	Root hair	AT1G49240	26.336107	1.8613966	7.404509781029404e-153	2.3549384052898581e-150
8924	Root hair	AT3G49960	26.230824	6.62601	1.1830643889616513e-151	3.711784583584143e-149
8925	Root hair	AT4G30190	26.112776	1.6764175	2.6105630116729553e-150	8.081258858934801e-148
8926	Root hair	AT3G23190	26.011955	5.0676436	3.6271364615843776e-149	1.1080424635342696e-146
8927	Root hair	AT5G12050	25.913277	4.071488	4.719099624742343e-148	1.4229004673719868e-145
8928	Root hair	AT2G21045	25.8747	2.5657966	1.283259061466403e-147	3.819669952572498e-145
8929	Root hair	AT5G11110	25.722181	2.1360614	6.602706241257692e-146	1.940443427889618e-143
8930	Root hair	AT3G15670	25.140282	2.879591	1.8051091130273436e-139	5.110880277701931e-137
8931	Root hair	AT4G09990	25.042393	5.074026	2.112888116792938e-138	5.83987183423591e-136
8932	Root hair	AT2G47650	24.834486	2.681223	3.804130207276737e-136	1.0269824537481861e-133
8933	Root hair	AT5G04960	24.57759	6.212106	2.1936508498356936e-133	5.787499065981284e-131
8934	Root hair	AT3G24670	24.569124	2.598087	2.701888451734522e-133	7.048285863361843e-131
8935	Root hair	AT5G05370	24.377705	2.1646607	2.948460500046519e-131	7.522462354898904e-129
8936	Root hair	AT1G07590	24.221367	1.013829	1.325065655813011e-129	3.2727712054266676e-127
8937	Root hair	AT4G30670	24.19581	2.6466346	2.4624768182894956e-129	6.018034135813391e-127
8938	Root hair	AT3G54040	24.172892	4.8852954	4.2904940533785424e-129	1.037629171221767e-126
8939	Root hair	AT5G40510	23.855753	3.1758955	8.825748768166643e-126	2.0697718096012624e-123
8940	Root hair	AT1G12040	23.693844	5.8616323	4.173094206261903e-124	9.68867281867826e-122
8941	Root hair	AT3G60330	23.463934	5.156834	9.52800190841016e-122	2.1476856340539678e-119
8942	Root hair	AT3G16390	23.385033	5.693973	6.06909023489199e-121	1.341962552223689e-118
8943	Root hair	AT3G21180	23.324352	4.5982833	2.510256122044981e-120	5.49817135712437e-118
8944	Root hair	AT2G24980	23.233255	6.4993725	2.100860310086633e-119	4.558474188717883e-117
8945	Root hair	AT1G63220	23.198717	1.882514	4.6911161292307873e-119	1.0084596590032518e-116
8946	Root hair	AT1G48930	23.100552	5.432566	4.571234574235133e-118	9.736729643120832e-116
8947	Root hair	AT1G04040	22.862188	1.6475637	1.1054690073761608e-115	2.3332430858411204e-113
8948	Root hair	AT2G29440	22.816284	0.73438764	3.1603296586732525e-115	6.610213845533054e-113
8949	Root hair	AT3G19390	22.788212	1.7047849	6.001662187901017e-115	1.2441124197901598e-112
8950	Root hair	AT2G45750	22.507538	4.176311	3.501855881158617e-112	7.069790260248662e-110
8951	Root hair	AT3G03250	22.14853	2.5652485	1.0778224147141498e-108	2.0853169168682014e-106
8952	Root hair	AT1G07890	22.115517	1.2338592	2.2413246871238088e-108	4.3005648975994603e-106
8953	Root hair	AT3G16420	22.07938	0.63141817	4.988892176046542e-108	9.416838183030291e-106
8954	Root hair	AT2G41110	21.890936	1.7280886	3.169414428904675e-106	5.886743583670387e-104
8955	Root hair	AT1G78900	21.882952	1.5509791	3.776006419869738e-106	6.957741353183787e-104
8956	Root hair	AT1G04280	21.853127	4.3212967	7.258873405826328e-106	1.3270020776619674e-103
8957	Root hair	AT2G19760	21.820086	2.0239477	1.4957803751645463e-105	2.7130885132965053e-103
8958	Root hair	AT1G56220	21.604136	2.4711378	1.6423584245745687e-103	2.888684510859679e-101
8959	Root hair	AT2G04170	21.36966	3.954385	2.5598970275035494e-101	4.33818461952919e-99
8960	Root hair	AT1G70410	21.327116	1.5410628	6.361029971232295e-101	1.0701741510297117e-98
8961	Root hair	AT2G38750	21.24476	1.0071864	3.685780960534523e-100	6.156314860484175e-98
8962	Root hair	AT1G73580	21.19972	5.817345	9.606502100310077e-100	1.581802547963823e-97
8963	Root hair	AT2G44110	21.173166	3.9862323	1.6882350678673455e-99	2.7602643359631097e-97
8964	Root hair	AT5G43830	21.111282	1.631152	6.264867369110121e-99	1.0171428371232845e-96
8965	Root hair	AT1G70460	20.93905	5.766233	2.361157116744497e-97	3.754724984894314e-95
8966	Root hair	AT5G63270	20.899048	4.150034	5.462411788973548e-97	8.627266292829854e-95
8967	Root hair	AT2G17720	20.864456	1.9732245	1.1266802255183684e-96	1.767441540260808e-94
8968	Root hair	AT4G23710	20.739408	1.5519633	1.5279297283831752e-95	2.349267847938555e-93
8969	Root hair	AT4G08400	20.435453	5.897742	8.093900252440748e-93	1.212361820393012e-90
8970	Root hair	AT1G23750	20.402878	4.752204	1.5765650269436356e-92	2.346353219907076e-90
8971	Root hair	AT5G06640	20.229633	6.1529083	5.369986804697808e-91	7.792186477791813e-89
8972	Root hair	AT1G73860	20.119558	5.127573	4.974832943723408e-90	7.173956301517165e-88
8973	Root hair	AT4G29180	19.99817	5.9834347	5.712917139882204e-89	8.137226824334057e-87
8974	Root hair	AT4G34720	19.74746	1.567521	8.435487086642583e-87	1.1869497193368535e-84
8975	Root hair	AT2G03720	19.5992	5.771675	1.5707395947820862e-85	2.1837042617997423e-83
8976	Root hair	AT1G27740	19.537922	5.5846305	5.226636219056436e-85	7.223024589156742e-83
8977	Root hair	AT1G53830	19.521347	1.0931944	7.230641499431313e-85	9.933361165224662e-83
8978	Root hair	AT4G08410	19.47596	6.0844545	1.7560355907210257e-84	2.3982281358688265e-82
8979	Root hair	AT4G19200	19.396873	1.1327636	8.200910077813562e-84	1.112029986836685e-81
8980	Root hair	AT4G33360	19.39664	2.2059753	8.238323544640126e-84	1.112029986836685e-81
8981	Root hair	AT5G15600	19.32966	3.1086628	3.023979594586204e-83	4.0349272556039025e-81
8982	Root hair	AT1G07610	19.23104	2.8703349	2.0350809943133888e-82	2.6845724684644287e-80
8983	Root hair	AT3G15020	18.999584	2.800155	1.7189795866008117e-80	2.2171971701172805e-78
8984	Root hair	AT3G13782	18.864346	4.709079	2.2402720738072645e-79	2.8578239965705086e-77
8985	Root hair	AT3G10920	18.844103	1.8454273	3.2848920104891895e-79	4.167504798225547e-77
8986	Root hair	AT2G43820	18.759277	1.4638085	1.6259480665533874e-78	2.0405208789821622e-76
8987	Root hair	AT1G54970	18.64705	5.591002	1.3343547962489022e-77	1.6478571970484449e-75
8988	Root hair	AT2G44450	18.571968	2.21642	5.417993273942828e-77	6.65553173762596e-75
8989	Root hair	AT4G37640	18.544338	2.5290313	9.061045427286634e-77	1.1072120615016514e-74
8990	Root hair	AT4G17100	18.542015	2.5495512	9.460902140682411e-77	1.1500197120430553e-74
8991	Root hair	AT3G05490	18.522537	1.6506498	1.3588093130762692e-76	1.6345842394658934e-74
8992	Root hair	AT3G06300	18.518167	2.1832056	1.4736592206535468e-76	1.7545613397904305e-74
8993	Root hair	AT4G32470	18.371357	1.5173621	2.2277357329519945e-75	2.6121889147447705e-73
8994	Root hair	AT1G15120	18.365162	1.5266701	2.4970778928950434e-75	2.9132993688112674e-73
8995	Root hair	AT5G24880	18.346865	6.165126	3.497249361235205e-75	4.059781920989888e-73
8996	Root hair	AT4G38920	18.330418	1.316169	4.732531953926903e-75	5.466427580811985e-73
8997	Root hair	AT1G56660	18.128952	0.7596546	1.88312945643237e-73	2.1223600286403075e-71
8998	Root hair	AT4G26970	18.101706	1.4986194	3.089480180144044e-73	3.4651430600195296e-71
8999	Root hair	AT5G17460	18.066797	1.0484376	5.819496301504639e-73	6.495732963078519e-71
9000	Root hair	AT5G08690	17.811104	1.515351	5.795502159968191e-71	6.407341602284833e-69
9001	Root hair	AT1G75220	17.80271	1.6159077	6.7331294028776944e-71	7.408676082777794e-69
9002	Root hair	AT4G13390	17.77797	6.122778	1.0470248387191936e-70	1.1412570742039209e-68
9003	Root hair	AT3G15950	17.703999	1.0862987	3.9055977160177313e-70	4.2372085127469e-68
9004	Root hair	AT3G61560	17.59272	4.8937364	2.8010527216267923e-69	3.0107426406485756e-67
9005	Root hair	AT4G39080	17.463202	1.2631513	2.731745497699821e-68	2.869816073307545e-66
9006	Root hair	AT1G67350	17.30725	1.555093	4.14767138120013e-67	4.318228092256656e-65
9007	Root hair	AT3G01280	17.192858	1.6807892	3.00356160228901e-66	3.0855614920506164e-64
9008	Root hair	AT4G37830	17.082294	1.4802939	2.0105358151802054e-65	2.038367249827023e-63
9009	Root hair	AT4G02620	17.051197	1.4469817	3.424460607405473e-65	3.4567696487883853e-63
9010	Root hair	AT1G70490	16.995924	1.303416	8.803148744091363e-65	8.809599327222809e-63
9011	Root hair	AT1G65610	16.801867	3.1197684	2.3648567607382468e-63	2.3166615786523154e-61
9012	Root hair	AT2G45890	16.797909	4.7269416	2.5279883829557997e-63	2.466063289373311e-61
9013	Root hair	AT3G07070	16.749151	5.7773304	5.744065073884353e-63	5.5566649508488765e-61
9014	Root hair	AT5G40860	16.741516	5.3927455	6.530447263261751e-63	6.291178178885813e-61
9015	Root hair	AT3G12540	16.70785	5.710122	1.1490552155484708e-62	1.1023807826193738e-60
9016	Root hair	AT1G70770	16.705637	1.723168	1.1924659874669114e-62	1.1393202811119045e-60
9017	Root hair	AT5G20080	16.68922	2.2499254	1.570085845890786e-62	1.4878646156753626e-60
9018	Root hair	AT4G25570	16.661224	1.1973438	2.508382245441165e-62	2.3673622192035582e-60
9933	Stele	AT1G62480	69.62542	21.141289	0.0	0.0
9934	Stele	AT1G12080	57.64518	9.745123	0.0	0.0
9935	Stele	AT4G11210	56.84308	8.045453	0.0	0.0
9936	Stele	AT2G02130	52.90126	8.966913	0.0	0.0
9937	Stele	AT1G75750	49.296783	8.488572	0.0	0.0
9938	Stele	AT4G34050	48.9967	7.2647047	0.0	0.0
9939	Stele	AT3G14990	44.541428	4.335513	0.0	0.0
9940	Stele	AT4G13940	42.82467	3.7604961	0.0	0.0
9941	Stele	AT4G26320	42.589153	4.622726	0.0	0.0
9942	Stele	AT5G56540	39.668716	4.33981	0.0	0.0
9943	Stele	AT3G59370	39.48926	6.9848924	0.0	0.0
9944	Stele	AT1G20440	39.350517	7.9874616	0.0	0.0
9945	Stele	AT1G13440	39.331455	3.21664	0.0	0.0
9946	Stele	AT5G17920	38.404697	3.474118	0.0	0.0
9947	Stele	AT1G02500	36.619225	3.5504243	1.4141972771706588e-293	1.9313775402394815e-290
9948	Stele	AT4G14130	35.935036	5.3486266	8.670619971239333e-283	1.0595041256434925e-279
9949	Stele	AT4G22212	34.626957	4.7435327	9.929541914614629e-263	1.0977817839600374e-259
9950	Stele	AT2G37040	34.143295	2.4402492	1.6814053279339352e-255	1.774417613574644e-252
9951	Stele	AT2G30860	32.433456	4.054828	9.268901730985925e-231	8.607843659532008e-228
9952	Stele	AT3G03780	32.132816	3.2741365	1.5351320914948066e-226	1.3708139141628816e-223
9953	Stele	AT2G13820	31.194344	4.8412952	1.2712814474415561e-213	1.0177703919051933e-210
9954	Stele	AT3G19450	30.500683	1.7687197	2.55211899650937e-204	1.9113724755470336e-201
9955	Stele	AT4G21960	29.39502	2.6792314	6.358717453182355e-190	4.100842864181521e-187
9956	Stele	AT4G18510	28.211754	7.2431984	4.1958297561730016e-175	2.632826471596448e-172
9957	Stele	ATCG01130	27.300356	2.6132843	4.200527431907875e-164	2.3786254972342714e-161
9958	Stele	AT1G55330	27.149157	1.8191348	2.5907437057893536e-162	1.398820851565382e-159
9959	Stele	AT4G14010	26.901758	4.2506003	2.0946225731551272e-159	1.0806856062431686e-156
9960	Stele	AT3G14310	26.267815	3.2927814	4.474209556687013e-152	2.1641192349500496e-149
9961	Stele	AT5G03300	26.166891	2.820587	6.331498244365752e-151	2.999967239580401e-148
9962	Stele	AT2G36880	25.933098	2.078765	2.8208009338817813e-148	1.3098107056386662e-145
9963	Stele	AT4G13930	25.05733	1.8233557	1.452587776300173e-138	5.716056000400189e-136
9964	Stele	AT2G40890	24.329977	2.2353523	9.4459556576587e-131	3.5372056855461623e-128
9965	Stele	AT5G60390	23.905354	1.8793199	2.6942413588721027e-126	9.623415635220556e-124
9966	Stele	AT2G45470	23.730148	4.4237137	1.761688275673291e-124	6.197138893379818e-122
9967	Stele	AT1G48600	22.834389	2.9448729	2.088915257021013e-115	6.466446069634248e-113
9968	Stele	AT2G43910	22.612965	3.4931834	3.2309408578384365e-113	9.7419160904461e-111
9969	Stele	AT2G30490	22.446672	1.701418	1.3791556145445934e-111	4.053146316820484e-109
9970	Stele	AT1G22410	22.421066	1.8704796	2.452444157049329e-111	7.117299499276784e-109
9971	Stele	AT5G53250	22.362492	1.790473	9.127174195360728e-111	2.5842146743132928e-108
9972	Stele	AT3G21770	22.016233	4.1874733	2.0131624462222122e-107	5.372366955625414e-105
9973	Stele	AT2G45820	21.830997	1.3896655	1.178226331412551e-105	3.073582105214067e-103
9974	Stele	AT3G09820	21.548002	2.2750626	5.528177856255576e-103	1.3800828525665132e-100
9975	Stele	AT5G09810	21.532366	1.8720922	7.747589162211455e-103	1.9135721019049292e-100
9976	Stele	AT1G52760	21.469381	1.6695175	3.009967214330216e-102	7.204372042794292e-100
9977	Stele	AT3G17820	21.05728	1.4190364	1.961170163888387e-98	4.3781238168266034e-96
9978	Stele	AT3G52920	21.043978	2.515657	2.5965235740549155e-98	5.741284554174569e-96
9979	Stele	AT2G44160	20.77935	1.9970905	6.655267305879829e-96	1.4440686078561867e-93
9980	Stele	AT4G09030	20.615992	1.7657664	1.9723763180784214e-94	4.201161557507038e-92
9981	Stele	AT3G13520	19.828272	0.8943612	1.697732996885398e-87	3.340361609210871e-85
9982	Stele	AT3G16640	19.333622	1.1760938	2.800505826544727e-83	5.160265378959439e-81
9983	Stele	AT3G52590	19.18004	1.7767837	5.433810000270202e-82	9.933603683171124e-80
9984	Stele	AT1G11580	19.089579	2.8928912	3.082426806106972e-81	5.54765140754927e-79
9985	Stele	AT3G12110	18.753912	2.6981626	1.7985876655691703e-78	3.0704271934940754e-76
9986	Stele	AT1G31812	18.750666	1.337071	1.9118272470736968e-78	3.2399192113364973e-76
9987	Stele	AT5G59880	18.295351	1.4027327	9.01176030289208e-75	1.442938199670658e-72
9988	Stele	AT2G32720	17.982237	2.1617236	2.6844385217892327e-72	4.127457560290107e-70
9989	Stele	AT3G57010	17.981268	2.1830344	2.731723282871753e-72	4.1725275959495716e-70
9990	Stele	AT3G11930	17.969038	4.6134853	3.40568199323041e-72	5.1679554795314006e-70
9991	Stele	AT1G15950	17.944822	2.4343607	5.267825761226582e-72	7.890523270864357e-70
9992	Stele	AT3G45700	17.70148	4.7003536	4.084288235942052e-70	5.8897465822277404e-68
9993	Stele	AT4G25810	17.516747	1.8476937	1.0675836406110083e-68	1.5113469136625474e-66
9994	Stele	AT1G65930	17.365946	1.0265616	1.494176899528171e-67	2.0772637770266796e-65
9995	Stele	AT3G05900	17.267727	1.1392646	8.232061012463102e-67	1.137641431704499e-64
9996	Stele	AT2G45290	17.266373	2.6595013	8.42747733780629e-67	1.15775586598727e-64
9997	Stele	AT5G16570	17.189247	4.833105	3.196542552861024e-66	4.365536967633788e-64
9998	Stele	AT5G25890	17.125292	1.3806943	9.61251343494618e-66	1.3051094995271666e-63
9999	Stele	AT1G71880	16.90513	3.6372395	4.124105827729946e-64	5.440304829682168e-62
10000	Stele	AT4G34870	16.760815	1.6857518	4.7210765074421073e-63	6.089401848515745e-61
10001	Stele	AT5G46730	16.3835	5.5496435	2.508826022377722e-60	3.1148349605103512e-58
10002	Stele	AT2G44300	16.322908	5.6783266	6.782554725862181e-60	8.376094312252247e-58
10003	Stele	AT5G20290	16.169395	1.693503	8.290839921941813e-59	9.871201562447336e-57
10004	Stele	AT2G31900	16.147697	4.459636	1.178797026019373e-58	1.3963331914842745e-56
10005	Stele	AT4G11190	16.056305	2.2055652	5.1641058238517664e-58	6.055305298604367e-56
10006	Stele	AT2G35120	16.013617	1.5774089	1.026650805546231e-57	1.1858582961376539e-55
10007	Stele	AT1G72150	15.941082	1.1086283	3.2861403465927427e-57	3.758340907726291e-55
10008	Stele	AT1G72230	15.924021	2.4780824	4.317164633774924e-57	4.913314279527079e-55
10009	Stele	AT3G04400	15.894248	1.5850796	6.945727399910714e-57	7.866290392376929e-55
10010	Stele	AT5G48930	15.795012	1.9248395	3.3672586511788904e-56	3.7766977828222364e-54
10011	Stele	AT3G51950	15.773776	2.8550103	4.714467394197797e-56	5.212180451956679e-54
10012	Stele	AT1G55210	15.756392	1.5836676	6.207740155094793e-56	6.798353923624331e-54
10013	Stele	AT5G57770	15.752689	4.868954	6.582129573709133e-56	7.174521235342955e-54
10014	Stele	AT5G03610	15.729858	3.3492057	9.44219919737193e-56	1.0243903680625425e-53
10015	Stele	AT1G27130	15.524068	3.102567	2.3844363456627102e-54	2.5394247081307864e-52
10016	Stele	AT3G61850	15.502033	3.7032387	3.3608454763717295e-54	3.562956594745317e-52
10017	Stele	AT5G14340	15.299657	3.1596434	7.686056722581461e-53	8.038161212980801e-51
10018	Stele	AT4G39200	15.143558	1.6299269	8.35681367834815e-52	8.62311747423151e-50
10019	Stele	AT5G15200	15.074886	1.7305982	2.3692485269494463e-51	2.412580835534443e-49
10020	Stele	AT1G67430	14.86779	1.4963329	5.334529412970562e-50	5.2702880587633e-48
10021	Stele	AT5G16600	14.792364	4.190933	1.640883362785914e-49	1.6074425752658466e-47
10022	Stele	AT5G12140	14.735126	1.1394411	3.834846390458973e-49	3.740908766692688e-47
10023	Stele	AT4G23100	14.59781	1.0184598	2.900151651047478e-48	2.8055342034320542e-46
10024	Stele	AT1G13670	14.554318	5.0388923	5.482968330972923e-48	5.26025106364456e-46
10025	Stele	AT2G32240	14.496377	1.2125968	1.277149949210234e-47	1.2152291135579507e-45
10026	Stele	AT1G52300	14.394039	1.8776557	5.640315651992132e-47	5.323219857410623e-45
10027	Stele	AT3G19370	14.331943	2.8494651	1.3819934355375474e-46	1.2937799029385178e-44
10028	Stele	AT4G11211	14.249259	4.6466413	4.530640675843371e-46	4.1741224036133155e-44
10029	Stele	AT3G11630	14.186764	3.0980206	1.1064783312813628e-45	1.007415977151349e-43
10030	Stele	AT1G77690	14.132428	4.404405	2.3973194987853558e-45	2.148979413254811e-43
10031	Stele	AT3G06700	14.08574	1.4479274	4.6476656557230677e-45	4.150186674189325e-43
10032	Stele	AT2G18800	14.0577755	6.4406276	6.902150022496861e-45	6.1397401177130126e-43
10033	Stele	AT3G59540	13.959387	1.477202	2.7579765961196177e-44	2.4072158884251564e-42
10034	Stele	AT2G36530	13.901404	0.9678194	6.211056887264918e-44	5.340818805615911e-42
10035	Stele	AT1G62380	13.879625	1.8023547	8.41824931732815e-44	7.185532882367929e-42
10036	Stele	AT1G32100	13.866053	1.4635669	1.0172328675176298e-43	8.619377914290806e-42
10037	Stele	AT4G23690	13.726724	0.8033669	7.02383308136758e-43	5.803285859434559e-41
10038	Stele	AT3G21240	13.666632	1.6677686	1.6066158462815136e-42	1.3180494736084065e-40
10039	Stele	AT4G34600	13.640196	4.35541	2.3093866679402523e-42	1.8812993077041697e-40
10040	Stele	AT1G65960	13.611178	1.3413352	3.436568257681357e-42	2.780028057093661e-40
10041	Stele	AT5G24760	13.540374	2.2356915	9.032825791130333e-42	7.2067050306760465e-40
10042	Stele	AT3G53020	13.372447	1.3473486	8.761098939459537e-41	6.825719264343357e-39
10043	Stele	AT5G59090	13.296565	3.753255	2.423495983708006e-40	1.8631227236340655e-38
10044	Stele	AT3G27030	13.270231	4.327744	3.4451642471788544e-40	2.639814466229421e-38
10045	Stele	AT2G30520	13.181107	1.1947341	1.1272543888981189e-39	8.580808244933649e-38
10046	Stele	AT1G12000	13.152895	2.0199125	1.6378124465725123e-39	1.2345808951972084e-37
10047	Stele	AT5G02960	13.1287365	1.4813724	2.2538444418167744e-39	1.6934468092446617e-37
10048	Stele	AT1G44800	13.127129	6.5730886	2.3022209823042855e-39	1.7242149853599546e-37
10049	Stele	AT3G10340	13.071934	3.614511	4.763897709094526e-39	3.5449811894887052e-37
10050	Stele	AT1G60710	13.0141	1.3512533	1.017341442450292e-38	7.522170786423067e-37
10051	Stele	AT1G48850	12.931836	1.4841944	2.9762642170062816e-38	2.1526456799450106e-36
10052	Stele	AT4G39260	12.887754	1.4003929	5.275751795943772e-38	3.7804669582230416e-36
10053	Stele	AT5G51780	12.790919	1.8200624	1.8428081443768192e-37	1.316445436553742e-35
10054	Stele	AT4G27090	12.678614	1.3737216	7.769349323436587e-37	5.466090401279614e-35
10055	Stele	AT3G23810	12.445025	1.4449717	1.488366775699061e-35	1.0284348640299138e-33
10056	Stele	AT2G22860	12.440342	3.4308062	1.5782748633443792e-35	1.0841067308362855e-33
10057	Stele	AT2G30870	12.268427	0.5691833	1.3382855145137142e-34	8.902858106150402e-33
10058	Stele	AT4G09320	12.152846	1.485555	5.540288053846526e-34	3.573024104059856e-32
10059	Stele	AT1G06550	12.122849	1.3515196	7.993096938745817e-34	5.140601984123591e-32
10060	Stele	AT2G04800	12.100279	3.345046	1.0525244669786576e-33	6.731807314006473e-32
10061	Stele	AT1G14320	12.08572	1.1935965	1.2566413038259814e-33	7.993271548199401e-32
10062	Stele	ATCG00790	12.068321	1.2727083	1.552702300111045e-33	9.849477951278178e-32
10063	Stele	AT1G77020	11.999626	4.3650985	3.569050340234012e-33	2.23953085808684e-31
10064	Stele	AT1G07770	11.953985	1.517363	6.188466364192515e-33	3.8623017090714412e-31
10065	Stele	AT1G33470	11.873605	2.9944842	1.623198487577348e-32	1.0076416921412644e-30
10066	Stele	AT2G44670	11.811945	1.3663538	3.3863680699140626e-32	2.090992220191351e-30
10067	Stele	AT2G34480	11.763663	1.5050627	6.006991288259855e-32	3.68953218887643e-30
10068	Stele	AT4G36990	11.679054	1.1569655	1.630999151033834e-31	9.938820810906174e-30
10069	Stele	AT5G40630	11.67717	2.62773	1.6675557355005485e-31	1.0134984688773885e-29
10070	Stele	AT4G33865	11.659721	1.2291828	2.047107794785944e-31	1.2344857577024744e-29
10071	Stele	AT2G33830	11.657917	2.196592	2.0909446336572396e-31	1.2576544445497444e-29
10072	Stele	AT4G01850	11.602009	0.9410608	4.025180942262743e-31	2.4085728334153118e-29
10073	Stele	AT3G11940	11.568882	1.3116114	5.924949786393303e-31	3.5181472938796243e-29
10074	Stele	AT4G18100	11.53218	1.4737524	9.081455991796338e-31	5.378677646977947e-29
10075	Stele	AT4G17390	11.529155	1.6618629	9.406263452000559e-31	5.542772044799416e-29
10076	Stele	AT3G52930	11.478403	0.6499762	1.6937957897242735e-30	9.930519406572843e-29
10077	Stele	AT5G26730	11.421904	4.032268	3.2503685086727765e-30	1.8865951416463962e-28
10078	Stele	AT1G75500	11.333077	4.7238984	8.998628801111406e-30	5.1713159622624625e-28
10079	Stele	AT2G30400	11.275433	3.736704	1.7352338938546872e-29	9.850103988661191e-28
10080	Stele	AT4G22570	11.273581	4.955734	1.7721305547147992e-29	1.0035013436295973e-27
10081	Stele	AT3G60245	11.271781	1.1297995	1.8087437584928443e-29	1.021742185910666e-27
10082	Stele	AT2G43460	11.251136	1.5073155	2.286287093260284e-29	1.288367170976311e-27
10951	Xylem	AT4G23690	27.984133	6.903822	2.5346887596021062e-172	5.884786893168209e-168
10952	Xylem	AT5G59290	22.439713	6.2475953	1.6128662035232794e-111	9.361478661799994e-108
10953	Xylem	AT5G03170	21.176619	9.5776415	1.5690187826714339e-99	7.285581815456536e-96
10954	Xylem	AT3G56240	20.455713	5.122058	5.343560828276497e-93	2.0676908625015906e-89
10955	Xylem	AT5G56540	20.447521	5.0152116	6.320540915480258e-93	2.0963428347815022e-89
10956	Xylem	AT1G20850	20.353897	12.653207	4.287940813354921e-92	1.244414023295765e-88
10957	Xylem	AT1G12080	18.930597	4.56234	6.383552076019061e-80	1.6467436505437173e-76
10958	Xylem	AT5G15490	18.419573	4.7769966	9.152299210663294e-76	2.124889307739697e-72
10959	Xylem	AT1G55210	17.623692	3.5030487	1.620738570236607e-69	2.8945144142448695e-66
10960	Xylem	AT5G08370	17.18662	5.6716495	3.344653877586223e-66	5.546630648279953e-63
10961	Xylem	AT1G08283	17.093948	7.6765027	1.64637009184841e-65	2.548251628162969e-62
10962	Xylem	AT4G26320	16.28097	1.5623301	1.347168949434618e-59	1.8398365587660896e-56
10963	Xylem	AT4G35350	15.464758	11.24854	5.999838323945413e-54	6.964912318352033e-51
10964	Xylem	AT1G55330	14.989065	1.6260595	8.656293813685004e-51	9.57015111772975e-48
10965	Xylem	AT5G16490	14.802558	10.121454	1.4101558394796761e-49	1.4881630965999835e-46
10966	Xylem	AT5G49460	14.561748	3.2938848	4.918426303466739e-48	4.757962645316137e-45
10967	Xylem	AT2G04780	14.548298	2.6882012	5.987396523768869e-48	5.560375403693673e-45
10968	Xylem	AT3G27200	14.17102	8.163119	1.3847467333626727e-45	1.1482023181600418e-42
10969	Xylem	AT1G62480	13.904538	6.589358	5.944947624613693e-44	4.600794966688537e-41
10970	Xylem	AT2G14890	13.757087	2.3424642	4.61759644426561e-43	3.350210520203583e-40
10971	Xylem	AT3G13520	13.744769	2.2439616	5.474753587493228e-43	3.851738001237281e-40
10972	Xylem	AT5G64030	13.65767	3.2617595	1.8170472568801205e-42	1.2407760636172281e-39
10973	Xylem	AT3G12110	13.349628	3.1950128	1.190414169635564e-40	7.677179382341358e-38
10974	Xylem	AT5G67600	13.315752	1.8458654	1.8747559413670286e-40	1.1763840186680622e-37
10975	Xylem	AT4G11210	13.145697	3.7200744	1.8013961996145755e-39	1.04557538916129e-36
10976	Xylem	AT4G15802	13.108121	3.1817899	2.958377596406286e-39	1.6353488727563035e-36
10977	Xylem	AT3G05880	13.090139	2.6121318	3.7492032999468277e-39	2.024308209648035e-36
10978	Xylem	AT5G26667	13.023497	2.102151	8.995513998132005e-39	4.692043674890232e-36
10979	Xylem	AT4G30670	12.75909	2.3916078	2.7742186428519547e-37	1.4001963963281266e-34
10980	Xylem	AT3G52900	12.733116	8.760075	3.870769736012335e-37	1.9120778927871997e-34
10981	Xylem	AT2G13820	12.419168	3.4244914	2.056877350110354e-35	9.745820701533079e-33
10982	Xylem	AT3G18280	12.321882	6.236005	6.906308516918509e-35	3.083533939178789e-32
10983	Xylem	AT1G75280	12.084465	6.807712	1.2759863999067754e-33	5.386286590297382e-31
10984	Xylem	AT3G62020	11.884322	7.394762	1.4278916638764417e-32	5.618874705121923e-30
10985	Xylem	AT5G45970	11.822449	10.136366	2.9884626263156446e-32	1.1374284720519724e-29
10986	Xylem	AT2G28760	11.491752	5.963488	1.451379373105853e-30	5.029354463492327e-28
10987	Xylem	AT1G70490	11.453909	1.7921098	2.247767289814168e-30	7.674472524649344e-28
10988	Xylem	AT3G51030	11.40723	5.616198	3.847880722894109e-30	1.2762320963347504e-27
10989	Xylem	AT5G02640	11.3245535	7.492087	9.918338872667061e-30	3.1982510223154328e-27
10990	Xylem	AT3G06035	11.243447	4.2230363	2.4944735904915118e-29	7.620288598742293e-27
10991	Xylem	AT5G62700	11.2323885	2.0476887	2.8273121281285776e-29	8.524896841397557e-27
10992	Xylem	AT3G16640	11.162103	1.580908	6.249588968242015e-29	1.860214193277883e-26
10993	Xylem	AT5G44030	11.085955	8.054582	1.467761506616352e-28	4.313546696090107e-26
10994	Xylem	AT3G29360	10.941492	2.356896	7.29890535530087e-28	2.1182335704252534e-25
10995	Xylem	AT3G53620	10.876365	3.6216073	1.4940259703477842e-27	4.230097677263964e-25
10996	Xylem	AT1G09210	10.8479805	2.9031937	2.038810122040378e-27	5.635125548025174e-25
10997	Xylem	AT1G20440	10.684023	4.112593	1.2091616607811876e-26	3.2267938250984866e-24
10998	Xylem	AT4G18780	10.593569	10.181708	3.191863423588992e-26	8.32645989949052e-24
10999	Xylem	AT3G59690	10.458932	3.6609118	1.333509059937882e-25	3.382661141084907e-23
11000	Xylem	AT3G10080	10.446966	8.362112	1.5128768783364581e-25	3.7768239230470485e-23
11001	Xylem	AT1G72230	10.293534	2.5036068	7.53587700037047e-25	1.8225047533083458e-22
11002	Xylem	AT3G55990	10.286453	5.5334787	8.110876168201308e-25	1.9413423917229871e-22
11003	Xylem	AT1G60810	10.076741	2.759562	7.000937380013212e-24	1.5780656616676383e-21
11004	Xylem	AT3G51670	10.00536	4.3278427	1.443661552141141e-23	3.1921419291486545e-21
11005	Xylem	AT2G27740	9.969248	8.947624	2.0779716113788797e-23	4.551345934092778e-21
11006	Xylem	AT2G40320	9.899994	8.455283	4.163022077108867e-23	9.032979772358557e-21
11007	Xylem	AT2G28410	9.8947935	6.9309444	4.385150319846479e-23	9.340370181272999e-21
11008	Xylem	AT5G60490	9.889278	7.9766517	4.633554153676805e-23	9.779747889628578e-21
11009	Xylem	AT5G12870	9.886605	9.8115015	4.7589114893845195e-23	9.953842166580215e-21
11010	Xylem	AT5G43700	9.870641	3.2727585	5.580689744752457e-23	1.1568470875349803e-20
11011	Xylem	AT1G14890	9.81158	6.121942	1.0038419165551327e-22	2.009154980746596e-20
11012	Xylem	AT2G38320	9.749814	6.530516	1.8480599573968166e-22	3.667214361613837e-20
11013	Xylem	AT5G47820	9.697473	3.3541415	3.0906041077761777e-22	5.97954629751996e-20
11014	Xylem	AT5G11740	9.685066	0.94792724	3.4898089240388764e-22	6.696106924744677e-20
11015	Xylem	AT2G36355	9.625639	8.336242	6.231863436747671e-22	1.1668159146046024e-19
11016	Xylem	AT5G59880	9.565732	1.4200727	1.1140975259671206e-21	2.020781426592081e-19
11017	Xylem	AT5G12140	9.55003	1.6975359	1.296585616189027e-21	2.3156021731585107e-19
11018	Xylem	AT1G12780	9.480231	3.162488	2.5372072474776306e-21	4.462601565506678e-19
11019	Xylem	AT5G42710	9.432471	9.587484	4.005393442218478e-21	6.991971394585444e-19
11020	Xylem	AT5G23860	9.354537	4.045011	8.396694668848091e-21	1.4334269126959275e-18
11021	Xylem	AT2G28315	9.224202	8.734905	2.856806376738953e-20	4.806266206431034e-18
11022	Xylem	AT5G51890	9.218183	11.206043	3.021781504515601e-20	5.047244689952425e-18
11023	Xylem	AT2G35120	9.192412	1.7256844	3.841282325955156e-20	6.3702179829786326e-18
11024	Xylem	AT2G22670	9.183843	2.199433	4.1597596960629516e-20	6.849442614432167e-18
11025	Xylem	AT4G08685	9.159341	5.273642	5.221546582170914e-20	8.537228661849444e-18
11026	Xylem	AT2G20724	9.124828	2.7192051	7.184988364074699e-20	1.1504405161980847e-17
11027	Xylem	AT5G06670	9.122424	6.7683644	7.346261773814325e-20	1.1682065726208711e-17
11028	Xylem	AT2G47500	9.022059	3.889099	1.8458588448334968e-19	2.8570203200332865e-17
11029	Xylem	AT5G09810	8.998012	1.4168385	2.2984177122679164e-19	3.510681843797645e-17
11030	Xylem	AT4G14960	8.878083	1.6107183	6.802237267270052e-19	1.0059079148675719e-16
11031	Xylem	AT2G04850	8.871994	7.8830514	7.184763050780876e-19	1.0557509098099974e-16
11032	Xylem	AT2G37090	8.775	7.810542	1.709049037888496e-18	2.4799369695410755e-16
11033	Xylem	AT2G04800	8.716516	3.5751836	2.8689429275036335e-18	4.0863955796228137e-16
11034	Xylem	AT1G68810	8.61363	8.088359	7.078286626192392e-18	9.959792763655078e-16
11035	Xylem	AT5G26330	8.494943	6.683782	1.9803015336456987e-17	2.6886936085761515e-15
11036	Xylem	AT5G17420	8.466057	8.837595	2.5384054657507027e-17	3.38702067231805e-15
11037	Xylem	AT2G47470	8.448241	1.6112751	2.9572407596232535e-17	3.901037427055288e-15
11038	Xylem	AT1G29050	8.412042	1.9588996	4.0293506222228196e-17	5.226225329393699e-15
11039	Xylem	AT1G77690	8.240721	3.3690228	1.7117603895402292e-16	2.091681103366079e-14
11040	Xylem	AT2G31360	8.080016	2.4488935	6.475814669329605e-16	7.512659223492389e-14
11041	Xylem	AT1G79620	8.069876	8.346998	7.036990884280238e-16	8.088010760412588e-14
11042	Xylem	AT5G12250	7.972161	2.5239613	1.5592377186743016e-15	1.748831986205858e-13
11043	Xylem	AT3G17390	7.9214044	1.5224134	2.348427763357498e-15	2.5597862620596723e-13
11044	Xylem	AT5G38610	7.906113	4.133578	2.6554998995450934e-15	2.880969213445721e-13
11045	Xylem	AT3G56275	7.878728	3.9585595	3.3073053657525494e-15	3.5663543760919776e-13
11046	Xylem	AT5G62880	7.8590207	3.0317817	3.871483400473018e-15	4.142130419759542e-13
11047	Xylem	AT3G03250	7.814983	1.6848453	5.497042934733518e-15	5.801129355259458e-13
11048	Xylem	AT1G50010	7.7877407	1.3280395	6.821794146868683e-15	7.134306067921181e-13
11049	Xylem	AT1G33800	7.778227	2.5268774	7.354817445600839e-15	7.657255454462542e-13
11050	Xylem	AT5G53250	7.7708344	0.98144215	7.79706280778938e-15	8.081446750377056e-13
11051	Xylem	AT3G16920	7.7347517	8.102011	1.0360514621245278e-14	1.0690669687175627e-12
11052	Xylem	AT5G65670	7.685415	1.2335542	1.525020463329769e-14	1.559753308243491e-12
11053	Xylem	AT4G24190	7.6826954	1.915872	1.557758478552018e-14	1.5862490612518512e-12
11054	Xylem	AT3G21550	7.6768975	10.549006	1.6298759698702295e-14	1.6524380084051143e-12
11055	Xylem	AT2G31110	7.6743765	4.3420715	1.662254916963919e-14	1.677937930745709e-12
11056	Xylem	AT1G32100	7.6642065	2.5184765	1.7994041832511415e-14	1.8007227121785236e-12
11057	Xylem	AT5G54500	7.5366173	1.6545306	4.823191390334501e-14	4.724895970860595e-12
11058	Xylem	AT5G66920	7.520871	2.1188838	5.4412413671115835e-14	5.307953815976035e-12
11059	Xylem	AT5G50460	7.3857765	1.5547425	1.5156625538288565e-13	1.448112654824879e-11
11060	Xylem	AT4G23670	7.358957	2.0098224	1.8535289043657333e-13	1.763663138223739e-11
11061	Xylem	AT5G01360	7.278055	9.805088	3.38667085136856e-13	3.132603073953142e-11
11062	Xylem	AT3G05910	7.2420073	2.5047364	4.4209282859551355e-13	4.0251251770596226e-11
11063	Xylem	AT3G53350	7.2367225	5.497753	4.596575368433693e-13	4.168698840973635e-11
11064	Xylem	AT1G35780	7.183783	2.4196534	6.780854557034974e-13	6.101980629871356e-11
11065	Xylem	AT2G24940	7.113695	1.7820215	1.1297655819807812e-12	9.935517998805984e-11
11066	Xylem	AT2G26730	7.0802937	2.791811	1.438491442118978e-12	1.260281351384012e-10
11067	Xylem	AT1G63120	7.072453	5.942107	1.5221870916240151e-12	1.3285946506103292e-10
11068	Xylem	AT1G04820	7.049166	1.3463715	1.7999322264008466e-12	1.5592920335950914e-10
11069	Xylem	AT4G36160	7.024667	6.7677975	2.1457781995374384e-12	1.8383222309468896e-10
11070	Xylem	AT2G31900	6.9878435	2.776878	2.7914379740108355e-12	2.373949283612072e-10
11071	Xylem	AT3G52590	6.9830103	1.0962343	2.8892075728935904e-12	2.4481289131339594e-10
11072	Xylem	AT5G57770	6.977536	2.754445	3.0040094622513566e-12	2.536148643094173e-10
11073	Xylem	AT1G27380	6.9618106	4.045818	3.3592650735755987e-12	2.8155977333286885e-10
11074	Xylem	AT4G13940	6.87677	0.9179062	6.122488700530559e-12	5.02282050036106e-10
11075	Xylem	AT1G12260	6.8567305	8.872129	7.0454482100580916e-12	5.739444599751534e-10
11076	Xylem	AT1G10670	6.8468256	1.4634672	7.55066841357302e-12	6.129505893633733e-10
11077	Xylem	AT5G60720	6.7758865	8.534762	1.2364550684521972e-11	9.86487193273356e-10
11078	Xylem	AT4G27435	6.7640843	5.6400394	1.3415477049323249e-11	1.0633059718439733e-09
11079	Xylem	AT4G14940	6.7494607	3.0361433	1.4839572293223613e-11	1.1718719385434443e-09
11080	Xylem	AT4G18640	6.7047644	3.0210645	2.017317348847914e-11	1.5822992191960142e-09
11081	Xylem	AT1G02640	6.669929	6.30988	2.5592746354496867e-11	1.993915409772999e-09
11082	Xylem	AT2G29050	6.649414	3.4505982	2.942620178147947e-11	2.2772937558686964e-09
11083	Xylem	AT5G50950	6.545838	5.2308507	5.916282837598269e-11	4.421752836947979e-09
11084	Xylem	AT2G19760	6.4959908	0.72366303	8.248875059184046e-11	6.118662372174952e-09
11085	Xylem	AT2G17710	6.480743	4.123055	9.127196662579655e-11	6.684735801738544e-09
11086	Xylem	AT1G69080	6.4690223	3.7136006	9.863893254265175e-11	7.173175412968101e-09
11087	Xylem	AT5G60390	6.4682007	0.9334582	9.917686641524575e-11	7.173175412968101e-09
11088	Xylem	AT2G46760	6.4531627	9.190416	1.0953961776411616e-10	7.898078588911443e-09
11089	Xylem	AT5G19760	6.4146485	0.92997086	1.41147906948089e-10	1.008317217111933e-08
11090	Xylem	AT1G56330	6.343235	1.171383	2.2499010751838293e-10	1.578125476209757e-08
11091	Xylem	AT1G62990	6.332301	3.0662541	2.4153141206390576e-10	1.6839744125788888e-08
11092	Xylem	AT1G63430	6.2921667	3.829749	3.130653222033855e-10	2.176178917843114e-08
11093	Xylem	AT3G62160	6.240154	8.564487	4.371406658506173e-10	2.976274146350083e-08
11094	Xylem	AT3G43810	6.1782775	1.0726545	6.480480679523507e-10	4.3610817372897755e-08
11095	Xylem	AT1G47410	6.1292	7.55729	8.832209248756966e-10	5.8924540841491524e-08
11096	Xylem	AT1G75550	6.0812244	7.855335	1.1926829769175066e-09	7.829437720015594e-08
11097	Xylem	AT1G15950	6.0278387	1.6531087	1.661667204592778e-09	1.0836777384559137e-07
11098	Xylem	AT2G36880	5.9899807	0.6622069	2.098660663513845e-09	1.3534612395778038e-07
11099	Xylem	AT5G03260	5.982513	7.673902	2.1972131365238397e-09	1.4130941105449857e-07
11100	Xylem	AT3G60600	5.973684	1.2103503	2.319553978272192e-09	1.4835560527147518e-07
