query_cell,dataset_cell,similarity,query_celltype,dataset_celltype
SRX9174978@@_AAACCTGAGCGTTTAC-1,d1_SRX5025981@@_TGAGGTGAGTTA,10.820422535211268,Endodermis,Endodermis
SRX9174978@@_AAACCTGTCTTGACGA-1,d1_SRX5025985@@_AAGCTTCTTCCA,11.003521126760564,Root cap,Root cap
SRX9174978@@_AAACGGGTCCGGGTGT-1,d1_SRX5025985@@_CTACACTCCAAC,10.616197183098592,Root cap,Root cap
SRX9174978@@_AAACGGGTCGGATGGA-1,d1_SRX5025981@@_TGAGGTGAGCAG,10.144366197183098,Endodermis,Endodermis
SRX9174978@@_AAAGATGGTTACCAGT-1,d1_SRX5025987@@_AGCCAGGCGTGG,11.28169014084507,Epidermis,Cortex
SRX9174978@@_AAAGCAACAGGCTGAA-1,d1_SRX5025980@@_GCCCCCCTACCA,10.845070422535212,Pericycle,Root hair
SRX9174978@@_AAAGCAATCACATACG-1,d1_SRX5025987@@_AACGTACCCGGC,10.225352112676056,Endodermis,Phloem
SRX9174978@@_AAATGCCCAGCTCGAC-1,d1_SRX5025987@@_GACTACGTGTCA,10.299295774647888,Procambium,Phloem
SRX9174978@@_AAATGCCCAGGGAGAG-1,d1_SRX5025987@@_CCGATGCTGCCC,9.919014084507042,Procambium,Stele
SRX9174978@@_AACACGTGTGTGTGCC-1,d1_SRX5025979@@_ATTTTCGCAGGT,11.654929577464788,Root cap,Epidermis
SRX9174978@@_AACCATGAGTCCTCCT-1,d1_SRX5025980@@_AGGGATTACCAG,10.97887323943662,Endodermis,Stele
SRX9174978@@_AACCATGCATTGGCGC-1,d1_SRX5025979@@_ACACGGACCCAG,10.257042253521126,Endodermis,Stele
SRX9174978@@_AACCATGTCTCAAGTG-1,d1_SRX5025981@@_GGTAGGGTCCGT,10.897887323943662,Endodermis,Stele
SRX9174978@@_AACGTTGCATTCACTT-1,d1_SRX5025980@@_TACAGCTCCACG,10.038732394366198,Epidermis,LRC
SRX9174978@@_AACGTTGGTACATGTC-1,d1_SRX5025985@@_AAGCTTGTACAC,10.352112676056338,Procambium,Phloem
SRX9174978@@_AACGTTGGTCAATGTC-1,d1_SRX5025987@@_AGGAGAGGGGCA,11.415492957746478,Root cap,Root hair
SRX9174978@@_AACGTTGTCTGGCGAC-1,d1_SRX5025982@@_GATAATGTCATC,11.76056338028169,Epidermis,Epidermis
SRX9174978@@_AACTCAGAGGGAACGG-1,d1_SRX5025980@@_AACATCGCTGAT,10.73943661971831,Pericycle,Endodermis
SRX9174978@@_AACTCAGCAGATCGGA-1,d1_SRX5025987@@_AGAAACTTGGGC,10.295774647887324,Endodermis,Endodermis
SRX9174978@@_AACTCCCGTCAAGCGA-1,d1_SRX5025985@@_CTGAGAGTTACT,10.471830985915492,Endodermis,Stele
SRX9174978@@_AACTCCCTCCAAAGTC-1,d1_SRX5025981@@_TGAGGGCATAAC,10.72887323943662,Procambium,Xylem
SRX9174978@@_AACTTTCAGACTCGGA-1,d1_SRX5025981@@_CGTACGTCTCCA,11.102112676056338,Cortex,Cortex
SRX9174978@@_AACTTTCAGCCACTAT-1,d1_SRX5025981@@_CGGATCTCTATG,10.165492957746478,Root cap,Root cap
SRX9174978@@_AACTTTCGTGCGAAAC-1,d1_SRX5025985@@_TGGGCCACCTCA,10.334507042253522,Root cap,Root cap
SRX9174978@@_AAGACCTTCAGTGCAT-1,d1_SRX5025988@@_ATATCGAGAGCA,10.859154929577464,Endodermis,Stele
SRX9174978@@_AAGCCGCGTCTACCTC-1,d1_SRX5025988@@_CCTTCATATTCA,10.605633802816902,Root cap,Epidermis
SRX9174978@@_AAGGAGCTCAGTTGAC-1,d1_SRX5025982@@_TTCAGTTGAGGC,10.183098591549296,Procambium,Stele
SRX9174978@@_AAGGCAGCACAACTGT-1,d1_SRX5025980@@_GCCCATCTGCGA,11.23943661971831,Epidermis,Cortex
SRX9174978@@_AAGGCAGTCCGTAGTA-1,d1_SRX5025987@@_ATCCCGCGTTCC,10.338028169014084,Procambium,Xylem
SRX9174978@@_AAGGCAGTCTTCAACT-1,d1_SRX5025981@@_ATCTACAACGGT,11.616197183098592,Epidermis,Cortex
SRX9174978@@_AAGGTTCCACTAAGTC-1,d1_SRX5025984@@_ATCAGCACGACG,10.658450704225352,Endodermis,Stele
SRX9174978@@_AAGTCTGAGACGACGT-1,d1_SRX5025987@@_GTGCTTGTAGAC,10.55281690140845,Root cap,Root cap
SRX9174978@@_AAGTCTGAGAGACTAT-1,d1_SRX5025982@@_TCGCGATTGATA,9.774647887323944,Endodermis,Stele
SRX9174978@@_AAGTCTGGTGTGAATA-1,d1_SRX5025980@@_TGGACCCTGAAC,11.704225352112676,Endodermis,LRC
SRX9174978@@_AAGTCTGTCCTCAACC-1,d1_SRX5025985@@_CAAATTCCGATC,9.742957746478874,Procambium,Stele
SRX9174978@@_AATCCAGAGTCGTTTG-1,d1_SRX5025979@@_CGCCACGATAGA,11.059859154929578,Root cap,Root hair
SRX9174978@@_AATCCAGCAGATCTGT-1,d1_SRX5025979@@_GTAAAACACACC,10.700704225352112,Endodermis,Endodermis
SRX9174978@@_AATCCAGTCATGTGGT-1,d1_SRX5025987@@_CTCTCTTCGCTC,11.126760563380282,Endodermis,Cortex
SRX9174978@@_AATCGGTAGGCTAGCA-1,d1_SRX5025979@@_TTTAAGGCGACT,11.693661971830986,Root cap,Root hair
SRX9174978@@_AATCGGTTCATCTGCC-1,d1_SRX5025981@@_TTTCAGCAAAGA,10.809859154929578,Epidermis,Root hair
SRX9174978@@_ACACCAAAGTTGTAGA-1,d1_SRX5025981@@_CATGTCTCTCAA,10.345070422535212,Procambium,Root hair
SRX9174978@@_ACACCAAGTGGAAAGA-1,d1_SRX5025981@@_CCCGAAGTAACA,11.919014084507042,Epidermis,Epidermis
SRX9174978@@_ACACCAATCGAGCCCA-1,d1_SRX5025981@@_ATTTCATGATTT,10.816901408450704,Root cap,Root cap
SRX9174978@@_ACACCCTTCTATCCCG-1,d1_SRX5025981@@_TTTGGAGCTCAT,10.746478873239436,Pericycle,Stele
SRX9174978@@_ACACCGGAGGTTACCT-1,d1_SRX5025979@@_ACATTGCCTCAC,10.753521126760564,Procambium,Root hair
SRX9174978@@_ACACCGGCAGAAGCAC-1,d1_SRX5025981@@_CAATGACCTCGC,12.415492957746478,Endodermis,Endodermis
SRX9174978@@_ACAGCCGAGAAACCAT-1,d1_SRX5025987@@_TGACGAACAGGA,10.876760563380282,Endodermis,Cortex
SRX9174978@@_ACAGCCGAGTCCAGGA-1,d1_SRX5025981@@_ATGGTCCCGCCG,11.46830985915493,Epidermis,Epidermis
SRX9174978@@_ACAGCCGGTAGAAGGA-1,d1_SRX5025988@@_GCAAAAAACTTC,10.943661971830986,Cortex,Cortex
SRX9174978@@_ACAGCCGGTCCCTTGT-1,d1_SRX5025987@@_CATACTGATCCG,11.929577464788732,Epidermis,Root cap
SRX9174978@@_ACAGCCGGTCCGAAGA-1,d1_SRX5025988@@_CAGCTTCTGCCG,11.785211267605634,Epidermis,Epidermis
SRX9174978@@_ACAGCTAGTTCCCTTG-1,d1_SRX5025981@@_CTCCGCATGGGC,10.605633802816902,Procambium,Stele
SRX9174978@@_ACATCAGCAATCCAAC-1,d1_SRX5025981@@_ACAAGTCGAGCG,10.982394366197184,Root hair,Root hair
SRX9174978@@_ACCAGTAAGAAGCCCA-1,d1_SRX5025987@@_CTGGCAGTGAGT,10.637323943661972,Root cap,Root hair
SRX9174978@@_ACCCACTCACCACGTG-1,d1_SRX5025985@@_AATGTTATTAAG,11.161971830985916,Procambium,Xylem
SRX9174978@@_ACCCACTGTTTAGGAA-1,d1_SRX5025979@@_GACCTTTAGTTG,10.225352112676056,Root hair,Root hair
SRX9174978@@_ACCCACTTCCCATTAT-1,d1_SRX5025981@@_AAGTACCGGAGA,11.373239436619718,Epidermis,Root cap
SRX9174978@@_ACCCACTTCCGTTGCT-1,d1_SRX5025981@@_GTGAGAACGGGA,11.834507042253522,Epidermis,Epidermis
SRX9174978@@_ACCTTTATCTGCCCTA-1,d1_SRX5025979@@_TCAAAGTCACTC,9.517605633802816,Root hair,Root hair
SRX9174978@@_ACGAGCCAGAGAGCTC-1,d1_SRX5025988@@_TAGGTGCAGGAA,11.112676056338028,Endodermis,Columella
SRX9174978@@_ACGAGCCCAAGGACAC-1,d1_SRX5025981@@_GATTCCCTAGAT,11.225352112676056,Epidermis,Root cap
SRX9174978@@_ACGAGCCCACTGTGTA-1,d1_SRX5025987@@_TGAGCGAGTCAC,10.887323943661972,Endodermis,LRC
SRX9174978@@_ACGAGCCGTCTGGTCG-1,d1_SRX5025981@@_AAAGACAGTTTC,11.658450704225352,Epidermis,Root cap
SRX9174978@@_ACGAGCCGTTGTCGCG-1,d1_SRX5025979@@_ATGGGTAGAGGA,10.809859154929578,Root hair,Root hair
SRX9174978@@_ACGAGCCTCGAATGCT-1,d1_SRX5025981@@_ACTATGTAAGTT,10.25,Epidermis,Root hair
SRX9174978@@_ACGAGGAGTTTGACTG-1,d1_SRX5025980@@_AAGGGCAGTGGG,11.147887323943662,Cortex,Cortex
SRX9174978@@_ACGATACAGCGTCTAT-1,d1_SRX5025979@@_ATGTTAGAACAC,10.334507042253522,Root cap,Root cap
SRX9174978@@_ACGATACAGCTCAACT-1,d1_SRX5025981@@_GTGCGGCCTGCT,10.52112676056338,Epidermis,Root cap
SRX9174978@@_ACGATACAGTATTGGA-1,d1_SRX5025985@@_GGTAGAGACCTC,10.443661971830986,Procambium,Stele
SRX9174978@@_ACGATACTCGAATGGG-1,d1_SRX5025980@@_ATAAACTCCAGT,9.461267605633802,Root hair,Root hair
SRX9174978@@_ACGATACTCGGTCCGA-1,d1_SRX5025987@@_TCAAATCGTTAT,10.816901408450704,Root cap,Root cap
SRX9174978@@_ACGATGTAGATAGCAT-1,d1_SRX5025979@@_CTCGATAACCCC,10.214788732394366,Pericycle,LRC
SRX9174978@@_ACGATGTAGTAACCCT-1,d1_SRX5025987@@_AACTAATTGACT,9.669014084507042,Endodermis,Stele
SRX9174978@@_ACGATGTGTGTCGCTG-1,d1_SRX5025987@@_TGAGCGAGTCAC,10.838028169014084,Epidermis,LRC
SRX9174978@@_ACGCAGCCAGAGTGTG-1,d1_SRX5025981@@_GGTAGGGTCGGA,9.862676056338028,Pericycle,Stele
SRX9174978@@_ACGCAGCGTTTGGGCC-1,d1_SRX5025981@@_ACTTTGATTGCG,12.795774647887324,Epidermis,Root cap
SRX9174978@@_ACGCCGAAGTAATCCC-1,d1_SRX5025981@@_TGGAAGCCACGG,11.056338028169014,Root cap,Epidermis
SRX9174978@@_ACGCCGACAACCGCCA-1,d1_SRX5025988@@_CGCGCGCAGGGA,10.316901408450704,Procambium,Stele
SRX9174978@@_ACGGAGAGTATAGGGC-1,d1_SRX5025979@@_TAGTTGATACTC,11.024647887323944,Epidermis,LRC
SRX9174978@@_ACGGAGAGTTGGAGGT-1,d1_SRX5025980@@_TTGCTTGTATAC,10.838028169014084,Pericycle,Stele
SRX9174978@@_ACGGAGATCTGGCGAC-1,d1_SRX5025987@@_GGCCTCCGAGGT,10.830985915492958,Root cap,Root cap
SRX9174978@@_ACGGCCAGTTTCCACC-1,d1_SRX5025985@@_GTTTGAAACGTT,10.295774647887324,Endodermis,LRC
SRX9174978@@_ACGGGCTAGGCTATCT-1,d1_SRX5025987@@_ATCCCGCGTTCC,10.225352112676056,Endodermis,Xylem
SRX9174978@@_ACGGGCTGTCACCCAG-1,d1_SRX5025979@@_TCAAAGTCACTC,10.637323943661972,Root hair,Root hair
SRX9174978@@_ACGGGTCTCTCTAAGG-1,d1_SRX5025981@@_CCACAAATAGGT,10.485915492957746,Root hair,Root hair
SRX9174978@@_ACGTCAACACTGAAGG-1,d1_SRX5025981@@_GACGCTAGTTGC,10.654929577464788,Root cap,Root cap
SRX9174978@@_ACTATCTAGGGTCGAT-1,d1_SRX5025981@@_TGAGGTGAGAAC,10.47887323943662,Pericycle,Endodermis
SRX9174978@@_ACTATCTCAAGGACTG-1,d1_SRX5025979@@_TTAGTGGTAGTG,10.834507042253522,Epidermis,LRC
SRX9174978@@_ACTATCTTCCACGAAT-1,d1_SRX5025987@@_GACTTGCCCTGG,10.799295774647888,Procambium,Stele
SRX9174978@@_ACTGAACGTGTATGGG-1,d1_SRX5025981@@_GTCCTGCACCAT,10.669014084507042,Epidermis,Root cap
SRX9174978@@_ACTGAACTCATCACCC-1,d1_SRX5025986@@_GAGCGACGGGAA,11.383802816901408,Epidermis,Epidermis
SRX9174978@@_ACTGAACTCCACTCCA-1,d1_SRX5025981@@_AGGGAGCTCAGC,11.950704225352112,Epidermis,Epidermis
SRX9174978@@_ACTGAGTGTTATTCTC-1,d1_SRX5025981@@_GATTCATCGGTC,9.894366197183098,Procambium,Root hair
SRX9174978@@_ACTGAGTTCGTGACAT-1,d1_SRX5025981@@_CTCACTCGACGG,10.278169014084508,Endodermis,Stele
SRX9174978@@_ACTGAGTTCTGGCGAC-1,d1_SRX5025988@@_CAGTTTGTATCA,11.253521126760564,Epidermis,Epidermis
SRX9174978@@_ACTGAGTTCTTGCCGT-1,d1_SRX5025981@@_TTCGTTGTGCAT,10.81338028169014,Root cap,Root cap
SRX9174978@@_ACTGATGAGTCTCCTC-1,d1_SRX5025988@@_AACAATGGTTAT,11.383802816901408,Epidermis,Columella
SRX9174978@@_ACTGATGGTCGAGATG-1,d1_SRX5025981@@_AGCTGCAACGAC,10.545774647887324,Endodermis,Endodermis
SRX9174978@@_ACTGATGGTGCTCTTC-1,d1_SRX5025980@@_TCACCAAGCACG,10.524647887323944,Endodermis,Stele
SRX9174978@@_ACTGCTCCAGGAATGC-1,d1_SRX5025986@@_CCCCGCTACAGA,10.05281690140845,Procambium,Stele
SRX9174978@@_ACTGCTCGTACCGGCT-1,d1_SRX5025988@@_GGGGTCTGAATG,10.46830985915493,Root cap,Root cap
SRX9174978@@_ACTGCTCGTGTTTGTG-1,d1_SRX5025987@@_AGCCAGGCGTGG,10.316901408450704,Epidermis,Cortex
SRX9174978@@_ACTGTCCAGCAGGTCA-1,d1_SRX5025987@@_GTTGAGCGATGA,11.320422535211268,Root cap,Root cap
SRX9174978@@_ACTTACTAGGGTTCCC-1,d1_SRX5025981@@_CCGGGTTCCAGC,11.503521126760564,Root hair,Root hair
SRX9174978@@_ACTTACTCAAGGCTCC-1,d1_SRX5025981@@_CAGGGTAGGTTG,9.940140845070422,Endodermis,Stele
SRX9174978@@_ACTTACTGTCAACATC-1,d1_SRX5025982@@_ACTAGCATCGCC,10.595070422535212,Endodermis,Stele
SRX9174978@@_ACTTGTTTCACTCCTG-1,d1_SRX5025981@@_GACGCAAGAATA,11.144366197183098,Endodermis,Stele
SRX9174978@@_ACTTTCAAGCTAGTGG-1,d1_SRX5025981@@_GTGAGCTCATTT,10.602112676056338,Root hair,Root hair
SRX9174978@@_ACTTTCAAGTGTCTCA-1,d1_SRX5025985@@_CCATCTAGTCAG,10.246478873239436,Endodermis,Endodermis
SRX9174978@@_ACTTTCAGTCTGCGGT-1,d1_SRX5025981@@_TCCCACTGGTAC,10.394366197183098,Cortex,Cortex
SRX9174978@@_ACTTTCAGTTGCGCAC-1,d1_SRX5025980@@_GCGTTAGTAACC,10.01056338028169,Pericycle,LRC
SRX9174978@@_AGAATAGCACCTTGTC-1,d1_SRX5025987@@_GTGTGCTTCGCG,11.077464788732394,Root cap,Columella
SRX9174978@@_AGAGCGACAACTGCGC-1,d1_SRX5025981@@_TGAGGTGAGAGA,10.352112676056338,Pericycle,Endodermis
SRX9174978@@_AGAGCGACAATCTGCA-1,d1_SRX5025981@@_TGAGGTGAGAAC,10.433098591549296,Pericycle,Endodermis
SRX9174978@@_AGAGCGATCTGATACG-1,d1_SRX5025980@@_CTCTGCCATAAT,11.214788732394366,Root cap,Epidermis
SRX9174978@@_AGAGCTTAGAGGTACC-1,d1_SRX5025981@@_ATCTACAACGGC,11.440140845070422,Epidermis,Cortex
SRX9174978@@_AGAGTGGAGATCCCAT-1,d1_SRX5025980@@_AGCGCGATCTGA,11.193661971830986,Epidermis,Epidermis
SRX9174978@@_AGATCTGAGAGGTTAT-1,d1_SRX5025983@@_GGAACGTCGCTA,10.299295774647888,Endodermis,Phloem
SRX9174978@@_AGCAGCCAGATGCCTT-1,d1_SRX5025980@@_CGGAGGACGGCA,11.482394366197184,Epidermis,LRC
SRX9174978@@_AGCAGCCCAAGACACG-1,d1_SRX5025988@@_TACATGTAAATC,9.45774647887324,Procambium,Stele
SRX9174978@@_AGCCTAACAAGCCGCT-1,d1_SRX5025981@@_GTGAGAACGGGA,11.809859154929578,Epidermis,Epidermis
SRX9174978@@_AGCCTAAGTAGTAGTA-1,d1_SRX5025979@@_TTCGTAACGTCG,11.257042253521126,Root cap,Epidermis
SRX9174978@@_AGCCTAAGTTCCCGAG-1,d1_SRX5025981@@_AGCGGTCACCTC,11.29225352112676,Root cap,Epidermis
SRX9174978@@_AGCCTAATCACCACCT-1,d1_SRX5025982@@_ATCCATGCTATC,11.338028169014084,Cortex,Cortex
SRX9174978@@_AGCCTAATCACTTCAT-1,d1_SRX5025981@@_CGGACTGTTCTA,10.17605633802817,Procambium,Xylem
SRX9174978@@_AGCGGTCGTCTAAACC-1,d1_SRX5025981@@_TTGGTTAATTCG,9.785211267605634,Endodermis,Endodermis
SRX9174978@@_AGCGTATTCGGACAAG-1,d1_SRX5025985@@_ACTGCACTTTCA,10.471830985915492,Epidermis,LRC
SRX9174978@@_AGCGTCGAGACAAGCC-1,d1_SRX5025987@@_CCAAGGATCCGG,11.355633802816902,Root cap,Epidermis
SRX9174978@@_AGCGTCGAGGACAGCT-1,d1_SRX5025987@@_TCTCTCTATGAA,11.169014084507042,Root cap,Epidermis
SRX9174978@@_AGCGTCGCATGGGAAC-1,d1_SRX5025979@@_GGGCAGGCCTGA,10.035211267605634,Procambium,Epidermis
SRX9174978@@_AGCTCCTAGAAACCTA-1,d1_SRX5025985@@_TAAAAGTTAGAT,10.672535211267606,Epidermis,Root cap
SRX9174978@@_AGCTCCTCAGCATACT-1,d1_SRX5025980@@_GCCGCCAGAGGA,10.151408450704226,Endodermis,Root hair
SRX9174978@@_AGCTCTCTCGGATGTT-1,d1_SRX5025987@@_TGAGCGAGTCAC,9.94718309859155,Pericycle,LRC
SRX9174978@@_AGCTTGATCGGCTTGG-1,d1_SRX5025984@@_ACGATGGTATTT,10.32394366197183,Endodermis,Stele
SRX9174978@@_AGGCCACAGATGCGAC-1,d1_SRX5025981@@_CCCGAAGTAACT,11.721830985915492,Root cap,Epidermis
SRX9174978@@_AGGCCACGTCGGATCC-1,d1_SRX5025981@@_TCATGTGAATAC,10.92605633802817,Endodermis,Endodermis
SRX9174978@@_AGGCCACGTTTGTGTG-1,d1_SRX5025979@@_TGGCGTTATACA,10.348591549295774,Endodermis,Endodermis
SRX9174978@@_AGGCCGTGTGGCTCCA-1,d1_SRX5025984@@_CTAATGGGATTA,9.809859154929578,Endodermis,Endodermis
SRX9174978@@_AGGGAGTAGGGATGGG-1,d1_SRX5025982@@_CGATGTATAGTT,11.214788732394366,Epidermis,Epidermis
SRX9174978@@_AGGGAGTAGTCATGCT-1,d1_SRX5025980@@_TGGCTACAGGAA,10.690140845070422,Epidermis,Cortex
SRX9174978@@_AGGGAGTCAGTATCTG-1,d1_SRX5025981@@_GAATGTAGATGT,10.964788732394366,Cortex,Cortex
SRX9174978@@_AGGGAGTCATATGCTG-1,d1_SRX5025980@@_CTAACCCTCGTT,10.471830985915492,Root cap,LRC
SRX9174978@@_AGGGAGTGTCGCATAT-1,d1_SRX5025988@@_TGCCCCCCCAAG,10.330985915492958,Endodermis,Endodermis
SRX9174978@@_AGGGAGTGTCGGATCC-1,d1_SRX5025985@@_CATTAGCAACAT,9.94718309859155,Procambium,Stele
SRX9174978@@_AGGGAGTTCCTCGCAT-1,d1_SRX5025981@@_TCATGTGAATAC,11.809859154929578,Procambium,Endodermis
SRX9174978@@_AGGGATGCAGATAATG-1,d1_SRX5025981@@_GGTAGGGTCTAC,9.98943661971831,Procambium,Stele
SRX9174978@@_AGGGTGAGTATAGGTA-1,d1_SRX5025983@@_GGCCGTGAGGAC,10.732394366197184,Root cap,Root cap
SRX9174978@@_AGGTCATCAGCTATTG-1,d1_SRX5025981@@_ACTCGCACGTCT,10.524647887323944,Procambium,Stele
SRX9174978@@_AGGTCATGTAGGAGTC-1,d1_SRX5025982@@_GTCTATAGGTGC,10.161971830985916,Pericycle,Stele
SRX9174978@@_AGGTCCGAGGCTAGAC-1,d1_SRX5025988@@_GGGTGCGGGGCA,10.02112676056338,Pericycle,Stele
SRX9174978@@_AGTAGTCGTGAGGGAG-1,d1_SRX5025986@@_CCGAGATCCTCG,10.348591549295774,Endodermis,Root hair
SRX9174978@@_AGTCTTTGTCTGCGGT-1,d1_SRX5025988@@_AGGTATCATATG,11.461267605633802,Root cap,Epidermis
SRX9174978@@_AGTGAGGGTACCGTTA-1,d1_SRX5025981@@_CCCCATCATTGC,11.049295774647888,Pericycle,Endodermis
SRX9174978@@_AGTGAGGTCTCGCTTG-1,d1_SRX5025987@@_CTCGAACGCTGC,11.46830985915493,Root cap,Root hair
SRX9174978@@_AGTTGGTAGATCACGG-1,d1_SRX5025981@@_GCAGTTCCCATT,12.908450704225352,Epidermis,LRC
SRX9174978@@_AGTTGGTAGGGAAACA-1,d1_SRX5025980@@_CAGGTTGGCACC,10.404929577464788,Pericycle,LRC
SRX9174978@@_ATAACGCAGCGAAGGG-1,d1_SRX5025988@@_GTTTAACTTGAC,10.735915492957746,Procambium,Xylem
SRX9174978@@_ATAACGCCATGGTCAT-1,d1_SRX5025980@@_GGCCGCGACAGT,10.390845070422536,Root cap,Root hair
SRX9174978@@_ATAACGCGTCTCTTAT-1,d1_SRX5025981@@_GTCGCTTAGTCC,10.570422535211268,Root hair,Root hair
SRX9174978@@_ATAGACCAGACTAGGC-1,d1_SRX5025982@@_ATCCTAAGGATG,10.334507042253522,Endodermis,Endodermis
SRX9174978@@_ATCACGATCCCTCAGT-1,d1_SRX5025987@@_CGATACCGCCGT,9.454225352112676,Root cap,Root hair
SRX9174978@@_ATCATCTCAAGTTCTG-1,d1_SRX5025981@@_CAGTAAAGAGAT,10.338028169014084,Procambium,Root cap
SRX9174978@@_ATCATCTGTAACGTTC-1,d1_SRX5025987@@_CCAGAATTTATA,10.637323943661972,Endodermis,Cortex
SRX9174978@@_ATCATCTTCACTCTTA-1,d1_SRX5025981@@_GACAGGTTTCTG,11.665492957746478,Epidermis,Phloem
SRX9174978@@_ATCATGGCACTTGGAT-1,d1_SRX5025988@@_CTCCTGATGTCA,11.154929577464788,Endodermis,Endodermis
SRX9174978@@_ATCATGGGTGTAACGG-1,d1_SRX5025979@@_TTATTATGAGAG,9.855633802816902,Root hair,Root hair
SRX9174978@@_ATCATGGGTTCGGCAC-1,d1_SRX5025988@@_GCCGCGCTACTA,11.98943661971831,Endodermis,Cortex
SRX9174978@@_ATCCACCAGACAGACC-1,d1_SRX5025983@@_GAATTAAAGCTA,10.028169014084508,Epidermis,Endodermis
SRX9174978@@_ATCCGAAAGCTGGAAC-1,d1_SRX5025987@@_GCCTCGTTGTCT,10.454225352112676,Endodermis,Cortex
SRX9174978@@_ATCCGAATCGGCGCAT-1,d1_SRX5025980@@_AGCGAGCGCGGA,11.17605633802817,Epidermis,LRC
SRX9174978@@_ATCGAGTCAAGTTGTC-1,d1_SRX5025980@@_AGAATCGAGCAG,10.640845070422536,Endodermis,Endodermis
SRX9174978@@_ATCGAGTCATTTGCCC-1,d1_SRX5025988@@_ATGCGAACAGAT,10.799295774647888,Root hair,Root hair
SRX9174978@@_ATCGAGTGTCATATGC-1,d1_SRX5025987@@_GCTATAGTTTAT,10.204225352112676,Endodermis,Xylem
SRX9174978@@_ATCGAGTGTGTATGGG-1,d1_SRX5025987@@_CCCTCGGCGAGA,11.5,Endodermis,Stele
SRX9174978@@_ATCTACTGTAAAGGAG-1,d1_SRX5025981@@_TTCGTTGTGCAT,10.415492957746478,Root cap,Root cap
SRX9174978@@_ATCTACTGTCCAACTA-1,d1_SRX5025980@@_AGCGCGATCTGA,10.654929577464788,Epidermis,Epidermis
SRX9174978@@_ATCTACTGTGGTACAG-1,d1_SRX5025987@@_GCATGGCGGTGC,11.661971830985916,Epidermis,Root cap
SRX9174978@@_ATCTGCCAGTCTCCTC-1,d1_SRX5025984@@_GGGGCACATGGG,10.700704225352112,Root cap,Root cap
SRX9174978@@_ATGCGATTCCGCAAGC-1,d1_SRX5025981@@_TTGTATAGGTCC,10.51056338028169,Root cap,Epidermis
SRX9174978@@_ATGCGATTCTCCGGTT-1,d1_SRX5025984@@_ACCTTCTGAGTC,10.746478873239436,Root cap,Root cap
SRX9174978@@_ATGGGAGAGAGCAATT-1,d1_SRX5025979@@_ACATTGCCTCAC,9.799295774647888,Endodermis,Root hair
SRX9174978@@_ATGGGAGCAAACAACA-1,d1_SRX5025988@@_GCTGAAAGCGAC,9.996478873239436,Root hair,Root hair
SRX9174978@@_ATGGGAGGTGATGTCT-1,d1_SRX5025979@@_ACGTCATACAAC,10.595070422535212,Endodermis,Endodermis
SRX9174978@@_ATGTGTGAGATCCTGT-1,d1_SRX5025984@@_TAGGTGCCTTAC,10.538732394366198,Endodermis,Endodermis
SRX9174978@@_ATGTGTGAGGCACATG-1,d1_SRX5025987@@_GAGGGGTGCATC,10.630281690140846,Cortex,Cortex
SRX9174978@@_ATGTGTGGTCACTTCC-1,d1_SRX5025981@@_ATCGTACTACAT,10.929577464788732,Procambium,Endodermis
SRX9174978@@_ATGTGTGGTCTGATTG-1,d1_SRX5025979@@_ACAGCAGTCCGG,10.922535211267606,Epidermis,Epidermis
SRX9174978@@_ATTACTCAGGTGATAT-1,d1_SRX5025981@@_TTCGCCTCACTA,10.693661971830986,Pericycle,Stele
SRX9174978@@_ATTACTCTCTCGCTTG-1,d1_SRX5025979@@_CAAAAACCGAAC,11.80281690140845,Root cap,Root hair
SRX9174978@@_ATTATCCGTAAACGCG-1,d1_SRX5025984@@_GGAGAAATTACG,10.105633802816902,Pericycle,Phloem
SRX9174978@@_ATTATCCGTTCCTCCA-1,d1_SRX5025979@@_GTCTCGTCGGCC,11.03169014084507,Epidermis,LRC
SRX9174978@@_ATTATCCTCTGCTGTC-1,d1_SRX5025982@@_AACTCCTAACAG,10.764084507042254,Pericycle,LRC
SRX9174978@@_ATTCTACAGACTACAA-1,d1_SRX5025981@@_GCATCCCCCTTG,11.5,Root cap,Root cap
SRX9174978@@_ATTCTACCATGCAATC-1,d1_SRX5025988@@_ATTAGTAACGCC,10.29225352112676,Procambium,Stele
SRX9174978@@_ATTGGACAGTGCCATT-1,d1_SRX5025985@@_TCCACACCTGGC,10.109154929577464,Procambium,Endodermis
SRX9174978@@_ATTGGACCAGTCTTCC-1,d1_SRX5025981@@_AAGCACGATCTC,10.07394366197183,Pericycle,Columella
SRX9174978@@_ATTTCTGAGCCTCGTG-1,d1_SRX5025980@@_CAATAACTAGTG,11.341549295774648,Epidermis,Stele
SRX9174978@@_ATTTCTGAGCCTTGAT-1,d1_SRX5025981@@_ATTCAGCGGCTC,11.383802816901408,Epidermis,Cortex
SRX9174978@@_ATTTCTGCAAATACAG-1,d1_SRX5025988@@_GGAGCTTCTTGT,12.01056338028169,Root cap,Epidermis
SRX9174978@@_ATTTCTGCACTAGTAC-1,d1_SRX5025988@@_CGCCATGTTTGT,10.577464788732394,Endodermis,Endodermis
SRX9174978@@_ATTTCTGGTACGACCC-1,d1_SRX5025981@@_CATACTCGCTCT,11.116197183098592,Epidermis,Cortex
SRX9174978@@_CAACCAACAGTAGAGC-1,d1_SRX5025988@@_AATGTACAGTCT,10.904929577464788,Endodermis,Endodermis
SRX9174978@@_CAACCAAGTTCGTCTC-1,d1_SRX5025988@@_CGTATACTTAAG,10.98943661971831,Endodermis,Endodermis
SRX9174978@@_CAACCAATCACATAGC-1,d1_SRX5025980@@_TCACCAAGCACG,10.52112676056338,Endodermis,Stele
SRX9174978@@_CAACCAATCTACGAGT-1,d1_SRX5025981@@_GCATGCCTTTTG,10.996478873239436,Epidermis,Columella
SRX9174978@@_CAACCTCAGGCTCAGA-1,d1_SRX5025984@@_AAGAGTTTCAGT,10.193661971830986,Epidermis,LRC
SRX9174978@@_CAACTAGCAGGCTGAA-1,d1_SRX5025981@@_CACTAGACAAGA,11.070422535211268,Root cap,Root hair
SRX9174978@@_CAACTAGCAGGGTACA-1,d1_SRX5025988@@_GGACTATGAGAA,10.169014084507042,Pericycle,Phloem
SRX9174978@@_CAACTAGCATTATCTC-1,d1_SRX5025987@@_GGCCGAACAGGC,11.394366197183098,Epidermis,Columella
SRX9174978@@_CAACTAGGTGATAAGT-1,d1_SRX5025988@@_GACAAACATGCA,10.109154929577464,Endodermis,Endodermis
SRX9174978@@_CAAGAAAAGAGGTACC-1,d1_SRX5025981@@_TTCGCCTCACTA,9.96830985915493,Pericycle,Stele
SRX9174978@@_CAAGATCAGACGACGT-1,d1_SRX5025979@@_AAACAGCTACCT,10.559859154929578,Root cap,Root cap
SRX9174978@@_CAAGATCTCTTACCGC-1,d1_SRX5025987@@_GGTCCAACATAC,11.584507042253522,Endodermis,Cortex
SRX9174978@@_CAAGGCCAGGTGACCA-1,d1_SRX5025982@@_GCATGCATGCTA,11.626760563380282,Epidermis,Epidermis
SRX9174978@@_CAAGGCCGTAGCACGA-1,d1_SRX5025979@@_CCAATCCCAGAG,11.725352112676056,Epidermis,LRC
SRX9174978@@_CAAGGCCTCGGAGGTA-1,d1_SRX5025987@@_GCGAGGTATGAC,10.274647887323944,Procambium,Stele
SRX9174978@@_CAAGTTGCAGCGTAAG-1,d1_SRX5025981@@_AATAGTCATTTA,9.70774647887324,Pericycle,Stele
SRX9174978@@_CAAGTTGTCTATCCTA-1,d1_SRX5025986@@_AACAATGCATAA,10.52112676056338,Root cap,Root cap
SRX9174978@@_CACAAACGTGATGATA-1,d1_SRX5025981@@_TGAGGTGAGTTC,10.644366197183098,Procambium,Endodermis
SRX9174978@@_CACACAAAGATCCCAT-1,d1_SRX5025984@@_TTAACACTTTGT,10.109154929577464,Procambium,Stele
SRX9174978@@_CACACAACATTTGCCC-1,d1_SRX5025981@@_ATAACAGTCTAT,10.746478873239436,Procambium,Endodermis
SRX9174978@@_CACACAAGTACCTACA-1,d1_SRX5025984@@_AGGCCATCGGCT,9.95774647887324,Pericycle,LRC
SRX9174978@@_CACACCTTCCCTGACT-1,d1_SRX5025983@@_GTAGCGTGCTTT,9.503521126760564,Endodermis,Stele
SRX9174978@@_CACACTCGTCTCTTAT-1,d1_SRX5025979@@_AAGTTTTCGAGG,11.274647887323944,Procambium,Endodermis
SRX9174978@@_CACACTCGTCTGATCA-1,d1_SRX5025988@@_GCCCGAAAATTC,10.883802816901408,Endodermis,Endodermis
SRX9174978@@_CACAGGCTCAGAGCTT-1,d1_SRX5025980@@_AATCTAACCGTC,11.320422535211268,Epidermis,Root cap
SRX9174978@@_CACAGTACAGGCAGTA-1,d1_SRX5025981@@_ATGCGTGCGTTG,11.25,Root cap,Root hair
SRX9174978@@_CACAGTAGTCGACTAT-1,d1_SRX5025986@@_CGCATATGTTGA,11.746478873239436,Endodermis,Root cap
SRX9174978@@_CACAGTAGTGAACCTT-1,d1_SRX5025981@@_TTTTGAGAACCA,10.961267605633802,Cortex,Cortex
SRX9174978@@_CACATAGCACATAACC-1,d1_SRX5025981@@_CATGAGGAAACT,11.975352112676056,Epidermis,Cortex
SRX9174978@@_CACATTTCATCTGGTA-1,d1_SRX5025981@@_CACAAATCGTCA,10.81338028169014,Epidermis,Cortex
SRX9174978@@_CACCACTAGGCATGGT-1,d1_SRX5025981@@_ACGTGGGATTTA,11.23943661971831,Endodermis,Endodermis
SRX9174978@@_CACCTTGGTGCCTGTG-1,d1_SRX5025987@@_CCAAAATCGTCT,11.376760563380282,Cortex,Cortex
SRX9174978@@_CACCTTGTCTTAGCCC-1,d1_SRX5025987@@_GCTGTGATTTAT,10.369718309859154,Procambium,Stele
SRX9174978@@_CAGAATCAGAGCTATA-1,d1_SRX5025981@@_ACTTACTTTCAA,10.595070422535212,Endodermis,Endodermis
SRX9174978@@_CAGAGAGAGTTCGCGC-1,d1_SRX5025981@@_TGAGGTGAGGGA,10.359154929577464,Endodermis,Endodermis
SRX9174978@@_CAGAGAGCAAACTGCT-1,d1_SRX5025980@@_TGTCTTATTTTT,11.23943661971831,Epidermis,LRC
SRX9174978@@_CAGAGAGGTGCGCTTG-1,d1_SRX5025982@@_GAGCTCGGGCTG,9.894366197183098,Epidermis,LRC
SRX9174978@@_CAGATCAAGCTGAACG-1,d1_SRX5025980@@_ATCAGCGTCATG,10.362676056338028,Endodermis,LRC
SRX9174978@@_CAGATCACAGTCCTTC-1,d1_SRX5025980@@_TTGGTGCTGGGA,11.338028169014084,Epidermis,LRC
SRX9174978@@_CAGATCAGTCCGAGTC-1,d1_SRX5025981@@_AAGCACGATCAG,10.316901408450704,Endodermis,Columella
SRX9174978@@_CAGCAGCAGGCCCTTG-1,d1_SRX5025979@@_ACACGGACCCAG,9.876760563380282,Procambium,Stele
SRX9174978@@_CAGCCGAAGGACACCA-1,d1_SRX5025981@@_ATTCAGCGGCCC,11.049295774647888,Epidermis,Cortex
SRX9174978@@_CAGCGACAGAGGTTGC-1,d1_SRX5025981@@_ATTCCCGCGCGG,10.362676056338028,Endodermis,Stele
SRX9174978@@_CAGCGACGTATAGGGC-1,d1_SRX5025986@@_TTATGACAACGG,10.461267605633802,Epidermis,Columella
SRX9174978@@_CAGCGACTCAGCTGGC-1,d1_SRX5025981@@_ATTCAGCGGCTC,10.838028169014084,Epidermis,Cortex
SRX9174978@@_CAGCTAAAGACTACAA-1,d1_SRX5025981@@_CATTTAGTTGGG,11.225352112676056,Epidermis,Cortex
SRX9174978@@_CAGCTAACAGCTCGAC-1,d1_SRX5025979@@_ACCGAGCTAAAT,10.570422535211268,Endodermis,Endodermis
SRX9174978@@_CAGCTAAGTGAGTGAC-1,d1_SRX5025987@@_CTGCGTTAATCT,11.119718309859154,Endodermis,Endodermis
SRX9174978@@_CAGCTAATCCACGAAT-1,d1_SRX5025985@@_GCACAAGTATAA,12.07394366197183,Endodermis,LRC
SRX9174978@@_CAGGTGCAGACTAAGT-1,d1_SRX5025984@@_TAGGGTGTTCGC,10.200704225352112,Procambium,Phloem
SRX9174978@@_CAGGTGCCACCGGAAA-1,d1_SRX5025987@@_TTGGTCCAAGGC,11.556338028169014,Root cap,Root cap
SRX9174978@@_CAGGTGCGTCTTCGTC-1,d1_SRX5025979@@_CGTCCTGGTACC,10.612676056338028,Root cap,Root cap
SRX9174978@@_CAGGTGCGTGAGGCTA-1,d1_SRX5025985@@_CGATTGTGTCGC,9.830985915492958,Endodermis,Root hair
SRX9174978@@_CAGTAACAGTGTACCT-1,d1_SRX5025986@@_ATATCAAATAAT,10.549295774647888,Procambium,Stele
SRX9174978@@_CAGTAACCATTCTCAT-1,d1_SRX5025981@@_ACTAATTGAGAC,10.725352112676056,Root cap,Root cap
SRX9174978@@_CAGTCCTTCATGTCTT-1,d1_SRX5025980@@_ATAACGATCGGC,12.366197183098592,Epidermis,Columella
SRX9174978@@_CATATGGTCATCACCC-1,d1_SRX5025984@@_TTAACACTTTGT,9.788732394366198,Endodermis,Stele
SRX9174978@@_CATATGGTCTTTACGT-1,d1_SRX5025984@@_GGGGCACATGGG,9.841549295774648,Root cap,Root cap
SRX9174978@@_CATATTCGTCCTCCAT-1,d1_SRX5025985@@_GCTATCTTCTCT,10.940140845070422,Root cap,Root cap
SRX9174978@@_CATATTCTCGGCGGTT-1,d1_SRX5025981@@_GAACTTCGCCCT,10.616197183098592,Epidermis,Root hair
SRX9174978@@_CATCAAGCATCTGGTA-1,d1_SRX5025983@@_AATGTGCCCATG,10.024647887323944,Procambium,Xylem
SRX9174978@@_CATCAGAAGAGGGCTT-1,d1_SRX5025979@@_ACAAGGATGACA,10.80281690140845,Epidermis,Epidermis
SRX9174978@@_CATCCACAGCGCTTAT-1,d1_SRX5025980@@_TCCATGTGTGCA,11.295774647887324,Root cap,Epidermis
SRX9174978@@_CATCCACCATCGGGTC-1,d1_SRX5025981@@_ATTCAGCGGCTC,11.235915492957746,Epidermis,Cortex
SRX9174978@@_CATCCACGTGAAATCA-1,d1_SRX5025981@@_AACCTGACGCCA,10.97887323943662,Epidermis,Epidermis
SRX9174978@@_CATCGAAGTCGCGGTT-1,d1_SRX5025979@@_TCATAAGAGTTA,10.517605633802816,Pericycle,Stele
SRX9174978@@_CATCGAATCCGGGTGT-1,d1_SRX5025981@@_AAGCACGATCGC,10.144366197183098,Pericycle,Columella
SRX9174978@@_CATCGAATCGTCTGAA-1,d1_SRX5025987@@_CAATTGAACCAT,12.024647887323944,Root cap,Root cap
SRX9174978@@_CATCGGGCACCTATCC-1,d1_SRX5025988@@_ATATCGAGAGCA,9.595070422535212,Endodermis,Stele
SRX9174978@@_CATCGGGTCTTTACGT-1,d1_SRX5025979@@_CACTAGACGCAC,10.035211267605634,Endodermis,Endodermis
SRX9174978@@_CATGACATCATCGATG-1,d1_SRX5025981@@_AAATTCCCGTCA,10.098591549295774,Root cap,Root hair
SRX9174978@@_CATGCCTGTTGTTTGG-1,d1_SRX5025982@@_GGCAGGCATGTA,10.066901408450704,Pericycle,Stele
SRX9174978@@_CATGGCGCACAGGTTT-1,d1_SRX5025987@@_AGCCAGGCGTGG,10.419014084507042,Epidermis,Cortex
SRX9174978@@_CATGGCGCACATGGGA-1,d1_SRX5025981@@_AGTGGACGTGCT,11.18661971830986,Procambium,Xylem
SRX9174978@@_CATGGCGCAGGCGATA-1,d1_SRX5025983@@_CATGAAGGATTA,12.28169014084507,Epidermis,Epidermis
SRX9174978@@_CATGGCGGTGGTCCGT-1,d1_SRX5025987@@_CTGAAAGCAGAT,11.873239436619718,Endodermis,Columella
SRX9174978@@_CATGGCGTCACTCTTA-1,d1_SRX5025986@@_GAGCGACGGGAA,11.725352112676056,Epidermis,Epidermis
SRX9174978@@_CATTATCCAGCTGCAC-1,d1_SRX5025987@@_AATTCAAAGCAG,10.711267605633802,Endodermis,Xylem
SRX9174978@@_CATTATCTCATAACCG-1,d1_SRX5025981@@_GCGGGTAATTCT,11.088028169014084,Procambium,Root cap
SRX9174978@@_CATTATCTCTACTCAT-1,d1_SRX5025981@@_CAGAACAGACTC,11.123239436619718,Epidermis,Root hair
SRX9174978@@_CATTATCTCTCTTGAT-1,d1_SRX5025981@@_TGAGGTGAGATG,10.327464788732394,Endodermis,Endodermis
SRX9174978@@_CATTCGCAGCCAGTAG-1,d1_SRX5025980@@_AGCGCGATCTGA,11.408450704225352,Epidermis,Epidermis
SRX9174978@@_CATTCGCGTTATTCTC-1,d1_SRX5025985@@_TGCTATGATACT,11.341549295774648,Cortex,Cortex
SRX9174978@@_CATTCGCTCAGCTGGC-1,d1_SRX5025980@@_ACGGTTGTGTAC,11.18661971830986,Epidermis,LRC
SRX9174978@@_CCAATCCAGAAACGAG-1,d1_SRX5025981@@_TTCGTTGTGCAT,10.799295774647888,Root cap,Root cap
SRX9174978@@_CCACCTAAGACACTAA-1,d1_SRX5025981@@_AAGAGAATTTAC,11.133802816901408,Root hair,Root hair
SRX9174978@@_CCACCTAAGAGTGAGA-1,d1_SRX5025979@@_AAAAACCGAACC,11.059859154929578,Root cap,Root hair
SRX9174978@@_CCACCTACACACTGCG-1,d1_SRX5025985@@_TTAGATAGCCCA,10.23943661971831,Root cap,Root cap
SRX9174978@@_CCACGGAAGGCCCTTG-1,d1_SRX5025983@@_TCTCTATGGCTA,10.380281690140846,Procambium,Stele
SRX9174978@@_CCACTACAGAACAATC-1,d1_SRX5025979@@_TTTGATAGCTAA,11.43661971830986,Cortex,Cortex
SRX9174978@@_CCACTACAGGGATCTG-1,d1_SRX5025980@@_CCGATTTCCGCG,11.859154929577464,Epidermis,Epidermis
SRX9174978@@_CCACTACCAACTTGAC-1,d1_SRX5025988@@_CCGTCTTCAGGA,10.556338028169014,Root cap,Root hair
SRX9174978@@_CCACTACCAGCTGTAT-1,d1_SRX5025980@@_GGTATAATCAAT,12.193661971830986,Procambium,Cortex
SRX9174978@@_CCACTACTCAGCTGGC-1,d1_SRX5025986@@_TGGACTTTTGAC,11.05281690140845,Epidermis,Phloem
SRX9174978@@_CCATGTCAGTGTTGAA-1,d1_SRX5025982@@_TCCCGACCCATT,10.077464788732394,Root cap,Root cap
SRX9174978@@_CCATTCGGTCCTCTTG-1,d1_SRX5025985@@_AGACATGGATAA,10.22887323943662,Root cap,Root cap
SRX9174978@@_CCATTCGTCTAGAGTC-1,d1_SRX5025988@@_GCCCCCCGCTTG,10.838028169014084,Root cap,Epidermis
SRX9174978@@_CCCAATCAGTCAAGCG-1,d1_SRX5025987@@_CTGTCGTGAGTA,10.954225352112676,Endodermis,Endodermis
SRX9174978@@_CCCAATCCAAGTTAAG-1,d1_SRX5025981@@_AGCGCATAGACC,9.97887323943662,Procambium,Root cap
SRX9174978@@_CCCAATCGTGACGCCT-1,d1_SRX5025987@@_TCGTAGGCTTAA,10.316901408450704,Endodermis,Cortex
SRX9174978@@_CCCAATCTCTAACTGG-1,d1_SRX5025985@@_ACTGCACTTTCA,10.475352112676056,Epidermis,LRC
SRX9174978@@_CCCAGTTGTCTCTCTG-1,d1_SRX5025985@@_CATGTCACGCGA,10.535211267605634,Epidermis,LRC
SRX9174978@@_CCCAGTTTCTGATTCT-1,d1_SRX5025987@@_ATAATGTGCTGC,10.883802816901408,Root cap,Root hair
SRX9174978@@_CCCATACCATGCATGT-1,d1_SRX5025986@@_CGCGTGTCGAGT,10.496478873239436,Endodermis,Endodermis
SRX9174978@@_CCCTCCTTCAGAGCTT-1,d1_SRX5025980@@_TGCTCTCTAGTT,11.257042253521126,Epidermis,Epidermis
SRX9174978@@_CCCTCCTTCGCAAACT-1,d1_SRX5025980@@_GTAGGCTTCATT,11.545774647887324,Epidermis,LRC
SRX9174978@@_CCGGGATGTCTGGTCG-1,d1_SRX5025981@@_ATTCAGCGGCTC,10.830985915492958,Epidermis,Cortex
SRX9174978@@_CCGGGATTCGTTGACA-1,d1_SRX5025986@@_GAAGTTTAATAG,10.112676056338028,Procambium,Cortex
SRX9174978@@_CCGGTAGAGCCACGTC-1,d1_SRX5025981@@_AAGCTCACAGGG,10.71830985915493,Pericycle,Endodermis
SRX9174978@@_CCGGTAGCAGATCGGA-1,d1_SRX5025988@@_TTTGGTGCGGAG,10.47887323943662,Procambium,Stele
SRX9174978@@_CCGGTAGCATGCAACT-1,d1_SRX5025985@@_TGGGTGGTGCTA,11.616197183098592,Root cap,Root hair
SRX9174978@@_CCGGTAGTCACCTTAT-1,d1_SRX5025985@@_AAATACATGTTG,9.725352112676056,Endodermis,Endodermis
SRX9174978@@_CCGGTAGTCCTCTAGC-1,d1_SRX5025981@@_TGAGGTGAGATA,10.116197183098592,Pericycle,Endodermis
SRX9174978@@_CCGTACTGTGACAAAT-1,d1_SRX5025984@@_GGGGCACATGGG,10.57394366197183,Root cap,Root cap
SRX9174978@@_CCGTACTTCATATCGG-1,d1_SRX5025982@@_CACGTGGCCGGG,10.630281690140846,Root cap,Columella
SRX9174978@@_CCGTGGAAGTTACCCA-1,d1_SRX5025988@@_GGGTGTCTTGCC,10.820422535211268,Root cap,Root hair
SRX9174978@@_CCGTGGAGTAGCGCTC-1,d1_SRX5025981@@_CAGGGTAGGTTC,10.179577464788732,Procambium,Stele
SRX9174978@@_CCGTTCAGTAAACGCG-1,d1_SRX5025986@@_GGCGGCTCGTAG,11.172535211267606,Epidermis,Epidermis
SRX9174978@@_CCTAAAGCATTCTTAC-1,d1_SRX5025979@@_ACCCTCAGGGGT,11.461267605633802,Root cap,Epidermis
SRX9174978@@_CCTACACAGCTAAGAT-1,d1_SRX5025982@@_ATTCGCGGTTGA,10.764084507042254,Cortex,Cortex
SRX9174978@@_CCTACACAGTGTACTC-1,d1_SRX5025980@@_GAATTTTCCTAT,10.767605633802816,Root hair,Root hair
SRX9174978@@_CCTACACCAGTATCTG-1,d1_SRX5025979@@_GAACTATAGTTC,9.873239436619718,Pericycle,Stele
SRX9174978@@_CCTACACTCCTAAGTG-1,d1_SRX5025982@@_CAGCGTATCCAA,11.116197183098592,Procambium,Stele
SRX9174978@@_CCTACACTCTTGTTTG-1,d1_SRX5025981@@_AAGCGCGGAAAT,10.827464788732394,Epidermis,LRC
SRX9174978@@_CCTACCAGTTTGCATG-1,d1_SRX5025988@@_CGACATGCGAGC,9.904929577464788,Procambium,Columella
SRX9174978@@_CCTACCATCACTGGGC-1,d1_SRX5025986@@_GGGGTTCCTTAG,10.757042253521126,Procambium,Endodermis
SRX9174978@@_CCTAGCTAGGTGCACA-1,d1_SRX5025984@@_GCCTGGTTACTC,10.169014084507042,Endodermis,Cortex
SRX9174978@@_CCTAGCTCATTCTCAT-1,d1_SRX5025983@@_CATGAAGGATTA,11.559859154929578,Epidermis,Epidermis
SRX9174978@@_CCTATTAAGAGCAATT-1,d1_SRX5025986@@_GTCTCCCCCACG,9.647887323943662,Pericycle,Stele
SRX9174978@@_CCTATTACATTGTGCA-1,d1_SRX5025988@@_ATATCGAGAGCA,11.658450704225352,Procambium,Stele
SRX9174978@@_CCTCAGTAGTAGATGT-1,d1_SRX5025980@@_CCGATGAGAGCG,11.109154929577464,Epidermis,Root hair
SRX9174978@@_CCTCAGTGTCCCGACA-1,d1_SRX5025980@@_AGGCTACTGTTG,10.841549295774648,Epidermis,Root cap
SRX9174978@@_CCTCTGAAGACGACGT-1,d1_SRX5025987@@_CGATTTGACCCG,10.54225352112676,Cortex,Cortex
SRX9174978@@_CCTCTGAGTTGATTCG-1,d1_SRX5025988@@_CGCGCGCAGGGA,10.654929577464788,Endodermis,Stele
SRX9174978@@_CCTCTGAGTTTGGCGC-1,d1_SRX5025981@@_TCCCACTGGTAC,10.816901408450704,Cortex,Cortex
SRX9174978@@_CCTCTGATCCCTCAGT-1,d1_SRX5025988@@_AGTCCCCCGGGC,10.401408450704226,Root cap,Root cap
SRX9174978@@_CCTTACGGTAGGCTGA-1,d1_SRX5025981@@_CTTCACATCCCA,10.626760563380282,Epidermis,LRC
SRX9174978@@_CCTTACGTCGTCACGG-1,d1_SRX5025980@@_GTAATCCTGTAA,10.869718309859154,Epidermis,LRC
SRX9174978@@_CCTTCCCAGAGCTGCA-1,d1_SRX5025981@@_AGTGGCCATTGG,11.257042253521126,Cortex,Cortex
SRX9174978@@_CCTTCCCTCCAAGTAC-1,d1_SRX5025981@@_TGAGGTGAGAAC,11.024647887323944,Endodermis,Endodermis
SRX9174978@@_CCTTCCCTCGACGGAA-1,d1_SRX5025980@@_GACACTGGCGCG,10.873239436619718,Endodermis,Endodermis
SRX9174978@@_CCTTCGAAGGGAAACA-1,d1_SRX5025981@@_GAGACTTCGCCC,10.869718309859154,Root hair,Root hair
SRX9174978@@_CCTTCGACATCCTAGA-1,d1_SRX5025981@@_ATTCAGCGGCTC,11.859154929577464,Epidermis,Cortex
SRX9174978@@_CCTTCGACATCGACGC-1,d1_SRX5025988@@_ATATCGAGAGCA,10.003521126760564,Procambium,Stele
SRX9174978@@_CCTTTCTTCTCGCTTG-1,d1_SRX5025983@@_TGAGTGTGCATT,10.183098591549296,Procambium,Xylem
SRX9174978@@_CGAATGTCACTAGTAC-1,d1_SRX5025987@@_CCAAGGATCCGG,10.894366197183098,Root cap,Epidermis
SRX9174978@@_CGACCTTTCAAGATCC-1,d1_SRX5025981@@_TGGATCTACTTC,11.774647887323944,Epidermis,LRC
SRX9174978@@_CGACTTCAGCTTATCG-1,d1_SRX5025987@@_TCTTGTATCCCG,11.109154929577464,Epidermis,Columella
SRX9174978@@_CGACTTCAGGTTCCTA-1,d1_SRX5025981@@_TTTTGTCTACAC,11.147887323943662,Root cap,Root cap
SRX9174978@@_CGACTTCCATCTCCCA-1,d1_SRX5025981@@_ATAGATGAGGGA,11.088028169014084,Epidermis,Epidermis
SRX9174978@@_CGACTTCGTCGCATAT-1,d1_SRX5025987@@_CCAAGGATCCGG,12.077464788732394,Endodermis,Epidermis
SRX9174978@@_CGACTTCTCGCAAACT-1,d1_SRX5025981@@_AGGGTAGGTTAC,9.679577464788732,Pericycle,Stele
SRX9174978@@_CGAGAAGCAACGCACC-1,d1_SRX5025988@@_ATATCGAGAGCA,9.644366197183098,Endodermis,Stele
SRX9174978@@_CGAGCACCATCCCACT-1,d1_SRX5025988@@_CATCTACATCTT,10.721830985915492,Root cap,Root hair
SRX9174978@@_CGAGCCACATTGTGCA-1,d1_SRX5025981@@_GGTAGGGTCTCA,10.109154929577464,Endodermis,Stele
SRX9174978@@_CGATGGCCACTAAGTC-1,d1_SRX5025986@@_GAAGTTTAATAG,9.922535211267606,Endodermis,Cortex
SRX9174978@@_CGATGGCGTTCATGGT-1,d1_SRX5025984@@_CGAACATGTACA,11.06338028169014,Endodermis,Root hair
SRX9174978@@_CGATGTATCGACAGCC-1,d1_SRX5025984@@_CTCTTCCAGTTG,11.433098591549296,Cortex,Epidermis
SRX9174978@@_CGATGTATCTGGGCCA-1,d1_SRX5025981@@_ACTGATAAGTGC,10.0,Pericycle,Endodermis
SRX9174978@@_CGATTGAAGTAGCCGA-1,d1_SRX5025981@@_GAGTAGGGTCTT,9.98943661971831,Procambium,Stele
SRX9174978@@_CGATTGAAGTTCGCGC-1,d1_SRX5025986@@_GGGGTTCCTTAG,9.753521126760564,Endodermis,Endodermis
SRX9174978@@_CGATTGACAGCTGCTG-1,d1_SRX5025987@@_TAATACTCGAGC,10.53169014084507,Endodermis,Stele
SRX9174978@@_CGCGTTTAGACATAAC-1,d1_SRX5025981@@_CCGCGGCCAGGC,10.320422535211268,Root hair,Root hair
SRX9174978@@_CGCGTTTCACTGTTAG-1,d1_SRX5025980@@_ACCAACGATACT,11.799295774647888,Epidermis,Root cap
SRX9174978@@_CGCTATCCACGTCTCT-1,d1_SRX5025988@@_ACGTTTCGTGCT,11.214788732394366,Root cap,LRC
SRX9174978@@_CGCTATCCATTTGCCC-1,d1_SRX5025979@@_CAAGTAACAGTT,11.69718309859155,Epidermis,Root cap
SRX9174978@@_CGCTGGATCACATAGC-1,d1_SRX5025987@@_GTATATACCTGG,11.112676056338028,Root cap,Root hair
SRX9174978@@_CGCTTCATCATTATCC-1,d1_SRX5025988@@_TAGCACGAGCGC,11.28169014084507,Epidermis,Cortex
SRX9174978@@_CGGACACAGATAGCAT-1,d1_SRX5025981@@_TCCCGATAAGGA,11.711267605633802,Epidermis,Phloem
SRX9174978@@_CGGACACCACGTCAGC-1,d1_SRX5025981@@_AGTAGTATCCAA,10.69718309859155,Root cap,Root hair
SRX9174978@@_CGGACACCAGGTTTCA-1,d1_SRX5025987@@_TCTCTCTATGAA,11.193661971830986,Root cap,Epidermis
SRX9174978@@_CGGACGTAGACTTTCG-1,d1_SRX5025984@@_TTTAACCGGCAC,11.003521126760564,Root cap,Root cap
SRX9174978@@_CGGACGTAGGCTAGCA-1,d1_SRX5025981@@_TCTCTGGACAGA,11.401408450704226,Epidermis,LRC
SRX9174978@@_CGGACGTGTAAGTGTA-1,d1_SRX5025981@@_TTCCTGACGCGG,10.746478873239436,Endodermis,Endodermis
SRX9174978@@_CGGACGTGTATATGGA-1,d1_SRX5025980@@_CACGCCCCGTAT,9.996478873239436,Epidermis,LRC
SRX9174978@@_CGGACGTTCCGAAGAG-1,d1_SRX5025981@@_GCGCTCGGTCAG,11.01056338028169,Root hair,Root hair
SRX9174978@@_CGGACGTTCGGTCTAA-1,d1_SRX5025982@@_CAACAGCTTCGA,10.933098591549296,Endodermis,Endodermis
SRX9174978@@_CGGACGTTCGTTGCCT-1,d1_SRX5025988@@_GGGGTCTGAATG,10.95774647887324,Root cap,Root cap
SRX9174978@@_CGGACTGTCAACGAAA-1,d1_SRX5025981@@_TCAGCTGGAACC,10.845070422535212,Epidermis,Cortex
SRX9174978@@_CGGAGCTCAAGTTAAG-1,d1_SRX5025980@@_TATCGCTATGGT,12.450704225352112,Epidermis,Endodermis
SRX9174978@@_CGGAGCTCACACGCTG-1,d1_SRX5025985@@_CCGGAGCGGTTA,10.830985915492958,Epidermis,Columella
SRX9174978@@_CGGAGCTCACAGAGGT-1,d1_SRX5025984@@_TTAACACTTTGT,10.440140845070422,Endodermis,Stele
SRX9174978@@_CGGAGCTCATGCTAGT-1,d1_SRX5025988@@_CTGGATAGACAC,10.112676056338028,Procambium,Phloem
SRX9174978@@_CGGAGCTGTGAAGGCT-1,d1_SRX5025981@@_TGGGTGTGTTTG,10.123239436619718,Procambium,Stele
SRX9174978@@_CGGAGTCCACGACTCG-1,d1_SRX5025984@@_ACTGTCATTTTG,9.799295774647888,Pericycle,Columella
SRX9174978@@_CGGCTAGAGGTCGGAT-1,d1_SRX5025985@@_TCTAAAGTGTTA,10.809859154929578,Epidermis,Root hair
SRX9174978@@_CGGGTCAAGATATGGT-1,d1_SRX5025980@@_TTGTGACCTGAA,10.640845070422536,Endodermis,Stele
SRX9174978@@_CGGGTCACAATGTAAG-1,d1_SRX5025982@@_CAAGGGTGCTAA,11.130281690140846,Pericycle,Columella
SRX9174978@@_CGGTTAAAGATAGCAT-1,d1_SRX5025979@@_GCAAGCACGACA,10.654929577464788,Root hair,Root hair
SRX9174978@@_CGGTTAATCATGTAGC-1,d1_SRX5025981@@_GAGCTGGCAACG,10.788732394366198,Epidermis,Root hair
SRX9174978@@_CGTAGCGAGAAACCTA-1,d1_SRX5025984@@_TGTTCACTCATA,11.299295774647888,Root cap,Epidermis
SRX9174978@@_CGTAGCGAGAAGATTC-1,d1_SRX5025987@@_AACTGGTAATTC,9.679577464788732,Root cap,Epidermis
SRX9174978@@_CGTAGCGAGAGGGATA-1,d1_SRX5025988@@_CTGGATAGACAC,10.450704225352112,Pericycle,Phloem
SRX9174978@@_CGTAGCGAGCTAGCCC-1,d1_SRX5025982@@_CACATCGGGTTC,10.672535211267606,Root cap,Root cap
SRX9174978@@_CGTAGCGAGGTGCTAG-1,d1_SRX5025986@@_AACAATGCATAA,11.091549295774648,Root cap,Root cap
SRX9174978@@_CGTAGGCAGTCCTCCT-1,d1_SRX5025981@@_AGGGTAGGTTAG,9.95774647887324,Pericycle,Stele
SRX9174978@@_CGTAGGCGTCTTTCAT-1,d1_SRX5025980@@_TATGAGATTGTG,11.014084507042254,Endodermis,Root hair
SRX9174978@@_CGTCACTCATTACCTT-1,d1_SRX5025983@@_GTCGGGCACCGA,10.75,Pericycle,Epidermis
SRX9174978@@_CGTCACTGTTGGACCC-1,d1_SRX5025988@@_CCGTCTTCAGGA,10.954225352112676,Root cap,Root hair
SRX9174978@@_CGTCAGGTCAGTTTGG-1,d1_SRX5025987@@_CGGTAGGTCCAC,10.67605633802817,Endodermis,Columella
SRX9174978@@_CGTCTACGTCTCCACT-1,d1_SRX5025979@@_GTGCTACGCGGC,10.95774647887324,Epidermis,Epidermis
SRX9174978@@_CGTCTACGTTCAGCGC-1,d1_SRX5025980@@_TCGTACATGGAG,10.570422535211268,Epidermis,Cortex
SRX9174978@@_CGTGAGCTCTGTCAAG-1,d1_SRX5025988@@_ATATCGAGAGCA,10.380281690140846,Procambium,Stele
SRX9174978@@_CGTGTAACAATCACAC-1,d1_SRX5025982@@_GCATGCATGCTA,10.827464788732394,Epidermis,Epidermis
SRX9174978@@_CGTGTCTCAGTATAAG-1,d1_SRX5025981@@_ACGCGTGCACCT,10.383802816901408,Epidermis,Root hair
SRX9174978@@_CGTGTCTGTCGTGGCT-1,d1_SRX5025981@@_GGAGCTGGCAAT,10.26056338028169,Root hair,Root hair
SRX9174978@@_CGTGTCTTCGGCGCTA-1,d1_SRX5025984@@_GTGCACCGGTGA,11.338028169014084,Epidermis,LRC
SRX9174978@@_CGTTAGAGTTAGATGA-1,d1_SRX5025979@@_AGTCGAAGCGAC,11.580985915492958,Endodermis,LRC
SRX9174978@@_CGTTAGAGTTTCGCTC-1,d1_SRX5025980@@_AGCTGCAGCGTC,11.024647887323944,Root cap,Epidermis
SRX9174978@@_CGTTCTGCAAGCCGTC-1,d1_SRX5025981@@_TGAGGTGAGTCC,10.80281690140845,Endodermis,Endodermis
SRX9174978@@_CGTTCTGTCCGCGTTT-1,d1_SRX5025981@@_TGAGGTGAGAGG,11.330985915492958,Endodermis,Endodermis
SRX9174978@@_CGTTGGGGTAGAAGGA-1,d1_SRX5025981@@_AGTAGGCATCAA,11.54225352112676,Cortex,Epidermis
SRX9174978@@_CTAACTTCACGACGAA-1,d1_SRX5025981@@_AATAGTCATTTT,11.17605633802817,Epidermis,Stele
SRX9174978@@_CTAACTTGTGAAGGCT-1,d1_SRX5025980@@_ATATGACTAACG,9.859154929577464,Procambium,Endodermis
SRX9174978@@_CTAAGACAGGGTATCG-1,d1_SRX5025980@@_ATCGCCTCACCG,10.57394366197183,Endodermis,Endodermis
SRX9174978@@_CTAAGACCATACTACG-1,d1_SRX5025981@@_TTCGTTGTGCAT,10.954225352112676,Root cap,Root cap
SRX9174978@@_CTAAGACCATGTAAGA-1,d1_SRX5025979@@_TCATAAGAGTTA,10.28169014084507,Procambium,Stele
SRX9174978@@_CTAATGGCAAGTCATC-1,d1_SRX5025981@@_ATTCAGCGGCCT,11.693661971830986,Epidermis,Cortex
SRX9174978@@_CTACATTCATCGACGC-1,d1_SRX5025980@@_GAATTTTCCTAA,11.306338028169014,Root hair,Root hair
SRX9174978@@_CTACATTTCACCGGGT-1,d1_SRX5025985@@_AAGGTATGTTTT,10.348591549295774,Endodermis,Cortex
SRX9174978@@_CTACCCAAGAGCCTAG-1,d1_SRX5025981@@_TGGGCCTACTGG,11.619718309859154,Root cap,Root hair
SRX9174978@@_CTACGTCAGCCCAACC-1,d1_SRX5025987@@_CTGATCTATCTA,12.123239436619718,Root cap,Root hair
SRX9174978@@_CTACGTCTCGGAATCT-1,d1_SRX5025979@@_ATTTTCGCAGGT,11.401408450704226,Root cap,Epidermis
SRX9174978@@_CTAGAGTAGGTGCACA-1,d1_SRX5025981@@_GGTAGGGTCGCT,10.01056338028169,Endodermis,Stele
SRX9174978@@_CTAGAGTGTAAGAGGA-1,d1_SRX5025981@@_GTCCTGTTACAA,10.017605633802816,Root cap,Root cap
SRX9174978@@_CTAGCCTGTAAGCACG-1,d1_SRX5025980@@_CGGAGGACGGCA,10.602112676056338,Epidermis,LRC
SRX9174978@@_CTAGCCTGTGATGTGG-1,d1_SRX5025987@@_TCCAAACTTTTG,11.309859154929578,Epidermis,Phloem
SRX9174978@@_CTAGTGACATACGCCG-1,d1_SRX5025980@@_CTTTTCAGGTCA,10.422535211267606,Pericycle,Stele
SRX9174978@@_CTAGTGAGTCACAAGG-1,d1_SRX5025979@@_CGTAGTAAGTCG,10.799295774647888,Endodermis,Columella
SRX9174978@@_CTAGTGATCGTCTGAA-1,d1_SRX5025987@@_AGAAGATCCGAA,11.165492957746478,Root cap,Epidermis
SRX9174978@@_CTCAGAACACGGCCAT-1,d1_SRX5025981@@_ACATGCAAAATA,10.602112676056338,Root cap,Root cap
SRX9174978@@_CTCATTAGTACCTACA-1,d1_SRX5025987@@_AACTTGCCCTTC,10.112676056338028,Procambium,Phloem
SRX9174978@@_CTCATTAGTCAGCTAT-1,d1_SRX5025984@@_ATAGTTCCTAAG,10.454225352112676,Epidermis,LRC
SRX9174978@@_CTCATTATCACCGTAA-1,d1_SRX5025988@@_AATGTACAGTCT,11.25,Endodermis,Endodermis
SRX9174978@@_CTCATTATCGTGACAT-1,d1_SRX5025987@@_GCAAGAAGCTAT,11.605633802816902,Root cap,Root hair
SRX9174978@@_CTCCTAGCAGGTGCCT-1,d1_SRX5025988@@_AACAATGGTTAT,11.577464788732394,Epidermis,Columella
SRX9174978@@_CTCGAAAGTCTAAACC-1,d1_SRX5025979@@_CTTACTCCCATT,11.767605633802816,Epidermis,Cortex
SRX9174978@@_CTCGAGGAGAGCAATT-1,d1_SRX5025987@@_AATTCAAAGCAG,9.904929577464788,Endodermis,Xylem
SRX9174978@@_CTCGAGGAGCTAAGAT-1,d1_SRX5025988@@_ATATCGAGAGCA,11.098591549295774,Root cap,Stele
SRX9174978@@_CTCGAGGTCAATCACG-1,d1_SRX5025988@@_ATATCGAGAGCA,10.080985915492958,Endodermis,Stele
SRX9174978@@_CTCGAGGTCTGCCAGG-1,d1_SRX5025988@@_GATACATCAGGG,10.112676056338028,Cortex,Cortex
SRX9174978@@_CTCGGAGCAGACGCAA-1,d1_SRX5025981@@_TTCGCTGGAACG,11.507042253521126,Epidermis,Cortex
SRX9174978@@_CTCGGGAGTTCGTCTC-1,d1_SRX5025981@@_GCAGCGTGAACT,10.401408450704226,Root hair,Root hair
SRX9174978@@_CTCGGGATCATTGCGA-1,d1_SRX5025980@@_CCATCCTCGACT,11.767605633802816,Cortex,Cortex
SRX9174978@@_CTCGTACAGCTAAGAT-1,d1_SRX5025982@@_AGTCGCTGTAAG,9.95774647887324,Root cap,Root cap
SRX9174978@@_CTCGTACGTAATAGCA-1,d1_SRX5025987@@_AATCACAAGCGT,11.890845070422536,Endodermis,Cortex
SRX9174978@@_CTCGTCATCCTCGCAT-1,d1_SRX5025981@@_ACGACAGGATCG,10.23943661971831,Endodermis,Columella
SRX9174978@@_CTCTAATAGAGACTTA-1,d1_SRX5025980@@_AACGTCAGCGTA,11.640845070422536,Epidermis,Root cap
SRX9174978@@_CTCTACGAGCTCAACT-1,d1_SRX5025981@@_CGCCGCTGCAGT,10.570422535211268,Endodermis,Endodermis
SRX9174978@@_CTCTACGCAGCATACT-1,d1_SRX5025986@@_GAGCGACGGGAA,11.637323943661972,Epidermis,Epidermis
SRX9174978@@_CTCTGGTCACACCGCA-1,d1_SRX5025980@@_TCGTTAATCCCC,11.070422535211268,Epidermis,LRC
SRX9174978@@_CTGAAGTAGGAGTCTG-1,d1_SRX5025987@@_CGGTAGGTCCAC,10.904929577464788,Endodermis,Columella
SRX9174978@@_CTGATAGAGCGATCCC-1,d1_SRX5025985@@_GCTTGATGGGAT,10.658450704225352,Epidermis,LRC
SRX9174978@@_CTGATAGCATACTCTT-1,d1_SRX5025982@@_CGAGAGATGCTT,10.658450704225352,Epidermis,LRC
SRX9174978@@_CTGATAGGTGTTTGTG-1,d1_SRX5025981@@_ACTTGCTTTAGT,12.095070422535212,Root cap,LRC
SRX9174978@@_CTGATCCGTCACACGC-1,d1_SRX5025982@@_AAACACCAGAAA,10.288732394366198,Endodermis,Cortex
SRX9174978@@_CTGCCTACACAACGCC-1,d1_SRX5025986@@_CACAAGGGGGCA,10.059859154929578,Endodermis,Columella
SRX9174978@@_CTGCCTACACTGTTAG-1,d1_SRX5025979@@_TGGTAGTGAGCG,11.316901408450704,Root cap,Epidermis
SRX9174978@@_CTGCCTATCCGCGTTT-1,d1_SRX5025981@@_TGAGGTGAGGTG,10.07394366197183,Pericycle,Endodermis
SRX9174978@@_CTGCCTATCTACCAGA-1,d1_SRX5025982@@_GCATGCATGCTA,10.73943661971831,Epidermis,Epidermis
SRX9174978@@_CTGCGGAAGCGCCTCA-1,d1_SRX5025980@@_CAAGCCCGCAGC,10.859154929577464,Root cap,Root hair
SRX9174978@@_CTGCGGATCTAACTGG-1,d1_SRX5025981@@_ACGCGTGCACCC,10.661971830985916,Epidermis,Root hair
SRX9174978@@_CTGCTGTAGAGTCGGT-1,d1_SRX5025981@@_TTCAGTCTGTGG,11.883802816901408,Root cap,Root hair
SRX9174978@@_CTGCTGTAGTGACATA-1,d1_SRX5025979@@_TTGAGCCTGTCC,11.566901408450704,Epidermis,LRC
SRX9174978@@_CTGGTCTTCCACTGGG-1,d1_SRX5025988@@_TGTCGTTGCTCT,11.144366197183098,Epidermis,LRC
SRX9174978@@_CTGTGCTCATGCAACT-1,d1_SRX5025981@@_GGAGTAAACTCA,10.404929577464788,Pericycle,Stele
SRX9174978@@_CTGTGCTTCTAACTCT-1,d1_SRX5025983@@_CAATCATCTCGC,10.475352112676056,Procambium,Endodermis
SRX9174978@@_CTTAACTAGGCGTACA-1,d1_SRX5025983@@_GAATTAAAGCTA,10.838028169014084,Procambium,Endodermis
SRX9174978@@_CTTAACTCAGCCAGAA-1,d1_SRX5025988@@_CAGAACTCCACG,10.570422535211268,Root cap,Root hair
SRX9174978@@_CTTAACTGTGTTTGTG-1,d1_SRX5025979@@_ACCCAACGATAG,10.894366197183098,Endodermis,Endodermis
SRX9174978@@_CTTAACTTCCGAAGAG-1,d1_SRX5025981@@_GGAGTAAACTCA,10.327464788732394,Pericycle,Stele
SRX9174978@@_CTTAACTTCGGAATCT-1,d1_SRX5025981@@_GTGAGAACGGGA,10.901408450704226,Epidermis,Epidermis
SRX9174978@@_CTTAGGAAGTGGTAGC-1,d1_SRX5025987@@_AATGGCACGCAT,11.32394366197183,Epidermis,Root cap
SRX9174978@@_CTTAGGACATGAGCGA-1,d1_SRX5025981@@_ATTCCCGCGCGG,10.72887323943662,Cortex,Stele
SRX9174978@@_CTTCTCTAGTTCCACA-1,d1_SRX5025988@@_AGATGGCCGACA,10.82394366197183,Endodermis,Endodermis
SRX9174978@@_CTTTGCGAGACTAAGT-1,d1_SRX5025988@@_AAGTTGACAAGA,10.200704225352112,Endodermis,Cortex
SRX9174978@@_CTTTGCGCAGGACGTA-1,d1_SRX5025983@@_TCAACAGGCGCA,10.056338028169014,Pericycle,Stele
SRX9174978@@_CTTTGCGGTCAATACC-1,d1_SRX5025980@@_GTAAAGACGATC,11.971830985915492,Epidermis,Root cap
SRX9174978@@_GAAACTCCAAGCGATG-1,d1_SRX5025979@@_AAGGCGTGGGTG,11.172535211267606,Cortex,Epidermis
SRX9174978@@_GAAACTCCACAGACTT-1,d1_SRX5025981@@_GTTCTTCCTGGA,11.200704225352112,Epidermis,Endodermis
SRX9174978@@_GAAATGAAGGGATCTG-1,d1_SRX5025981@@_GATCGCCAGAAT,10.454225352112676,Procambium,Stele
SRX9174978@@_GAAATGAGTTTACTCT-1,d1_SRX5025983@@_TTATAATCTCCC,10.003521126760564,Pericycle,Xylem
SRX9174978@@_GAAATGATCACAATGC-1,d1_SRX5025981@@_AAGCACGATCAT,10.475352112676056,Procambium,Columella
SRX9174978@@_GAAATGATCTTCAACT-1,d1_SRX5025979@@_CGCCTTTGAACA,11.035211267605634,Root cap,Root hair
SRX9174978@@_GAACATCAGTCATGCT-1,d1_SRX5025981@@_ATCTACAACGGT,10.883802816901408,Epidermis,Cortex
SRX9174978@@_GAACATCAGTGCCAGA-1,d1_SRX5025979@@_TTATGGAAGATC,12.169014084507042,Epidermis,Cortex
SRX9174978@@_GAACATCGTCCGAATT-1,d1_SRX5025979@@_ATTATTGCCAAA,11.169014084507042,Epidermis,LRC
SRX9174978@@_GAACATCGTGAAGGCT-1,d1_SRX5025985@@_CCGAACCCGCTA,10.549295774647888,Epidermis,LRC
SRX9174978@@_GAACATCTCTGGTATG-1,d1_SRX5025988@@_AAGATTGGGAGT,10.78169014084507,Procambium,Root hair
SRX9174978@@_GAACCTATCCGTACAA-1,d1_SRX5025982@@_TTCAGTTGAGGC,11.05281690140845,Procambium,Stele
SRX9174978@@_GAACGGAAGGATGGTC-1,d1_SRX5025988@@_ATATCGAGAGCA,10.943661971830986,Endodermis,Stele
SRX9174978@@_GAACGGACAATGGTCT-1,d1_SRX5025981@@_ACGCGTGCACCT,10.81338028169014,Root cap,Root hair
SRX9174978@@_GAATAAGGTTCCGTCT-1,d1_SRX5025980@@_CAATTGTCCATC,11.669014084507042,Procambium,LRC
SRX9174978@@_GAATGAAAGTACGATA-1,d1_SRX5025979@@_TGTGGACCCTTG,10.975352112676056,Epidermis,LRC
SRX9174978@@_GAATGAAGTTCGTCTC-1,d1_SRX5025988@@_GCAATTGGGGGT,11.295774647887324,Epidermis,LRC
SRX9174978@@_GAATGAAGTTTGCATG-1,d1_SRX5025987@@_CCACTAAGCCTA,11.352112676056338,Epidermis,LRC
SRX9174978@@_GACACGCAGCCACTAT-1,d1_SRX5025981@@_TGAGGTGAGACC,10.605633802816902,Endodermis,Endodermis
SRX9174978@@_GACACGCGTCAATGTC-1,d1_SRX5025979@@_ACTAGTGGGCCT,11.01056338028169,Endodermis,Endodermis
SRX9174978@@_GACCAATAGCGTAGTG-1,d1_SRX5025980@@_TTTTGTCTACTC,11.102112676056338,Epidermis,LRC
SRX9174978@@_GACCAATAGTAGTGCG-1,d1_SRX5025981@@_ACAAGATACAGC,11.017605633802816,Procambium,Endodermis
SRX9174978@@_GACCAATCAGTCCTTC-1,d1_SRX5025988@@_TTGAACCTTCAC,10.03169014084507,Root cap,Epidermis
SRX9174978@@_GACCTGGTCTAGAGTC-1,d1_SRX5025981@@_GTTACAAATGCG,11.640845070422536,Pericycle,Epidermis
SRX9174978@@_GACGCGTAGTAATCCC-1,d1_SRX5025981@@_GTACCCTCCGAG,10.767605633802816,Cortex,Root hair
SRX9174978@@_GACGGCTAGGACTGGT-1,d1_SRX5025980@@_TGACCTGTACGT,11.06338028169014,Epidermis,LRC
SRX9174978@@_GACGGCTCAATAGAGT-1,d1_SRX5025981@@_GGCATGCCTTTT,10.17605633802817,Pericycle,Columella
SRX9174978@@_GACGGCTGTTCTGGTA-1,d1_SRX5025988@@_CCTATACTGTTT,11.54225352112676,Endodermis,Endodermis
SRX9174978@@_GACGGCTTCATGCTCC-1,d1_SRX5025986@@_AAATACACCTTA,10.637323943661972,Pericycle,Phloem
SRX9174978@@_GACGGCTTCCTAGTGA-1,d1_SRX5025981@@_CATGTCTCTCAA,9.647887323943662,Procambium,Root hair
SRX9174978@@_GACGTGCAGCCTCGTG-1,d1_SRX5025981@@_CTATGTAAGGCC,10.711267605633802,Root hair,Root hair
SRX9174978@@_GACGTGCTCCATGAGT-1,d1_SRX5025982@@_GTACTGGCGCTG,9.866197183098592,Procambium,Xylem
SRX9174978@@_GACGTGCTCTTGTACT-1,d1_SRX5025981@@_ACAGACGGCACT,11.330985915492958,Root cap,Epidermis
SRX9174978@@_GACGTTAAGCGTTCCG-1,d1_SRX5025981@@_AAGCACGATCTC,9.834507042253522,Procambium,Columella
SRX9174978@@_GACGTTAAGTTAGCGG-1,d1_SRX5025981@@_CCGAGCCGACGG,10.422535211267606,Procambium,Endodermis
SRX9174978@@_GACGTTACAGCCTTGG-1,d1_SRX5025988@@_TCGCTCCGTCGT,10.140845070422536,Endodermis,Stele
SRX9174978@@_GACGTTAGTCTGCGGT-1,d1_SRX5025981@@_CATGTCTCTCAA,9.93661971830986,Procambium,Root hair
SRX9174978@@_GACTAACAGCTAGTCT-1,d1_SRX5025984@@_CAATCTAGCGTT,10.570422535211268,Epidermis,LRC
SRX9174978@@_GACTACACAAAGGAAG-1,d1_SRX5025987@@_GAAAATCAAGGA,10.295774647887324,Root cap,Root hair
SRX9174978@@_GACTACACAAGCTGAG-1,d1_SRX5025981@@_GCTGCCTTTTTT,11.137323943661972,Epidermis,Columella
SRX9174978@@_GACTGCGAGATAGCAT-1,d1_SRX5025981@@_CATTTCATAAGG,9.848591549295774,Pericycle,Endodermis
SRX9174978@@_GACTGCGGTGTGCGTC-1,d1_SRX5025981@@_ACAGACGGCACT,11.46830985915493,Endodermis,Epidermis
SRX9174978@@_GACTGCGTCTACTCAT-1,d1_SRX5025987@@_GGTTTGCCATGA,10.503521126760564,Root cap,Epidermis
SRX9174978@@_GAGCAGATCCTCAATT-1,d1_SRX5025980@@_TCGTTAATCCCC,11.411971830985916,Epidermis,LRC
SRX9174978@@_GAGGTGATCCTAGGGC-1,d1_SRX5025987@@_AGAGCAGTTAGT,11.23943661971831,Root cap,Root cap
SRX9174978@@_GAGTCCGCATCCCATC-1,d1_SRX5025984@@_GCCTGGTTACTC,9.876760563380282,Endodermis,Cortex
SRX9174978@@_GAGTCCGTCCCTCTTT-1,d1_SRX5025980@@_AGATGACCGCTA,11.341549295774648,Root hair,Root hair
SRX9174978@@_GATCAGTGTAAGGATT-1,d1_SRX5025982@@_ATCCTAAGGATG,10.320422535211268,Endodermis,Endodermis
SRX9174978@@_GATCGCGAGAGCTTCT-1,d1_SRX5025980@@_AAGAGTCAAAAT,9.43661971830986,Root hair,Root hair
SRX9174978@@_GATCGCGGTCATGCAT-1,d1_SRX5025980@@_AGACACAGCTCG,11.253521126760564,Epidermis,Epidermis
SRX9174978@@_GATCGTAAGCCTATGT-1,d1_SRX5025985@@_TCGTCGTCTGCT,9.841549295774648,Endodermis,Stele
SRX9174978@@_GATCGTATCGGATGGA-1,d1_SRX5025981@@_ATGGGTATAACA,10.753521126760564,Root cap,Epidermis
SRX9174978@@_GATCTAGTCTATCCCG-1,d1_SRX5025981@@_AAATACCGGAAC,10.700704225352112,Root cap,Root cap
SRX9174978@@_GATGAAACATCACGAT-1,d1_SRX5025982@@_CATGAAAGCCAG,10.56338028169014,Cortex,Cortex
SRX9174978@@_GATGAAACATGTTCCC-1,d1_SRX5025982@@_GACTAGCCATGT,11.04225352112676,Procambium,Stele
SRX9174978@@_GATGCTAAGAAGAAGC-1,d1_SRX5025981@@_TCCCTCCTGCAC,10.246478873239436,Pericycle,Stele
SRX9174978@@_GATGCTAAGAAGGTGA-1,d1_SRX5025987@@_TACGTGAGCAGA,11.408450704225352,Root cap,Epidermis
SRX9174978@@_GATGCTACAAACCCAT-1,d1_SRX5025983@@_CATGAAGGATTA,10.933098591549296,Epidermis,Epidermis
SRX9174978@@_GATGCTAGTGATGTCT-1,d1_SRX5025986@@_ACTTACAAAGAA,10.845070422535212,Root cap,Epidermis
SRX9174978@@_GATGCTATCGGAATCT-1,d1_SRX5025981@@_ACATTCCGATGT,11.742957746478874,Cortex,Cortex
SRX9174978@@_GATTCAGTCGCGCCAA-1,d1_SRX5025980@@_CTCTTGCTTAGG,11.306338028169014,Root cap,Epidermis
SRX9174978@@_GCAAACTAGTGCAAGC-1,d1_SRX5025979@@_TTATGGAAGATC,11.07394366197183,Epidermis,Cortex
SRX9174978@@_GCACATAGTGTTGAGG-1,d1_SRX5025988@@_ATATCGAGAGCA,10.102112676056338,Endodermis,Stele
SRX9174978@@_GCACTCTAGAAACGAG-1,d1_SRX5025988@@_CGCAGAATGGTC,11.274647887323944,Root cap,Epidermis
SRX9174978@@_GCACTCTAGTTTAGGA-1,d1_SRX5025979@@_TTTAAGGCGACT,11.440140845070422,Root cap,Root hair
SRX9174978@@_GCACTCTTCCTTCAAT-1,d1_SRX5025979@@_ACCATTAGCCAC,10.306338028169014,Epidermis,Root hair
SRX9174978@@_GCAGCCACACGAGGTA-1,d1_SRX5025981@@_GTCTACGAGCGT,11.352112676056338,Epidermis,Epidermis
SRX9174978@@_GCAGCCAGTTCCGTCT-1,d1_SRX5025986@@_CTGTTAAGGAGG,10.43661971830986,Endodermis,Endodermis
SRX9174978@@_GCAGTTAAGACTACAA-1,d1_SRX5025987@@_CCTAGAGTCGAG,11.415492957746478,Endodermis,Endodermis
SRX9174978@@_GCAGTTAGTCACACGC-1,d1_SRX5025986@@_ACCCCCGCTGTA,10.257042253521126,Root cap,Root cap
SRX9174978@@_GCAGTTATCAACGGCC-1,d1_SRX5025980@@_CGGATCCTATAG,9.204225352112676,Root hair,Root hair
SRX9174978@@_GCAGTTATCACCGGGT-1,d1_SRX5025986@@_TCGAGCCTTCCT,10.119718309859154,Procambium,Stele
SRX9174978@@_GCAGTTATCCCTCTTT-1,d1_SRX5025981@@_GCGAAGGCACGC,11.56338028169014,Epidermis,Root cap
SRX9174978@@_GCATACAGTCAGAAGC-1,d1_SRX5025982@@_CATTAGCCTCCG,11.341549295774648,Epidermis,Epidermis
SRX9174978@@_GCATACATCCCAGGTG-1,d1_SRX5025987@@_GCCAAGCCATCG,10.190140845070422,Pericycle,Stele
SRX9174978@@_GCATGATTCCCAAGAT-1,d1_SRX5025980@@_AGACACAGCTCG,11.26056338028169,Epidermis,Epidermis
SRX9174978@@_GCATGATTCTTGTATC-1,d1_SRX5025979@@_ACACGGACCCAG,10.475352112676056,Endodermis,Stele
SRX9174978@@_GCATGCGAGTTGAGAT-1,d1_SRX5025981@@_TGAGGTGAGCTA,11.119718309859154,Procambium,Endodermis
SRX9174978@@_GCATGCGTCGAATGGG-1,d1_SRX5025988@@_CCGTAATTCGAG,10.577464788732394,Endodermis,Endodermis
SRX9174978@@_GCATGTAGTTAAGGGC-1,d1_SRX5025987@@_CAGAAATGCGAT,10.591549295774648,Procambium,Columella
SRX9174978@@_GCATGTATCTCCCTGA-1,d1_SRX5025987@@_TCTGAGAGGAAC,10.214788732394366,Pericycle,Endodermis
SRX9174978@@_GCCAAATCAATACGCT-1,d1_SRX5025980@@_AGACCAGTTGTA,11.503521126760564,Epidermis,Epidermis
SRX9174978@@_GCCAAATCATCGATGT-1,d1_SRX5025988@@_ATATCGAGAGCA,9.338028169014084,Procambium,Stele
SRX9174978@@_GCCAAATTCGGGAGTA-1,d1_SRX5025980@@_TCACCAAGCACG,10.852112676056338,Endodermis,Stele
SRX9174978@@_GCCTCTATCCTAGTGA-1,d1_SRX5025988@@_CCTTTGTCTCAA,8.908450704225352,Root cap,Root hair
SRX9174978@@_GCGACCAGTTAAGATG-1,d1_SRX5025983@@_CGCGCGATACGC,10.003521126760564,Endodermis,Endodermis
SRX9174978@@_GCGAGAAAGCGGATCA-1,d1_SRX5025987@@_AGAGGGCCGTGA,10.982394366197184,Root cap,Columella
SRX9174978@@_GCGAGAACATGTCGAT-1,d1_SRX5025988@@_ATATCGAGAGCA,10.0,Pericycle,Stele
SRX9174978@@_GCGCAACGTGATAAAC-1,d1_SRX5025981@@_ACATTCACGAAA,10.211267605633802,Root hair,Root hair
SRX9174978@@_GCGCAACGTGGCTCCA-1,d1_SRX5025981@@_ATTACTGAAGTT,10.964788732394366,Epidermis,Root hair
SRX9174978@@_GCGCAGTTCGTAGATC-1,d1_SRX5025988@@_GGGGTCTGAATG,11.404929577464788,Root cap,Root cap
SRX9174978@@_GCGCGATCACCGTTGG-1,d1_SRX5025981@@_GACGAGTCTCAG,11.866197183098592,Epidermis,Epidermis
SRX9174978@@_GCGCGATCATTTGCTT-1,d1_SRX5025983@@_GCGGGGTGGTTA,10.404929577464788,Procambium,Stele
SRX9174978@@_GCGCGATGTAGGCTGA-1,d1_SRX5025981@@_TAACACGAACAC,10.225352112676056,Procambium,Stele
SRX9174978@@_GCTCCTAAGCGTGAAC-1,d1_SRX5025981@@_TCATTGTTCTGC,10.091549295774648,Endodermis,Endodermis
SRX9174978@@_GCTCCTATCATGTAGC-1,d1_SRX5025980@@_GATCCTTGTGGC,11.658450704225352,Root cap,Root hair
SRX9174978@@_GCTCTGTAGTAGCGGT-1,d1_SRX5025979@@_TAGACCGGGGGT,10.380281690140846,Procambium,Stele
SRX9174978@@_GCTCTGTTCTGGGCCA-1,d1_SRX5025987@@_GAGCCCTATAAA,9.450704225352112,Procambium,Xylem
SRX9174978@@_GCTGCAGAGCGTAATA-1,d1_SRX5025981@@_AAGCACGATCGC,9.79225352112676,Pericycle,Columella
SRX9174978@@_GCTGCAGTCGCCAAAT-1,d1_SRX5025987@@_TGGGCGCGTATT,10.894366197183098,Endodermis,Cortex
SRX9174978@@_GCTGCGAAGGAGTTGC-1,d1_SRX5025981@@_TGGTCGAACCTT,11.690140845070422,Epidermis,Endodermis
SRX9174978@@_GCTGCGAGTGGGTCAA-1,d1_SRX5025983@@_TGGAAGTATTTG,11.5,Pericycle,Xylem
SRX9174978@@_GCTGCTTCACATTCGA-1,d1_SRX5025980@@_CGGTCTTAATCG,11.401408450704226,Epidermis,LRC
SRX9174978@@_GCTGCTTTCAGTCCCT-1,d1_SRX5025980@@_CAGGTGGCTCGA,9.82394366197183,Procambium,Root hair
SRX9174978@@_GCTTCCAAGCCGTCGT-1,d1_SRX5025984@@_TCCGGCTAGAGT,11.232394366197184,Epidermis,LRC
SRX9174978@@_GCTTCCACACCCTATC-1,d1_SRX5025980@@_ATCGCCTCACCG,10.654929577464788,Endodermis,Endodermis
SRX9174978@@_GCTTCCAGTAGGCTGA-1,d1_SRX5025982@@_CGTTCACCTATG,11.095070422535212,Endodermis,Endodermis
SRX9174978@@_GCTTCCAGTTAAAGAC-1,d1_SRX5025986@@_TGGACTTTTGAC,10.711267605633802,Pericycle,Phloem
SRX9174978@@_GCTTCCATCTACCTGC-1,d1_SRX5025980@@_TCTACTGGCAGA,10.51056338028169,Epidermis,LRC
SRX9174978@@_GCTTCCATCTGCGACG-1,d1_SRX5025983@@_CCATACCAGGCA,10.049295774647888,Pericycle,Endodermis
SRX9174978@@_GCTTGAAAGCGCTTAT-1,d1_SRX5025987@@_AGTCAGTCACTA,10.570422535211268,Endodermis,Stele
SRX9174978@@_GCTTGAAGTCTAGAGG-1,d1_SRX5025981@@_GGTAGGGTCGAT,10.133802816901408,Pericycle,Stele
SRX9174978@@_GGAAAGCCACACAGAG-1,d1_SRX5025987@@_CTGGCAGTGAGT,10.609154929577464,Root cap,Root hair
SRX9174978@@_GGAAAGCCATTAGGCT-1,d1_SRX5025979@@_TAGTCGAGGGAT,10.890845070422536,Epidermis,LRC
SRX9174978@@_GGAAAGCGTAAACCTC-1,d1_SRX5025981@@_TCGCCGGGATTG,10.880281690140846,Epidermis,Epidermis
SRX9174978@@_GGAAAGCGTATGAAAC-1,d1_SRX5025988@@_TGGGTAGTTCTG,10.714788732394366,Procambium,Stele
SRX9174978@@_GGAATAAAGAGGTACC-1,d1_SRX5025979@@_TGCGGTACGTCG,10.866197183098592,Root cap,Root cap
SRX9174978@@_GGAATAAAGCTGTTCA-1,d1_SRX5025981@@_ATATCTTACTGT,11.154929577464788,Procambium,Stele
SRX9174978@@_GGAATAAGTAGAGGAA-1,d1_SRX5025981@@_AACTCCGACACA,10.46830985915493,Procambium,Stele
SRX9174978@@_GGACAAGCATGCTAGT-1,d1_SRX5025982@@_GAGCTCGGGCTG,10.098591549295774,Epidermis,LRC
SRX9174978@@_GGACAGAAGCGCTTAT-1,d1_SRX5025988@@_TCGCTCCGTCGT,9.852112676056338,Procambium,Stele
SRX9174978@@_GGACAGAGTGCCTGTG-1,d1_SRX5025984@@_ATTACGCCTAGG,10.264084507042254,Endodermis,Endodermis
SRX9174978@@_GGACATTCATCCCATC-1,d1_SRX5025981@@_CCCCTCAAGGTG,10.848591549295774,Root cap,Root hair
SRX9174978@@_GGACATTGTTATCACG-1,d1_SRX5025979@@_TTATGGAAGATC,11.915492957746478,Epidermis,Cortex
SRX9174978@@_GGACGTCAGTTGAGTA-1,d1_SRX5025981@@_CAACAAATCGTC,11.017605633802816,Epidermis,Cortex
SRX9174978@@_GGACGTCCACAGCCCA-1,d1_SRX5025983@@_GGAACGTCGCTA,10.394366197183098,Procambium,Phloem
SRX9174978@@_GGAGCAAGTCATACTG-1,d1_SRX5025981@@_GACGATTCGTGT,10.732394366197184,Endodermis,Endodermis
SRX9174978@@_GGAGCAAGTCGAACAG-1,d1_SRX5025988@@_AGTTGCTGGATT,11.433098591549296,Cortex,Cortex
SRX9174978@@_GGATTACGTCTGATCA-1,d1_SRX5025986@@_GGTAATGATTAT,11.024647887323944,Epidermis,Cortex
SRX9174978@@_GGATTACGTTACGTCA-1,d1_SRX5025981@@_CAGGAAGGAGTT,11.376760563380282,Epidermis,Cortex
SRX9174978@@_GGATTACTCCTGCCAT-1,d1_SRX5025987@@_AGGAGAGGGGCA,11.507042253521126,Root cap,Root hair
SRX9174978@@_GGCAATTGTATATCCG-1,d1_SRX5025987@@_AGACAGCCGCTA,10.06338028169014,Endodermis,Endodermis
SRX9174978@@_GGCCGATGTAGTACCT-1,d1_SRX5025987@@_ATGGATGAAGGA,10.559859154929578,Endodermis,Endodermis
SRX9174978@@_GGCGACTCAAGACACG-1,d1_SRX5025981@@_ATTCAGCGGCCT,11.341549295774648,Epidermis,Cortex
SRX9174978@@_GGCGACTTCCGTCATC-1,d1_SRX5025981@@_CTGATCTATTAT,10.901408450704226,Epidermis,Cortex
SRX9174978@@_GGCGACTTCGCTTAGA-1,d1_SRX5025985@@_CAAATTCCGATC,10.144366197183098,Endodermis,Stele
SRX9174978@@_GGCGTGTGTCTGCGGT-1,d1_SRX5025987@@_GTTCATACCCCT,10.873239436619718,Endodermis,Endodermis
SRX9174978@@_GGCGTGTTCTCGTTTA-1,d1_SRX5025987@@_CTAGAACAATCT,10.165492957746478,Cortex,Cortex
SRX9174978@@_GGCTCGACAGCCTTTC-1,d1_SRX5025986@@_TCTGGACTATGC,11.454225352112676,Endodermis,Endodermis
SRX9174978@@_GGCTCGATCGTTTGCC-1,d1_SRX5025980@@_TGGTCTATGATC,11.44718309859155,Root hair,Root hair
SRX9174978@@_GGCTGGTAGATCGATA-1,d1_SRX5025981@@_AATACCTCGTGA,11.764084507042254,Root cap,Epidermis
SRX9174978@@_GGCTGGTCAAGCGCTC-1,d1_SRX5025981@@_ATGGTCCCGCCG,11.401408450704226,Epidermis,Epidermis
SRX9174978@@_GGCTGGTGTGGCAAAC-1,d1_SRX5025981@@_AACTCCGACACA,10.383802816901408,Endodermis,Stele
SRX9174978@@_GGCTGGTTCCTTGGTC-1,d1_SRX5025987@@_GCTGGCTTCAAT,10.242957746478874,Procambium,Stele
SRX9174978@@_GGCTGGTTCGGCTTGG-1,d1_SRX5025987@@_GTCGGGCTCACG,10.507042253521126,Root cap,Epidermis
SRX9174978@@_GGGACCTAGACTTGAA-1,d1_SRX5025985@@_GCCATGAGAGGT,10.109154929577464,Endodermis,Endodermis
SRX9174978@@_GGGATGACAACGCACC-1,d1_SRX5025979@@_ATTGTTAGTAGT,10.51056338028169,Root hair,Root hair
SRX9174978@@_GGGATGATCAGAGCTT-1,d1_SRX5025987@@_ATCATATATCGC,11.035211267605634,Procambium,Endodermis
SRX9174978@@_GGGCACTAGGCGATAC-1,d1_SRX5025987@@_GAGCCCTATAAA,9.746478873239436,Procambium,Xylem
SRX9174978@@_GGGCACTGTTCAGCGC-1,d1_SRX5025981@@_GCGGGATTCCAA,10.904929577464788,Epidermis,Endodermis
SRX9174978@@_GGGCACTTCATCTGCC-1,d1_SRX5025980@@_GTCAAAATCCGG,11.214788732394366,Epidermis,Epidermis
SRX9174978@@_GGGCATCGTAAACACA-1,d1_SRX5025985@@_GGGCAATTATCA,10.81338028169014,Endodermis,Cortex
SRX9174978@@_GGGTCTGGTGCAACGA-1,d1_SRX5025980@@_ATCGCCTCACCG,10.852112676056338,Endodermis,Endodermis
SRX9174978@@_GGGTCTGTCTTTCCTC-1,d1_SRX5025982@@_CACATAGACTGC,10.584507042253522,Pericycle,Phloem
SRX9174978@@_GGGTTGCCAAGAAAGG-1,d1_SRX5025980@@_CCTCACCGCTAA,10.669014084507042,Root cap,Root hair
SRX9174978@@_GGTATTGGTTAAAGTG-1,d1_SRX5025980@@_TCACCAAGCACG,10.517605633802816,Endodermis,Stele
SRX9174978@@_GGTATTGTCAAACGGG-1,d1_SRX5025981@@_GTGAGCACTCGC,11.647887323943662,Epidermis,Root hair
SRX9174978@@_GGTGCGTCAAGGACAC-1,d1_SRX5025981@@_AACCTTCGCGGT,11.81338028169014,Epidermis,Epidermis
SRX9174978@@_GGTGTTAGTGGAAAGA-1,d1_SRX5025979@@_CTCCCTGCGCCG,10.285211267605634,Pericycle,Root hair
SRX9174978@@_GTAACGTGTGAGGCTA-1,d1_SRX5025987@@_TTATTGGCGGCG,10.316901408450704,Root cap,Root cap
SRX9174978@@_GTAACGTTCTACTCAT-1,d1_SRX5025987@@_AACTAATTGACT,9.81338028169014,Endodermis,Stele
SRX9174978@@_GTAACTGAGAGCCTAG-1,d1_SRX5025980@@_GCGTTAGTAACC,11.130281690140846,Epidermis,LRC
SRX9174978@@_GTAACTGAGCCGATTT-1,d1_SRX5025979@@_CCCTCGCCGTAC,12.492957746478874,Epidermis,LRC
SRX9174978@@_GTAACTGTCACATGCA-1,d1_SRX5025984@@_GGCATTGCCCGT,11.123239436619718,Root cap,Epidermis
SRX9174978@@_GTACTCCTCAGAAATG-1,d1_SRX5025980@@_ATCGTGGCTCAG,11.461267605633802,Root cap,Root hair
SRX9174978@@_GTACTTTAGGACCACA-1,d1_SRX5025987@@_CGTGTGACTTTC,10.841549295774648,Epidermis,Epidermis
SRX9174978@@_GTAGGCCCAATAGAGT-1,d1_SRX5025987@@_CCCGCGCGGTCG,10.911971830985916,Endodermis,Endodermis
SRX9174978@@_GTAGGCCTCAGGTAAA-1,d1_SRX5025979@@_ATCGTATAGGGA,11.25,Endodermis,Endodermis
SRX9174978@@_GTAGTCAAGACTAGAT-1,d1_SRX5025979@@_TAATCTTAACCT,10.471830985915492,Root cap,Root hair
SRX9174978@@_GTAGTCATCCGTTGTC-1,d1_SRX5025980@@_TCGACGTCTCTC,11.75,Epidermis,LRC
SRX9174978@@_GTATCTTCATTGGCGC-1,d1_SRX5025987@@_AGAAACTTGGGC,10.119718309859154,Endodermis,Endodermis
SRX9174978@@_GTATTCTCAACTGCTA-1,d1_SRX5025981@@_TTGGTTAATTCG,11.22887323943662,Endodermis,Endodermis
SRX9174978@@_GTATTCTGTATGGTTC-1,d1_SRX5025981@@_ATCTACAACGGA,11.348591549295774,Epidermis,Cortex
SRX9174978@@_GTCAAGTAGATCCCAT-1,d1_SRX5025982@@_TTAGTTTTATTA,10.02112676056338,Endodermis,Endodermis
SRX9174978@@_GTCAAGTCACGTCTCT-1,d1_SRX5025981@@_AAGAGAATTTAC,11.038732394366198,Epidermis,Root hair
SRX9174978@@_GTCACAAGTAGCAAAT-1,d1_SRX5025987@@_TCCAGGGCCCCC,9.845070422535212,Pericycle,Columella
SRX9174978@@_GTCACGGAGAATGTGT-1,d1_SRX5025981@@_ATGATTGATCGA,11.05281690140845,Epidermis,Root hair
SRX9174978@@_GTCACGGGTTGGTTTG-1,d1_SRX5025985@@_AGACATGGATAA,10.904929577464788,Root cap,Root cap
SRX9174978@@_GTCACGGTCCCTGACT-1,d1_SRX5025985@@_TCGTCGTCTGCT,10.22887323943662,Procambium,Stele
SRX9174978@@_GTCATTTTCACAGGCC-1,d1_SRX5025981@@_GGTAGGGTCGCT,9.943661971830986,Pericycle,Stele
SRX9174978@@_GTCGGGTAGCAAATCA-1,d1_SRX5025987@@_GGGGAAGGAAGG,10.690140845070422,Root cap,Root hair
SRX9174978@@_GTCGGGTAGCTCTCGG-1,d1_SRX5025986@@_ACTTACAAAGAA,10.971830985915492,Root cap,Epidermis
SRX9174978@@_GTCGGGTTCATCATTC-1,d1_SRX5025987@@_CCCTCGGCGAGA,10.341549295774648,Procambium,Stele
SRX9174978@@_GTCGTAAAGTTAACGA-1,d1_SRX5025987@@_TAGGGATGAGCC,11.570422535211268,Endodermis,Columella
SRX9174978@@_GTCGTAAGTTATCCGA-1,d1_SRX5025988@@_ATGCGAACAGAT,9.830985915492958,Root hair,Root hair
SRX9174978@@_GTCGTAAGTTGCGTTA-1,d1_SRX5025981@@_GTCCTGCACCAT,10.285211267605634,Epidermis,Root cap
SRX9174978@@_GTCGTAATCTGTCCGT-1,d1_SRX5025986@@_GCCATTCGCCGC,10.93661971830986,Endodermis,Endodermis
SRX9174978@@_GTCTCGTCAGTATCTG-1,d1_SRX5025979@@_GACTTTTCGAGC,12.492957746478874,Epidermis,Root cap
SRX9174978@@_GTCTTCGAGAGGTACC-1,d1_SRX5025981@@_GTCTACGAGCGG,11.626760563380282,Epidermis,Epidermis
SRX9174978@@_GTGAAGGAGCTTTGGT-1,d1_SRX5025984@@_GCGGGCTCGATG,10.690140845070422,Epidermis,LRC
SRX9174978@@_GTGAAGGAGTACGCGA-1,d1_SRX5025981@@_TCGCCATGAAGG,11.517605633802816,Epidermis,Root cap
SRX9174978@@_GTGAAGGAGTGGAGTC-1,d1_SRX5025984@@_CTCCCAGTGTAT,11.056338028169014,Epidermis,LRC
SRX9174978@@_GTGCAGCTCAGCGATT-1,d1_SRX5025981@@_GGTAGGGTCCCC,10.102112676056338,Pericycle,Stele
SRX9174978@@_GTGCAGCTCCTACAGA-1,d1_SRX5025981@@_CTCCGCATGGGT,10.119718309859154,Pericycle,Stele
SRX9174978@@_GTGCAGCTCTGTGCAA-1,d1_SRX5025987@@_GGGCGGCAGTAA,10.890845070422536,Root cap,Root hair
SRX9174978@@_GTGCATAAGAGACTTA-1,d1_SRX5025982@@_CAACCGACCGTT,11.5,Endodermis,Root cap
SRX9174978@@_GTGCATACAAAGCAAT-1,d1_SRX5025981@@_TTGATTTCACTC,11.651408450704226,Epidermis,LRC
SRX9174978@@_GTGCATACACATGGGA-1,d1_SRX5025988@@_TCATAGCCTAAT,11.461267605633802,Procambium,Epidermis
SRX9174978@@_GTGCGGTAGTATTGGA-1,d1_SRX5025988@@_CTAGATGAGGTC,10.348591549295774,Endodermis,Columella
SRX9174978@@_GTGCGGTGTTTGCATG-1,d1_SRX5025981@@_GACTCGATCCCG,11.183098591549296,Epidermis,Root hair
SRX9174978@@_GTGCGGTTCGCCATAA-1,d1_SRX5025981@@_CACTAGACAAAT,11.47887323943662,Root hair,Root hair
SRX9174978@@_GTGCTTCAGGATGGAA-1,d1_SRX5025981@@_TCCTCATTTAAA,10.059859154929578,Pericycle,Xylem
SRX9174978@@_GTGCTTCAGGCTAGAC-1,d1_SRX5025987@@_TGAGCGAGTCAC,10.609154929577464,Pericycle,LRC
SRX9174978@@_GTGCTTCGTCCAGTGC-1,d1_SRX5025980@@_CTCATGTAGAAA,11.461267605633802,Epidermis,Cortex
SRX9174978@@_GTGCTTCTCATTTGGG-1,d1_SRX5025987@@_CATTCTCATGAG,10.161971830985916,Endodermis,Cortex
SRX9174978@@_GTGGGTCAGTGTTGAA-1,d1_SRX5025987@@_TACCTTAGGGTC,11.25,Cortex,Endodermis
SRX9174978@@_GTGTGCGAGTATTGGA-1,d1_SRX5025981@@_AAGCACGATCGC,9.901408450704226,Pericycle,Columella
SRX9174978@@_GTGTGCGCAAGTAGTA-1,d1_SRX5025981@@_GTGAGAACGGGC,11.179577464788732,Epidermis,Epidermis
SRX9174978@@_GTTCGGGAGGCTCATT-1,d1_SRX5025985@@_GCCAGTCGTTGG,10.971830985915492,Epidermis,LRC
SRX9174978@@_TAAGAGAAGCCCTAAT-1,d1_SRX5025981@@_AGTACTAGGGTT,10.647887323943662,Endodermis,Endodermis
SRX9174978@@_TAAGAGAGTACCGTAT-1,d1_SRX5025981@@_ATTCAGCGGCTC,11.084507042253522,Epidermis,Cortex
SRX9174978@@_TAAGAGAGTAGCGTGA-1,d1_SRX5025981@@_GACGTCAGGGAT,10.795774647887324,Epidermis,Xylem
SRX9174978@@_TAAGAGAGTTAAGTAG-1,d1_SRX5025982@@_TTGCTCGTGTAA,11.71830985915493,Endodermis,Endodermis
SRX9174978@@_TAAGAGATCTTACCTA-1,d1_SRX5025985@@_CTGAGAGTTACT,9.827464788732394,Endodermis,Stele
SRX9174978@@_TAAGCGTAGTGGCACA-1,d1_SRX5025981@@_AAGGGCGTGCCG,10.570422535211268,Procambium,Stele
SRX9174978@@_TAAGCGTCACCTCGGA-1,d1_SRX5025987@@_AGGAGAGGGGCA,10.598591549295774,Root cap,Root hair
SRX9174978@@_TAAGCGTGTACATCCA-1,d1_SRX5025981@@_TCACAGCTCGCT,10.482394366197184,Endodermis,Endodermis
SRX9174978@@_TAAGTGCGTCAGTGGA-1,d1_SRX5025981@@_CATGTCTCTCAA,9.940140845070422,Procambium,Root hair
SRX9174978@@_TACACGACACACTGCG-1,d1_SRX5025980@@_AACTTGATTCAC,11.732394366197184,Epidermis,Root cap
SRX9174978@@_TACACGAGTTAAGATG-1,d1_SRX5025987@@_GGTCCAACATAC,11.04225352112676,Endodermis,Cortex
SRX9174978@@_TACCTATGTTGGTGGA-1,d1_SRX5025981@@_CGGCCCGCTCAT,10.53169014084507,Root hair,Root hair
SRX9174978@@_TACCTTAAGCCGTCGT-1,d1_SRX5025980@@_GCGTTAGTAACC,10.672535211267606,Pericycle,LRC
SRX9174978@@_TACGGGCAGTAGCGGT-1,d1_SRX5025981@@_ACGGTAGCTCCG,10.933098591549296,Epidermis,Epidermis
SRX9174978@@_TACGGGCGTACAGCAG-1,d1_SRX5025988@@_GCTGAAAGCGAC,10.549295774647888,Root hair,Root hair
SRX9174978@@_TACGGGCGTACAGTGG-1,d1_SRX5025987@@_ACGACTCCTATC,10.767605633802816,Procambium,Stele
SRX9174978@@_TACGGGCGTTCTGTTT-1,d1_SRX5025981@@_TCTGCGTGGGAC,11.014084507042254,Epidermis,LRC
SRX9174978@@_TACGGGCTCGGCGCAT-1,d1_SRX5025983@@_ATGAAGGTTGCC,11.5,Pericycle,Stele
SRX9174978@@_TACGGTAAGTTGCAGG-1,d1_SRX5025988@@_GCAATGGCGCGT,10.235915492957746,Procambium,Xylem
SRX9174978@@_TACGGTACAGCGTCCA-1,d1_SRX5025980@@_TCACCAAGCACG,10.651408450704226,Endodermis,Stele
SRX9174978@@_TACGGTATCATGTCTT-1,d1_SRX5025981@@_TTCCCTTTCTGC,10.503521126760564,Pericycle,Stele
SRX9174978@@_TACTCATAGAGCCCAA-1,d1_SRX5025981@@_ATTCAGCGGCTC,11.612676056338028,Epidermis,Cortex
SRX9174978@@_TACTTACAGAGTGACC-1,d1_SRX5025983@@_TGCTGGGCAACA,10.45774647887324,Root cap,Root cap
SRX9174978@@_TACTTACCAATACGCT-1,d1_SRX5025981@@_AGCCGGTTGCTT,11.088028169014084,Epidermis,Cortex
SRX9174978@@_TACTTACTCCCTCTTT-1,d1_SRX5025987@@_CCAAGGATCCGG,11.246478873239436,Root cap,Epidermis
SRX9174978@@_TACTTGTTCGAGCCCA-1,d1_SRX5025984@@_GGGGCACATGGG,10.366197183098592,Root cap,Root cap
SRX9174978@@_TAGACCATCAACACTG-1,d1_SRX5025980@@_GAATAGACGATC,11.735915492957746,Root cap,Root hair
SRX9174978@@_TAGACCATCAGGTTCA-1,d1_SRX5025981@@_TTAGGCTAACCC,11.626760563380282,Endodermis,Endodermis
SRX9174978@@_TAGACCATCGTTGACA-1,d1_SRX5025987@@_GTCCTTCATTCT,10.154929577464788,Endodermis,Endodermis
SRX9174978@@_TAGAGCTAGCACCGCT-1,d1_SRX5025982@@_GAACATCAAACT,11.059859154929578,Procambium,Stele
SRX9174978@@_TAGAGCTAGTAGGTGC-1,d1_SRX5025985@@_TCTGTTTCGGGC,10.05281690140845,Epidermis,LRC
SRX9174978@@_TAGAGCTCAAGCCTAT-1,d1_SRX5025988@@_CAGCCAGCTCAG,10.799295774647888,Procambium,Xylem
SRX9174978@@_TAGAGCTTCAAGAAGT-1,d1_SRX5025987@@_GACTACGTGTCA,9.76056338028169,Procambium,Phloem
SRX9174978@@_TAGAGCTTCACATACG-1,d1_SRX5025981@@_CCGGCAATATAG,10.612676056338028,Endodermis,LRC
SRX9174978@@_TAGCCGGAGGAGCGAG-1,d1_SRX5025982@@_TCGGCTATTCTT,10.922535211267606,Pericycle,Stele
SRX9174978@@_TAGCCGGCACGGACAA-1,d1_SRX5025981@@_TTCACCTTTCTC,9.933098591549296,Pericycle,Stele
SRX9174978@@_TAGCCGGCATATACCG-1,d1_SRX5025987@@_GTGGTCCTAGGA,10.566901408450704,Root cap,Root cap
SRX9174978@@_TAGGCATAGACTTTCG-1,d1_SRX5025979@@_GTTGTCATTGTA,11.742957746478874,Epidermis,LRC
SRX9174978@@_TAGGCATGTACCAGTT-1,d1_SRX5025981@@_TTCACCTTTCTC,10.077464788732394,Endodermis,Stele
SRX9174978@@_TAGGCATTCGTAGGTT-1,d1_SRX5025980@@_ATAGTGTGAGGG,10.369718309859154,Epidermis,LRC
SRX9174978@@_TAGTGGTAGGTGCAAC-1,d1_SRX5025988@@_ATATCGAGAGCA,10.404929577464788,Procambium,Stele
SRX9174978@@_TAGTGGTCACCTCGTT-1,d1_SRX5025981@@_GACGTCTAGTTG,11.753521126760564,Epidermis,Root hair
SRX9174978@@_TAGTGGTCATCAGTAC-1,d1_SRX5025980@@_TCGTTAATCCCC,11.02112676056338,Epidermis,LRC
SRX9174978@@_TAGTGGTTCAACGCTA-1,d1_SRX5025982@@_CTGCCAGCCTCT,11.44718309859155,Root cap,LRC
SRX9174978@@_TAGTTGGAGAGTCGGT-1,d1_SRX5025981@@_AAGAGAATTTCT,11.919014084507042,Epidermis,Root hair
SRX9174978@@_TATCAGGAGAGGGATA-1,d1_SRX5025987@@_ATCAAGCCGACC,9.725352112676056,Cortex,Cortex
SRX9174978@@_TATCAGGAGTTGTAGA-1,d1_SRX5025987@@_TTCTCCGCCAGA,10.383802816901408,Root cap,Epidermis
SRX9174978@@_TATCTCAAGGCCATAG-1,d1_SRX5025988@@_CCGTCTAAGACT,10.22887323943662,Procambium,Xylem
SRX9174978@@_TATCTCACATATACCG-1,d1_SRX5025981@@_AAGCAGAATTTA,11.57394366197183,Epidermis,Root hair
SRX9174978@@_TATCTCATCTACTCAT-1,d1_SRX5025979@@_TTATGGAAGATC,11.390845070422536,Cortex,Cortex
SRX9174978@@_TATGCCCAGCTAGTCT-1,d1_SRX5025981@@_AGCGCATAGAGG,10.419014084507042,Root cap,Root cap
SRX9174978@@_TATTACCTCGGAAATA-1,d1_SRX5025980@@_GTCTGTCCTCGA,9.975352112676056,Epidermis,LRC
SRX9174978@@_TATTACCTCTCTGCTG-1,d1_SRX5025981@@_ATCTACAACGGA,11.806338028169014,Epidermis,Cortex
SRX9174978@@_TCAACGAAGAAGGTGA-1,d1_SRX5025987@@_ATTACCCATACA,11.528169014084508,Endodermis,Columella
SRX9174978@@_TCAACGAAGGCACATG-1,d1_SRX5025981@@_CCCGAAGTAATT,12.116197183098592,Epidermis,Epidermis
SRX9174978@@_TCAACGACAGGATTGG-1,d1_SRX5025981@@_TCGCCGGGATTG,10.584507042253522,Epidermis,Epidermis
SRX9174978@@_TCAACGAGTGTTTGTG-1,d1_SRX5025983@@_AACGTTACTCTC,10.556338028169014,Endodermis,Stele
SRX9174978@@_TCAATCTAGCGAAGGG-1,d1_SRX5025982@@_TAATTGTGGGTG,11.003521126760564,Endodermis,Endodermis
SRX9174978@@_TCAATCTGTTCCAACA-1,d1_SRX5025980@@_ACGTCAGCGTAG,11.545774647887324,Root cap,Root cap
SRX9174978@@_TCAATCTTCTCCAGGG-1,d1_SRX5025979@@_TTACTGTTAGAA,11.48943661971831,Root cap,Epidermis
SRX9174978@@_TCACAAGGTTACTGAC-1,d1_SRX5025981@@_CGGACTGTTCTA,10.70774647887324,Procambium,Xylem
SRX9174978@@_TCACGAAAGAACAATC-1,d1_SRX5025981@@_CTCCGCATGGGT,10.137323943661972,Pericycle,Stele
SRX9174978@@_TCACGAAAGCCACCTG-1,d1_SRX5025987@@_TTATTGCTATCG,12.070422535211268,Root cap,Root cap
SRX9174978@@_TCACGAACACCGAAAG-1,d1_SRX5025988@@_GGGTGCGGGGCA,10.320422535211268,Procambium,Stele
SRX9174978@@_TCACGAACATATGAGA-1,d1_SRX5025981@@_CAAGTGGCCATG,10.035211267605634,Procambium,Root hair
SRX9174978@@_TCAGATGAGAGTACAT-1,d1_SRX5025981@@_ACGACAGGATCG,9.98943661971831,Endodermis,Columella
SRX9174978@@_TCAGCAAAGGAATCGC-1,d1_SRX5025988@@_TGGTTTTGAGGC,11.535211267605634,Root cap,Root cap
SRX9174978@@_TCAGCAAAGTACGATA-1,d1_SRX5025979@@_GTCTTTGGGTTG,10.838028169014084,Epidermis,LRC
SRX9174978@@_TCAGCAATCAAACGGG-1,d1_SRX5025985@@_CCGAACCCGCTA,11.024647887323944,Epidermis,LRC
SRX9174978@@_TCAGGATAGACGCAAC-1,d1_SRX5025988@@_TTGAACCTTCAC,10.887323943661972,Root cap,Epidermis
SRX9174978@@_TCAGGATCAGCTTCGG-1,d1_SRX5025984@@_TGCTGCTTCTAC,11.46830985915493,Epidermis,Endodermis
SRX9174978@@_TCAGGTATCACTGGGC-1,d1_SRX5025979@@_CTGCCAGCAAGG,11.922535211267606,Epidermis,Epidermis
SRX9174978@@_TCAGGTATCCACGTTC-1,d1_SRX5025986@@_AGGTGCGTTACT,10.387323943661972,Procambium,Xylem
SRX9174978@@_TCATTACAGAAGGCCT-1,d1_SRX5025981@@_CTCCGCATGCGA,10.661971830985916,Pericycle,Stele
SRX9174978@@_TCATTTGAGCTACCTA-1,d1_SRX5025980@@_CCTGTCATCTCG,10.950704225352112,Epidermis,LRC
SRX9174978@@_TCATTTGGTATGAATG-1,d1_SRX5025982@@_CACGTGGCCGGG,10.211267605633802,Procambium,Columella
SRX9174978@@_TCATTTGGTGTCCTCT-1,d1_SRX5025979@@_AATGGTAGCACG,10.873239436619718,Procambium,Root hair
SRX9174978@@_TCCACACGTTAAGACA-1,d1_SRX5025981@@_ATTCAGCGGCTC,10.950704225352112,Epidermis,Cortex
SRX9174978@@_TCCACACTCACCATAG-1,d1_SRX5025981@@_TAAGGAGGGCTG,11.890845070422536,Root cap,Epidermis
SRX9174978@@_TCGAGGCCAGGTGGAT-1,d1_SRX5025983@@_CAGTGTGTAAAG,10.443661971830986,Epidermis,Epidermis
SRX9174978@@_TCGCGAGAGCGCTTAT-1,d1_SRX5025980@@_TAGTCATGTTAA,11.278169014084508,Root cap,Epidermis
SRX9174978@@_TCGCGAGGTTAAGAAC-1,d1_SRX5025988@@_GCTATTTTGCAC,10.528169014084508,Endodermis,Endodermis
SRX9174978@@_TCGCGTTAGTCAAGCG-1,d1_SRX5025979@@_CCAAGCGTGATA,10.897887323943662,Epidermis,LRC
SRX9174978@@_TCGCGTTTCATCGATG-1,d1_SRX5025984@@_GGAGAAATTACG,10.42605633802817,Procambium,Phloem
SRX9174978@@_TCGCGTTTCCAGAAGG-1,d1_SRX5025988@@_TGCAAATGCCTT,9.95774647887324,Procambium,Stele
SRX9174978@@_TCGCGTTTCGGCCGAT-1,d1_SRX5025986@@_GCCATTCGCCGC,10.75,Procambium,Endodermis
SRX9174978@@_TCGCGTTTCTGCTTGC-1,d1_SRX5025987@@_GGGTAACGAGCC,10.091549295774648,Cortex,Cortex
SRX9174978@@_TCGGGACGTAGGAGTC-1,d1_SRX5025979@@_CCGGTTACTATA,11.70774647887324,Endodermis,Columella
SRX9174978@@_TCGGGACGTCGAACAG-1,d1_SRX5025980@@_ATGTGGAGATCG,11.151408450704226,Epidermis,LRC
SRX9174978@@_TCGGGACGTCTAGTCA-1,d1_SRX5025988@@_GGGGTCTGAATG,10.570422535211268,Root cap,Root cap
SRX9174978@@_TCGGGACGTGGCTCCA-1,d1_SRX5025983@@_GTCGGGCACCGA,10.964788732394366,Epidermis,Epidermis
SRX9174978@@_TCGGTAAGTTCGTCTC-1,d1_SRX5025982@@_GATAATGTCATC,11.32394366197183,Epidermis,Epidermis
SRX9174978@@_TCGTAGAGTACTCGCG-1,d1_SRX5025979@@_GTACGCCTCACA,10.964788732394366,Endodermis,Root hair
SRX9174978@@_TCTATTGAGTGGAGTC-1,d1_SRX5025982@@_GGGCTATAGCAA,10.570422535211268,Procambium,Stele
SRX9174978@@_TCTATTGTCTACGAGT-1,d1_SRX5025988@@_AGCAGGAAACCG,10.76056338028169,Root cap,Root cap
SRX9174978@@_TCTCATAAGATATGGT-1,d1_SRX5025988@@_ATATGAATTAAA,10.816901408450704,Procambium,Stele
SRX9174978@@_TCTCATACACTCTGTC-1,d1_SRX5025988@@_ATTTTCTTTGTC,10.20774647887324,Endodermis,Endodermis
SRX9174978@@_TCTCATATCTGGTATG-1,d1_SRX5025979@@_TATGTGTGAGAG,10.595070422535212,Root cap,Root hair
SRX9174978@@_TCTCTAACAGTGGAGT-1,d1_SRX5025981@@_ATCGCGACCTGA,10.359154929577464,Epidermis,Root hair
SRX9174978@@_TCTCTAAGTGTAAGTA-1,d1_SRX5025981@@_ACCTCGCATCGT,11.485915492957746,Root cap,Epidermis
SRX9174978@@_TCTGAGAAGCGAGAAA-1,d1_SRX5025987@@_GTGGTCCTAGGA,10.598591549295774,Root cap,Root cap
SRX9174978@@_TCTGAGACAACTGCGC-1,d1_SRX5025980@@_AGACACAGCTCG,10.94718309859155,Epidermis,Epidermis
SRX9174978@@_TCTTCGGTCCATTCTA-1,d1_SRX5025980@@_ACCATTACCGAG,9.961267605633802,Endodermis,Root hair
SRX9174978@@_TCTTTCCAGACAAAGG-1,d1_SRX5025979@@_TCGAGTTTGTGA,9.975352112676056,Root hair,Root hair
SRX9174978@@_TCTTTCCAGGAGTTGC-1,d1_SRX5025988@@_GACAAACATGCA,10.76056338028169,Endodermis,Endodermis
SRX9174978@@_TCTTTCCCATTGGGCC-1,d1_SRX5025979@@_GCAAAATGACGG,10.96830985915493,Endodermis,Endodermis
SRX9174978@@_TCTTTCCGTGCAGTAG-1,d1_SRX5025988@@_ATATCGAGAGCA,11.30281690140845,Endodermis,Stele
SRX9174978@@_TGACAACAGCTCCTTC-1,d1_SRX5025988@@_ACAATCGCGCTG,9.961267605633802,Epidermis,LRC
SRX9174978@@_TGACGGCAGATATACG-1,d1_SRX5025987@@_CCTATAGCGGAG,10.654929577464788,Pericycle,Endodermis
SRX9174978@@_TGACGGCTCGTAGATC-1,d1_SRX5025981@@_TAAGTATGCCAG,10.383802816901408,Root hair,Root hair
SRX9174978@@_TGACTAGCACGGTAAG-1,d1_SRX5025981@@_TAGGTCTGGGCT,10.746478873239436,Endodermis,Endodermis
SRX9174978@@_TGACTAGGTGGTAACG-1,d1_SRX5025981@@_ATCTACAACGGC,11.672535211267606,Epidermis,Cortex
SRX9174978@@_TGACTAGTCACGATGT-1,d1_SRX5025984@@_GGGCAAGTGCCT,11.253521126760564,Procambium,Stele
SRX9174978@@_TGACTTTAGGTGATTA-1,d1_SRX5025985@@_GCCCAATATGCA,10.855633802816902,Root cap,Columella
SRX9174978@@_TGACTTTCAATCCAAC-1,d1_SRX5025988@@_GGGGTCTGAATG,11.080985915492958,Root cap,Root cap
SRX9174978@@_TGACTTTGTACCGTAT-1,d1_SRX5025984@@_AAGAGTTTCAGT,10.31338028169014,Root cap,LRC
SRX9174978@@_TGACTTTGTAGATTAG-1,d1_SRX5025988@@_TGCGGACATATG,10.95774647887324,Root cap,Root hair
SRX9174978@@_TGACTTTGTCGGCACT-1,d1_SRX5025987@@_CCAAGGATCCGG,10.933098591549296,Root cap,Epidermis
SRX9174978@@_TGAGAGGAGAAGGTTT-1,d1_SRX5025981@@_CAGTAAAGAGAT,9.919014084507042,Endodermis,Root cap
SRX9174978@@_TGAGAGGAGAGTAAGG-1,d1_SRX5025986@@_TGATATCCTAAC,11.580985915492958,Root cap,Epidermis
SRX9174978@@_TGAGAGGCACCGAAAG-1,d1_SRX5025981@@_CACGAATGACCT,9.961267605633802,Pericycle,Stele
SRX9174978@@_TGAGAGGTCCTCGCAT-1,d1_SRX5025988@@_AGCAGAGCGGTA,10.299295774647888,Endodermis,Endodermis
SRX9174978@@_TGAGCATAGATCCCAT-1,d1_SRX5025981@@_GTTCGAAGAAAG,10.619718309859154,Epidermis,Epidermis
SRX9174978@@_TGAGCCGAGACAAGCC-1,d1_SRX5025988@@_GGATAACCATAA,10.954225352112676,Epidermis,LRC
SRX9174978@@_TGAGCCGGTACACCGC-1,d1_SRX5025986@@_TCCATTGTCCCG,10.130281690140846,Procambium,Stele
SRX9174978@@_TGAGCCGGTTACGACT-1,d1_SRX5025979@@_AGTCACCGTGAC,11.080985915492958,Root hair,Root hair
SRX9174978@@_TGAGGGAAGGATCGCA-1,d1_SRX5025988@@_ATATCGAGAGCA,10.971830985915492,Root cap,Stele
SRX9174978@@_TGAGGGACACGTCAGC-1,d1_SRX5025987@@_ATCAGCCTGGGG,10.669014084507042,Endodermis,Cortex
SRX9174978@@_TGATTTCCATTTGCCC-1,d1_SRX5025988@@_TCGCTTAATCAA,9.943661971830986,Pericycle,Stele
SRX9174978@@_TGATTTCGTCCTCTTG-1,d1_SRX5025986@@_CACAAGGGGGCA,9.92605633802817,Procambium,Columella
SRX9174978@@_TGCACCTAGCTCCTCT-1,d1_SRX5025979@@_TGTATAGGGCTG,11.577464788732394,Epidermis,Cortex
SRX9174978@@_TGCACCTCAAGCGTAG-1,d1_SRX5025988@@_GCCAAAGTAGAC,10.834507042253522,Endodermis,Endodermis
SRX9174978@@_TGCCAAAAGTACCGGA-1,d1_SRX5025987@@_AATTCAAAGCAG,10.038732394366198,Endodermis,Xylem
SRX9174978@@_TGCCAAACAAACAACA-1,d1_SRX5025987@@_ACACCGCTTATT,11.394366197183098,Epidermis,LRC
SRX9174978@@_TGCCAAACACGGCGTT-1,d1_SRX5025983@@_GGCCGTGAGGAC,10.461267605633802,Root cap,Root cap
SRX9174978@@_TGCCCATGTGGTAACG-1,d1_SRX5025981@@_AAGCACGATCGC,9.848591549295774,Endodermis,Columella
SRX9174978@@_TGCCCATTCTGTCAAG-1,d1_SRX5025981@@_ATTCAGCGGCTT,10.566901408450704,Epidermis,Cortex
SRX9174978@@_TGCCCTAGTGGACGAT-1,d1_SRX5025984@@_GAGTGTCAACCG,10.348591549295774,Root cap,Root cap
SRX9174978@@_TGCCCTATCAGAAATG-1,d1_SRX5025988@@_GCCCCTTATGGG,11.785211267605634,Epidermis,Columella
SRX9174978@@_TGCCCTATCTGTGCAA-1,d1_SRX5025981@@_ACATGCAAAATG,10.911971830985916,Root cap,Root cap
SRX9174978@@_TGCGCAGAGTTAGGTA-1,d1_SRX5025979@@_TAGACCGGGGGT,10.633802816901408,Procambium,Stele
SRX9174978@@_TGCGCAGCACATTAGC-1,d1_SRX5025980@@_GCCCTAGCCCCT,11.658450704225352,Epidermis,Epidermis
SRX9174978@@_TGCGGGTAGCTAGGCA-1,d1_SRX5025986@@_TGTGGGAAGGCT,10.595070422535212,Procambium,Stele
SRX9174978@@_TGCGTGGCAGCCTATA-1,d1_SRX5025988@@_AAGATTGGGAGT,11.338028169014084,Procambium,Root hair
SRX9174978@@_TGCTACCTCGAGAGCA-1,d1_SRX5025983@@_GCAGCCACCAAT,10.23943661971831,Procambium,Endodermis
SRX9174978@@_TGCTGCTCAGATAATG-1,d1_SRX5025981@@_GGTAGGGTCGGA,10.320422535211268,Pericycle,Stele
SRX9174978@@_TGCTGCTGTTGCGTTA-1,d1_SRX5025986@@_GCCATTCGCCGC,9.588028169014084,Pericycle,Endodermis
SRX9174978@@_TGGACGCTCACGAAGG-1,d1_SRX5025981@@_GGTCCTGTTACA,11.07394366197183,Epidermis,Root cap
SRX9174978@@_TGGCCAGCACAGATTC-1,d1_SRX5025982@@_AAGGCACTACTT,11.54225352112676,Endodermis,Columella
SRX9174978@@_TGGCCAGTCTGTGCAA-1,d1_SRX5025981@@_GGTAGGGTCGCT,10.038732394366198,Endodermis,Stele
SRX9174978@@_TGGCGCAAGTGAAGAG-1,d1_SRX5025987@@_CTGGCAGTGAGT,11.038732394366198,Root cap,Root hair
SRX9174978@@_TGGCGCACAGCTGTAT-1,d1_SRX5025987@@_AACTAATTGACT,9.746478873239436,Procambium,Stele
SRX9174978@@_TGGCTGGAGTGAAGAG-1,d1_SRX5025980@@_CGAAATAAGTTT,11.23943661971831,Root cap,Epidermis
SRX9174978@@_TGGCTGGTCTGTTTGT-1,d1_SRX5025981@@_GTTGAACTGTCA,11.151408450704226,Root cap,Epidermis
SRX9174978@@_TGGGCGTCATCTATGG-1,d1_SRX5025981@@_AAGCACGATCTA,10.619718309859154,Epidermis,Columella
SRX9174978@@_TGGGCGTTCCGATATG-1,d1_SRX5025979@@_AGTCACCGTGAC,10.154929577464788,Root hair,Root hair
SRX9174978@@_TGGTTAGGTACCATCA-1,d1_SRX5025981@@_CTCCGCATGGGT,9.869718309859154,Procambium,Stele
SRX9174978@@_TGGTTAGGTCTACCTC-1,d1_SRX5025980@@_ATAGGCCCTAGC,11.221830985915492,Epidermis,Epidermis
SRX9174978@@_TGGTTCCAGCTATGCT-1,d1_SRX5025987@@_TGCGCGCGTACA,11.116197183098592,Root cap,Root cap
SRX9174978@@_TGGTTCCAGCTGTCTA-1,d1_SRX5025986@@_TTATGACAACGG,9.943661971830986,Endodermis,Columella
SRX9174978@@_TGGTTCCCAAGCTGTT-1,d1_SRX5025980@@_AACAGCCGCAAG,11.57394366197183,Endodermis,Root hair
SRX9174978@@_TGGTTCCTCGGTGTTA-1,d1_SRX5025980@@_AGGACACCCACA,9.28169014084507,Root hair,Root hair
SRX9174978@@_TGTATTCAGATGCGAC-1,d1_SRX5025979@@_AGTCACCGTGAG,10.672535211267606,Root hair,Root hair
SRX9174978@@_TGTCCCACATGAACCT-1,d1_SRX5025988@@_GTATGCTTTACA,10.18661971830986,Endodermis,Endodermis
SRX9174978@@_TGTCCCAGTGAACCTT-1,d1_SRX5025982@@_GAGAAACTTCAC,10.404929577464788,Root cap,LRC
SRX9174978@@_TGTGTTTGTCTAAACC-1,d1_SRX5025981@@_ATCCTCCTTCAC,11.345070422535212,Epidermis,Epidermis
SRX9174978@@_TGTTCCGCAGATGGGT-1,d1_SRX5025981@@_GGGTCCCTGTCG,11.774647887323944,Epidermis,Root hair
SRX9174978@@_TGTTCCGTCGCATGGC-1,d1_SRX5025983@@_AATGTGCCCATG,10.211267605633802,Endodermis,Xylem
SRX9174978@@_TTAACTCGTGGCTCCA-1,d1_SRX5025981@@_TGAGGTGAGTCG,11.045774647887324,Endodermis,Endodermis
SRX9174978@@_TTAGGACAGACAGACC-1,d1_SRX5025982@@_ACCGCCAATAAG,10.54225352112676,Cortex,Cortex
SRX9174978@@_TTAGGACCAAACCTAC-1,d1_SRX5025987@@_TGTGATGACTGG,10.320422535211268,Endodermis,Columella
SRX9174978@@_TTAGGCAGTTACCGAT-1,d1_SRX5025987@@_CAGTTCAGACCC,9.45774647887324,Procambium,Xylem
SRX9174978@@_TTAGTTCAGGTACTCT-1,d1_SRX5025979@@_TGATTACAAGCC,9.98943661971831,Root cap,Root cap
SRX9174978@@_TTAGTTCGTTCAACCA-1,d1_SRX5025979@@_AATTCACTACCT,10.93661971830986,Epidermis,LRC
SRX9174978@@_TTAGTTCTCAAGAAGT-1,d1_SRX5025979@@_TCTCTTCATCAA,11.816901408450704,Procambium,LRC
SRX9174978@@_TTATGCTAGCGTCTAT-1,d1_SRX5025980@@_TTTGATATTTCT,11.102112676056338,Root cap,Root hair
SRX9174978@@_TTATGCTAGGAGCGTT-1,d1_SRX5025987@@_TTAGGTGTGGAT,10.105633802816902,Root cap,Epidermis
SRX9174978@@_TTATGCTCAACACGCC-1,d1_SRX5025981@@_CGCATATACGTG,10.77112676056338,Pericycle,Stele
SRX9174978@@_TTATGCTTCTGAGTGT-1,d1_SRX5025987@@_GCCAAGCCATCG,10.45774647887324,Pericycle,Stele
SRX9174978@@_TTCCCAGGTCACCCAG-1,d1_SRX5025987@@_TCGTAGGCTTAA,10.464788732394366,Endodermis,Cortex
SRX9174978@@_TTCCCAGGTTACGACT-1,d1_SRX5025981@@_AAGCGCGGAAAT,11.23943661971831,Epidermis,LRC
SRX9174978@@_TTCGAAGAGGAGCGAG-1,d1_SRX5025979@@_TAGACGGAAACC,10.830985915492958,Epidermis,LRC
SRX9174978@@_TTCGAAGGTTGCGTTA-1,d1_SRX5025987@@_GCTCTCGCCTTA,11.172535211267606,Endodermis,Stele
SRX9174978@@_TTCGAAGTCCAAAGTC-1,d1_SRX5025988@@_TGAAGTGGCGAC,10.221830985915492,Pericycle,Columella
SRX9174978@@_TTCGAAGTCGAGCCCA-1,d1_SRX5025988@@_ATATCGAGAGCA,10.566901408450704,Endodermis,Stele
SRX9174978@@_TTCGGTCCAAGGTTCT-1,d1_SRX5025981@@_AGCTGCAACGAT,10.725352112676056,Endodermis,Endodermis
SRX9174978@@_TTCGGTCTCGTCTGCT-1,d1_SRX5025988@@_CTCCCCCATACA,10.943661971830986,Pericycle,Stele
SRX9174978@@_TTCTACAAGGTACTCT-1,d1_SRX5025987@@_GGGGAAGGAAGG,11.133802816901408,Root cap,Root hair
SRX9174978@@_TTCTACATCGGTCTAA-1,d1_SRX5025981@@_TTGTGCCATGTA,10.348591549295774,Pericycle,Stele
SRX9174978@@_TTCTCAAAGAAGGTTT-1,d1_SRX5025986@@_TTAGTCAAGTGG,10.045774647887324,Epidermis,Cortex
SRX9174978@@_TTCTCAAAGACCTTTG-1,d1_SRX5025987@@_TGTGATGACTGG,9.943661971830986,Endodermis,Columella
SRX9174978@@_TTCTCAACACAGGAGT-1,d1_SRX5025985@@_CTGAGAGTTACT,10.137323943661972,Endodermis,Stele
SRX9174978@@_TTGAACGAGCAATATG-1,d1_SRX5025988@@_ATATCGAGAGCA,10.658450704225352,Pericycle,Stele
SRX9174978@@_TTGACTTCAGCTGTGC-1,d1_SRX5025986@@_TGTTTAGGCGGT,10.05281690140845,Endodermis,Columella
SRX9174978@@_TTGCCGTAGGAATCGC-1,d1_SRX5025982@@_ATACTCTGAACA,9.669014084507042,Procambium,Endodermis
SRX9174978@@_TTGCCGTCAGGAACGT-1,d1_SRX5025983@@_GGAACGTCGCTA,9.929577464788732,Endodermis,Phloem
SRX9174978@@_TTGCCGTGTGATGCCC-1,d1_SRX5025986@@_CAGCAGCCAAAG,10.549295774647888,Root cap,Root hair
SRX9174978@@_TTGCGTCAGGTAAACT-1,d1_SRX5025986@@_GAGCGACGGGAA,11.975352112676056,Epidermis,Epidermis
SRX9174978@@_TTGCGTCCATATACCG-1,d1_SRX5025988@@_TGAATTTCGGGA,11.809859154929578,Root cap,Epidermis
SRX9174978@@_TTGGAACGTCGAAAGC-1,d1_SRX5025979@@_GTGTACCGATGA,11.654929577464788,Epidermis,LRC
SRX9174978@@_TTGGAACGTTCACCTC-1,d1_SRX5025982@@_GCACGGGTTACG,10.68661971830986,Cortex,Cortex
SRX9174978@@_TTGGCAATCAGTTAGC-1,d1_SRX5025985@@_GGCTTTCTAATG,11.366197183098592,Epidermis,Root cap
SRX9174978@@_TTGGCAATCTGTTGAG-1,d1_SRX5025987@@_TTCGTCGCGACG,10.422535211267606,Procambium,Stele
SRX9174978@@_TTGTAGGTCTTACCGC-1,d1_SRX5025981@@_TAAGGAGGGCTT,11.408450704225352,Epidermis,Epidermis
SRX9174978@@_TTTACTGAGATGCCAG-1,d1_SRX5025987@@_AGGGGCGCGGTA,9.76056338028169,Procambium,Xylem
SRX9174978@@_TTTACTGAGTGTTAGA-1,d1_SRX5025981@@_AGGGTAGGTTAG,10.338028169014084,Pericycle,Stele
SRX9174978@@_TTTACTGCACGTTGGC-1,d1_SRX5025981@@_TAGGCCAGGAAT,10.904929577464788,Endodermis,Endodermis
SRX9174978@@_TTTACTGGTGCGCTTG-1,d1_SRX5025987@@_TGGTTGTGCACA,10.669014084507042,Endodermis,Cortex
SRX9174978@@_TTTACTGTCGTTGACA-1,d1_SRX5025987@@_GCTCCTCTTTAT,10.288732394366198,Procambium,Stele
SRX9174978@@_TTTACTGTCTATCGCC-1,d1_SRX5025981@@_AAGAGAATTTAC,10.334507042253522,Root hair,Root hair
SRX9174978@@_TTTATGCAGTACATGA-1,d1_SRX5025988@@_CGGTACGAATCG,11.049295774647888,Root cap,Columella
SRX9174978@@_TTTATGCGTCGGCATC-1,d1_SRX5025988@@_GGATAACCATAA,11.30281690140845,Epidermis,LRC
SRX9174978@@_TTTCCTCGTAGCGCAA-1,d1_SRX5025979@@_TAGCCGAGGCTG,10.848591549295774,Root hair,Root hair
SRX9174978@@_TTTCCTCGTCACTTCC-1,d1_SRX5025980@@_AAGAGTCAAAAT,11.57394366197183,Root cap,Root hair
SRX9174978@@_TTTGCGCAGATGCCTT-1,d1_SRX5025979@@_TTATGGAAGATC,11.753521126760564,Endodermis,Cortex
SRX9174978@@_TTTGCGCAGCAGGCTA-1,d1_SRX5025980@@_AACCACTCTATG,10.711267605633802,Procambium,Stele
SRX9174978@@_TTTGCGCAGGATGGAA-1,d1_SRX5025980@@_TACCCTCATACC,10.383802816901408,Epidermis,LRC
SRX9174978@@_TTTGCGCAGTTAAGTG-1,d1_SRX5025979@@_GGGAGGTCTGAC,10.482394366197184,Endodermis,Endodermis
SRX9174978@@_TTTGGTTAGATCCCGC-1,d1_SRX5025981@@_TTTTGAGAACCA,11.47887323943662,Cortex,Cortex
SRX9174978@@_TTTGGTTGTGGTCCGT-1,d1_SRX5025988@@_ATCATCATATTA,10.626760563380282,Endodermis,Endodermis
SRX9174978@@_AAACCTGAGCGTTTAC-1,d2_SRX9174978@@_AAACCTGAGCGTTTAC-1,0.0,Endodermis,Endodermis
SRX9174978@@_AAACCTGTCTTGACGA-1,d2_SRX9174978@@_AAACCTGTCTTGACGA-1,0.0,Root cap,Root cap
SRX9174978@@_AAACGGGTCCGGGTGT-1,d2_SRX9174978@@_AAACGGGTCCGGGTGT-1,0.0,Root cap,Root cap
SRX9174978@@_AAACGGGTCGGATGGA-1,d2_SRX9174978@@_AAACGGGTCGGATGGA-1,0.0,Endodermis,Endodermis
SRX9174978@@_AAAGATGGTTACCAGT-1,d2_SRX9174978@@_AAAGATGGTTACCAGT-1,0.0,Epidermis,Epidermis
SRX9174978@@_AAAGCAACAGGCTGAA-1,d2_SRX9174978@@_AAAGCAACAGGCTGAA-1,0.0,Pericycle,Pericycle
SRX9174978@@_AAAGCAATCACATACG-1,d2_SRX9174978@@_AAAGCAATCACATACG-1,0.0,Endodermis,Endodermis
SRX9174978@@_AAATGCCCAGCTCGAC-1,d2_SRX9174978@@_AAATGCCCAGCTCGAC-1,0.0,Procambium,Procambium
SRX9174978@@_AAATGCCCAGGGAGAG-1,d2_SRX9174978@@_AAATGCCCAGGGAGAG-1,0.0,Procambium,Procambium
SRX9174978@@_AACACGTGTGTGTGCC-1,d2_SRX9174978@@_AACACGTGTGTGTGCC-1,0.0,Root cap,Root cap
SRX9174978@@_AACCATGAGTCCTCCT-1,d2_SRX9174978@@_AACCATGAGTCCTCCT-1,0.0,Endodermis,Endodermis
SRX9174978@@_AACCATGCATTGGCGC-1,d2_SRX9174978@@_AACCATGCATTGGCGC-1,0.0,Endodermis,Endodermis
SRX9174978@@_AACCATGTCTCAAGTG-1,d2_SRX9174978@@_AACCATGTCTCAAGTG-1,0.0,Endodermis,Endodermis
SRX9174978@@_AACGTTGCATTCACTT-1,d2_SRX9174978@@_AACGTTGCATTCACTT-1,0.0,Epidermis,Epidermis
SRX9174978@@_AACGTTGGTACATGTC-1,d2_SRX9174978@@_AACGTTGGTACATGTC-1,0.0,Procambium,Procambium
SRX9174978@@_AACGTTGGTCAATGTC-1,d2_SRX9174978@@_AACGTTGGTCAATGTC-1,0.0,Root cap,Root cap
SRX9174978@@_AACGTTGTCTGGCGAC-1,d2_SRX9174978@@_AACGTTGTCTGGCGAC-1,0.0,Epidermis,Epidermis
SRX9174978@@_AACTCAGAGGGAACGG-1,d2_SRX9174978@@_AACTCAGAGGGAACGG-1,0.0,Pericycle,Pericycle
SRX9174978@@_AACTCAGCAGATCGGA-1,d2_SRX9174978@@_AACTCAGCAGATCGGA-1,0.0,Endodermis,Endodermis
SRX9174978@@_AACTCCCGTCAAGCGA-1,d2_SRX9174978@@_AACTCCCGTCAAGCGA-1,0.0,Endodermis,Endodermis
SRX9174978@@_AACTCCCTCCAAAGTC-1,d2_SRX9174978@@_AACTCCCTCCAAAGTC-1,0.0,Procambium,Procambium
SRX9174978@@_AACTTTCAGACTCGGA-1,d2_SRX9174978@@_AACTTTCAGACTCGGA-1,0.0,Cortex,Cortex
SRX9174978@@_AACTTTCAGCCACTAT-1,d2_SRX9174978@@_AACTTTCAGCCACTAT-1,0.0,Root cap,Root cap
SRX9174978@@_AACTTTCGTGCGAAAC-1,d2_SRX9174978@@_AACTTTCGTGCGAAAC-1,0.0,Root cap,Root cap
SRX9174978@@_AAGACCTTCAGTGCAT-1,d2_SRX9174978@@_AAGACCTTCAGTGCAT-1,0.0,Endodermis,Endodermis
SRX9174978@@_AAGCCGCGTCTACCTC-1,d2_SRX9174978@@_AAGCCGCGTCTACCTC-1,0.0,Root cap,Root cap
SRX9174978@@_AAGGAGCTCAGTTGAC-1,d2_SRX9174978@@_AAGGAGCTCAGTTGAC-1,0.0,Procambium,Procambium
SRX9174978@@_AAGGCAGCACAACTGT-1,d2_SRX9174978@@_AAGGCAGCACAACTGT-1,0.0,Epidermis,Epidermis
SRX9174978@@_AAGGCAGTCCGTAGTA-1,d2_SRX9174978@@_AAGGCAGTCCGTAGTA-1,0.0,Procambium,Procambium
SRX9174978@@_AAGGCAGTCTTCAACT-1,d2_SRX9174978@@_AAGGCAGTCTTCAACT-1,0.0,Epidermis,Epidermis
SRX9174978@@_AAGGTTCCACTAAGTC-1,d2_SRX9174978@@_AAGGTTCCACTAAGTC-1,0.0,Endodermis,Endodermis
SRX9174978@@_AAGTCTGAGACGACGT-1,d2_SRX9174978@@_AAGTCTGAGACGACGT-1,0.0,Root cap,Root cap
SRX9174978@@_AAGTCTGAGAGACTAT-1,d2_SRX9174978@@_AAGTCTGAGAGACTAT-1,0.0,Endodermis,Endodermis
SRX9174978@@_AAGTCTGGTGTGAATA-1,d2_SRX9174978@@_AAGTCTGGTGTGAATA-1,0.0,Endodermis,Endodermis
SRX9174978@@_AAGTCTGTCCTCAACC-1,d2_SRX9174978@@_AAGTCTGTCCTCAACC-1,0.0,Procambium,Procambium
SRX9174978@@_AATCCAGAGTCGTTTG-1,d2_SRX9174978@@_AATCCAGAGTCGTTTG-1,0.0,Root cap,Root cap
SRX9174978@@_AATCCAGCAGATCTGT-1,d2_SRX9174978@@_AATCCAGCAGATCTGT-1,0.0,Endodermis,Endodermis
SRX9174978@@_AATCCAGTCATGTGGT-1,d2_SRX9174978@@_AATCCAGTCATGTGGT-1,0.0,Endodermis,Endodermis
SRX9174978@@_AATCGGTAGGCTAGCA-1,d2_SRX9174978@@_AATCGGTAGGCTAGCA-1,0.0,Root cap,Root cap
SRX9174978@@_AATCGGTTCATCTGCC-1,d2_SRX9174978@@_AATCGGTTCATCTGCC-1,0.0,Epidermis,Epidermis
SRX9174978@@_ACACCAAAGTTGTAGA-1,d2_SRX9174978@@_ACACCAAAGTTGTAGA-1,0.0,Procambium,Procambium
SRX9174978@@_ACACCAAGTGGAAAGA-1,d2_SRX9174978@@_ACACCAAGTGGAAAGA-1,0.0,Epidermis,Epidermis
SRX9174978@@_ACACCAATCGAGCCCA-1,d2_SRX9174978@@_ACACCAATCGAGCCCA-1,0.0,Root cap,Root cap
SRX9174978@@_ACACCCTTCTATCCCG-1,d2_SRX9174978@@_ACACCCTTCTATCCCG-1,0.0,Pericycle,Pericycle
SRX9174978@@_ACACCGGAGGTTACCT-1,d2_SRX9174978@@_ACACCGGAGGTTACCT-1,0.0,Procambium,Procambium
SRX9174978@@_ACACCGGCAGAAGCAC-1,d2_SRX9174978@@_ACACCGGCAGAAGCAC-1,0.0,Endodermis,Endodermis
SRX9174978@@_ACAGCCGAGAAACCAT-1,d2_SRX9174978@@_ACAGCCGAGAAACCAT-1,0.0,Endodermis,Endodermis
SRX9174978@@_ACAGCCGAGTCCAGGA-1,d2_SRX9174978@@_ACAGCCGAGTCCAGGA-1,0.0,Epidermis,Epidermis
SRX9174978@@_ACAGCCGGTAGAAGGA-1,d2_SRX9174978@@_ACAGCCGGTAGAAGGA-1,0.0,Cortex,Cortex
SRX9174978@@_ACAGCCGGTCCCTTGT-1,d2_SRX9174978@@_ACAGCCGGTCCCTTGT-1,0.0,Epidermis,Epidermis
SRX9174978@@_ACAGCCGGTCCGAAGA-1,d2_SRX9174978@@_ACAGCCGGTCCGAAGA-1,0.0,Epidermis,Epidermis
SRX9174978@@_ACAGCTAGTTCCCTTG-1,d2_SRX9174978@@_ACAGCTAGTTCCCTTG-1,0.0,Procambium,Procambium
SRX9174978@@_ACATCAGCAATCCAAC-1,d2_SRX9174978@@_ACATCAGCAATCCAAC-1,0.0,Root hair,Root hair
SRX9174978@@_ACCAGTAAGAAGCCCA-1,d2_SRX9174978@@_ACCAGTAAGAAGCCCA-1,0.0,Root cap,Root cap
SRX9174978@@_ACCCACTCACCACGTG-1,d2_SRX9174978@@_ACCCACTCACCACGTG-1,0.0,Procambium,Procambium
SRX9174978@@_ACCCACTGTTTAGGAA-1,d2_SRX9174978@@_ACCCACTGTTTAGGAA-1,0.0,Root hair,Root hair
SRX9174978@@_ACCCACTTCCCATTAT-1,d2_SRX9174978@@_ACCCACTTCCCATTAT-1,0.0,Epidermis,Epidermis
SRX9174978@@_ACCCACTTCCGTTGCT-1,d2_SRX9174978@@_ACCCACTTCCGTTGCT-1,0.0,Epidermis,Epidermis
SRX9174978@@_ACCTTTATCTGCCCTA-1,d2_SRX9174978@@_ACCTTTATCTGCCCTA-1,0.0,Root hair,Root hair
SRX9174978@@_ACGAGCCAGAGAGCTC-1,d2_SRX9174978@@_ACGAGCCAGAGAGCTC-1,0.0,Endodermis,Endodermis
SRX9174978@@_ACGAGCCCAAGGACAC-1,d2_SRX9174978@@_ACGAGCCCAAGGACAC-1,0.0,Epidermis,Epidermis
SRX9174978@@_ACGAGCCCACTGTGTA-1,d2_SRX9174978@@_ACGAGCCCACTGTGTA-1,0.0,Endodermis,Endodermis
SRX9174978@@_ACGAGCCGTCTGGTCG-1,d2_SRX9174978@@_ACGAGCCGTCTGGTCG-1,0.0,Epidermis,Epidermis
SRX9174978@@_ACGAGCCGTTGTCGCG-1,d2_SRX9174978@@_ACGAGCCGTTGTCGCG-1,0.0,Root hair,Root hair
SRX9174978@@_ACGAGCCTCGAATGCT-1,d2_SRX9174978@@_ACGAGCCTCGAATGCT-1,0.0,Epidermis,Epidermis
SRX9174978@@_ACGAGGAGTTTGACTG-1,d2_SRX9174978@@_ACGAGGAGTTTGACTG-1,0.0,Cortex,Cortex
SRX9174978@@_ACGATACAGCGTCTAT-1,d2_SRX9174978@@_ACGATACAGCGTCTAT-1,0.0,Root cap,Root cap
SRX9174978@@_ACGATACAGCTCAACT-1,d2_SRX9174978@@_ACGATACAGCTCAACT-1,0.0,Epidermis,Epidermis
SRX9174978@@_ACGATACAGTATTGGA-1,d2_SRX9174978@@_ACGATACAGTATTGGA-1,0.0,Procambium,Procambium
SRX9174978@@_ACGATACTCGAATGGG-1,d2_SRX9174978@@_ACGATACTCGAATGGG-1,0.0,Root hair,Root hair
SRX9174978@@_ACGATACTCGGTCCGA-1,d2_SRX9174978@@_ACGATACTCGGTCCGA-1,0.0,Root cap,Root cap
SRX9174978@@_ACGATGTAGATAGCAT-1,d2_SRX9174978@@_ACGATGTAGATAGCAT-1,0.0,Pericycle,Pericycle
SRX9174978@@_ACGATGTAGTAACCCT-1,d2_SRX9174978@@_ACGATGTAGTAACCCT-1,0.0,Endodermis,Endodermis
SRX9174978@@_ACGATGTGTGTCGCTG-1,d2_SRX9174978@@_ACGATGTGTGTCGCTG-1,0.0,Epidermis,Epidermis
SRX9174978@@_ACGCAGCCAGAGTGTG-1,d2_SRX9174978@@_ACGCAGCCAGAGTGTG-1,0.0,Pericycle,Pericycle
SRX9174978@@_ACGCAGCGTTTGGGCC-1,d2_SRX9174978@@_ACGCAGCGTTTGGGCC-1,0.0,Epidermis,Epidermis
SRX9174978@@_ACGCCGAAGTAATCCC-1,d2_SRX9174978@@_ACGCCGAAGTAATCCC-1,0.0,Root cap,Root cap
SRX9174978@@_ACGCCGACAACCGCCA-1,d2_SRX9174978@@_ACGCCGACAACCGCCA-1,0.0,Procambium,Procambium
SRX9174978@@_ACGGAGAGTATAGGGC-1,d2_SRX9174978@@_ACGGAGAGTATAGGGC-1,0.0,Epidermis,Epidermis
SRX9174978@@_ACGGAGAGTTGGAGGT-1,d2_SRX9174978@@_ACGGAGAGTTGGAGGT-1,0.0,Pericycle,Pericycle
SRX9174978@@_ACGGAGATCTGGCGAC-1,d2_SRX9174978@@_ACGGAGATCTGGCGAC-1,0.0,Root cap,Root cap
SRX9174978@@_ACGGCCAGTTTCCACC-1,d2_SRX9174978@@_ACGGCCAGTTTCCACC-1,0.0,Endodermis,Endodermis
SRX9174978@@_ACGGGCTAGGCTATCT-1,d2_SRX9174978@@_ACGGGCTAGGCTATCT-1,0.0,Endodermis,Endodermis
SRX9174978@@_ACGGGCTGTCACCCAG-1,d2_SRX9174978@@_ACGGGCTGTCACCCAG-1,0.0,Root hair,Root hair
SRX9174978@@_ACGGGTCTCTCTAAGG-1,d2_SRX9174978@@_ACGGGTCTCTCTAAGG-1,0.0,Root hair,Root hair
SRX9174978@@_ACGTCAACACTGAAGG-1,d2_SRX9174978@@_ACGTCAACACTGAAGG-1,0.0,Root cap,Root cap
SRX9174978@@_ACTATCTAGGGTCGAT-1,d2_SRX9174978@@_ACTATCTAGGGTCGAT-1,0.0,Pericycle,Pericycle
SRX9174978@@_ACTATCTCAAGGACTG-1,d2_SRX9174978@@_ACTATCTCAAGGACTG-1,0.0,Epidermis,Epidermis
SRX9174978@@_ACTATCTTCCACGAAT-1,d2_SRX9174978@@_ACTATCTTCCACGAAT-1,0.0,Procambium,Procambium
SRX9174978@@_ACTGAACGTGTATGGG-1,d2_SRX9174978@@_ACTGAACGTGTATGGG-1,0.0,Epidermis,Epidermis
SRX9174978@@_ACTGAACTCATCACCC-1,d2_SRX9174978@@_ACTGAACTCATCACCC-1,0.0,Epidermis,Epidermis
SRX9174978@@_ACTGAACTCCACTCCA-1,d2_SRX9174978@@_ACTGAACTCCACTCCA-1,0.0,Epidermis,Epidermis
SRX9174978@@_ACTGAGTGTTATTCTC-1,d2_SRX9174978@@_ACTGAGTGTTATTCTC-1,0.0,Procambium,Procambium
SRX9174978@@_ACTGAGTTCGTGACAT-1,d2_SRX9174978@@_ACTGAGTTCGTGACAT-1,0.0,Endodermis,Endodermis
SRX9174978@@_ACTGAGTTCTGGCGAC-1,d2_SRX9174978@@_ACTGAGTTCTGGCGAC-1,0.0,Epidermis,Epidermis
SRX9174978@@_ACTGAGTTCTTGCCGT-1,d2_SRX9174978@@_ACTGAGTTCTTGCCGT-1,0.0,Root cap,Root cap
SRX9174978@@_ACTGATGAGTCTCCTC-1,d2_SRX9174978@@_ACTGATGAGTCTCCTC-1,0.0,Epidermis,Epidermis
SRX9174978@@_ACTGATGGTCGAGATG-1,d2_SRX9174978@@_ACTGATGGTCGAGATG-1,0.0,Endodermis,Endodermis
SRX9174978@@_ACTGATGGTGCTCTTC-1,d2_SRX9174978@@_ACTGATGGTGCTCTTC-1,0.0,Endodermis,Endodermis
SRX9174978@@_ACTGCTCCAGGAATGC-1,d2_SRX9174978@@_ACTGCTCCAGGAATGC-1,0.0,Procambium,Procambium
SRX9174978@@_ACTGCTCGTACCGGCT-1,d2_SRX9174978@@_ACTGCTCGTACCGGCT-1,0.0,Root cap,Root cap
SRX9174978@@_ACTGCTCGTGTTTGTG-1,d2_SRX9174978@@_ACTGCTCGTGTTTGTG-1,0.0,Epidermis,Epidermis
SRX9174978@@_ACTGTCCAGCAGGTCA-1,d2_SRX9174978@@_ACTGTCCAGCAGGTCA-1,0.0,Root cap,Root cap
SRX9174978@@_ACTTACTAGGGTTCCC-1,d2_SRX9174978@@_ACTTACTAGGGTTCCC-1,0.0,Root hair,Root hair
SRX9174978@@_ACTTACTCAAGGCTCC-1,d2_SRX9174978@@_ACTTACTCAAGGCTCC-1,0.0,Endodermis,Endodermis
SRX9174978@@_ACTTACTGTCAACATC-1,d2_SRX9174978@@_ACTTACTGTCAACATC-1,0.0,Endodermis,Endodermis
SRX9174978@@_ACTTGTTTCACTCCTG-1,d2_SRX9174978@@_ACTTGTTTCACTCCTG-1,0.0,Endodermis,Endodermis
SRX9174978@@_ACTTTCAAGCTAGTGG-1,d2_SRX9174978@@_ACTTTCAAGCTAGTGG-1,0.0,Root hair,Root hair
SRX9174978@@_ACTTTCAAGTGTCTCA-1,d2_SRX9174978@@_ACTTTCAAGTGTCTCA-1,0.0,Endodermis,Endodermis
SRX9174978@@_ACTTTCAGTCTGCGGT-1,d2_SRX9174978@@_ACTTTCAGTCTGCGGT-1,0.0,Cortex,Cortex
SRX9174978@@_ACTTTCAGTTGCGCAC-1,d2_SRX9174978@@_ACTTTCAGTTGCGCAC-1,0.0,Pericycle,Pericycle
SRX9174978@@_AGAATAGCACCTTGTC-1,d2_SRX9174978@@_AGAATAGCACCTTGTC-1,0.0,Root cap,Root cap
SRX9174978@@_AGAGCGACAACTGCGC-1,d2_SRX9174978@@_AGAGCGACAACTGCGC-1,0.0,Pericycle,Pericycle
SRX9174978@@_AGAGCGACAATCTGCA-1,d2_SRX9174978@@_AGAGCGACAATCTGCA-1,0.0,Pericycle,Pericycle
SRX9174978@@_AGAGCGATCTGATACG-1,d2_SRX9174978@@_AGAGCGATCTGATACG-1,0.0,Root cap,Root cap
SRX9174978@@_AGAGCTTAGAGGTACC-1,d2_SRX9174978@@_AGAGCTTAGAGGTACC-1,0.0,Epidermis,Epidermis
SRX9174978@@_AGAGTGGAGATCCCAT-1,d2_SRX9174978@@_AGAGTGGAGATCCCAT-1,0.0,Epidermis,Epidermis
SRX9174978@@_AGATCTGAGAGGTTAT-1,d2_SRX9174978@@_AGATCTGAGAGGTTAT-1,0.0,Endodermis,Endodermis
SRX9174978@@_AGCAGCCAGATGCCTT-1,d2_SRX9174978@@_AGCAGCCAGATGCCTT-1,0.0,Epidermis,Epidermis
SRX9174978@@_AGCAGCCCAAGACACG-1,d2_SRX9174978@@_AGCAGCCCAAGACACG-1,0.0,Procambium,Procambium
SRX9174978@@_AGCCTAACAAGCCGCT-1,d2_SRX9174978@@_AGCCTAACAAGCCGCT-1,0.0,Epidermis,Epidermis
SRX9174978@@_AGCCTAAGTAGTAGTA-1,d2_SRX9174978@@_AGCCTAAGTAGTAGTA-1,0.0,Root cap,Root cap
SRX9174978@@_AGCCTAAGTTCCCGAG-1,d2_SRX9174978@@_AGCCTAAGTTCCCGAG-1,0.0,Root cap,Root cap
SRX9174978@@_AGCCTAATCACCACCT-1,d2_SRX9174978@@_AGCCTAATCACCACCT-1,0.0,Cortex,Cortex
SRX9174978@@_AGCCTAATCACTTCAT-1,d2_SRX9174978@@_AGCCTAATCACTTCAT-1,0.0,Procambium,Procambium
SRX9174978@@_AGCGGTCGTCTAAACC-1,d2_SRX9174978@@_AGCGGTCGTCTAAACC-1,0.0,Endodermis,Endodermis
SRX9174978@@_AGCGTATTCGGACAAG-1,d2_SRX9174978@@_AGCGTATTCGGACAAG-1,0.0,Epidermis,Epidermis
SRX9174978@@_AGCGTCGAGACAAGCC-1,d2_SRX9174978@@_AGCGTCGAGACAAGCC-1,0.0,Root cap,Root cap
SRX9174978@@_AGCGTCGAGGACAGCT-1,d2_SRX9174978@@_AGCGTCGAGGACAGCT-1,0.0,Root cap,Root cap
SRX9174978@@_AGCGTCGCATGGGAAC-1,d2_SRX9174978@@_AGCGTCGCATGGGAAC-1,0.0,Procambium,Procambium
SRX9174978@@_AGCTCCTAGAAACCTA-1,d2_SRX9174978@@_AGCTCCTAGAAACCTA-1,0.0,Epidermis,Epidermis
SRX9174978@@_AGCTCCTCAGCATACT-1,d2_SRX9174978@@_AGCTCCTCAGCATACT-1,0.0,Endodermis,Endodermis
SRX9174978@@_AGCTCTCTCGGATGTT-1,d2_SRX9174978@@_AGCTCTCTCGGATGTT-1,0.0,Pericycle,Pericycle
SRX9174978@@_AGCTTGATCGGCTTGG-1,d2_SRX9174978@@_AGCTTGATCGGCTTGG-1,0.0,Endodermis,Endodermis
SRX9174978@@_AGGCCACAGATGCGAC-1,d2_SRX9174978@@_AGGCCACAGATGCGAC-1,0.0,Root cap,Root cap
SRX9174978@@_AGGCCACGTCGGATCC-1,d2_SRX9174978@@_AGGCCACGTCGGATCC-1,0.0,Endodermis,Endodermis
SRX9174978@@_AGGCCACGTTTGTGTG-1,d2_SRX9174978@@_AGGCCACGTTTGTGTG-1,0.0,Endodermis,Endodermis
SRX9174978@@_AGGCCGTGTGGCTCCA-1,d2_SRX9174978@@_AGGCCGTGTGGCTCCA-1,0.0,Endodermis,Endodermis
SRX9174978@@_AGGGAGTAGGGATGGG-1,d2_SRX9174978@@_AGGGAGTAGGGATGGG-1,0.0,Epidermis,Epidermis
SRX9174978@@_AGGGAGTAGTCATGCT-1,d2_SRX9174978@@_AGGGAGTAGTCATGCT-1,0.0,Epidermis,Epidermis
SRX9174978@@_AGGGAGTCAGTATCTG-1,d2_SRX9174978@@_AGGGAGTCAGTATCTG-1,0.0,Cortex,Cortex
SRX9174978@@_AGGGAGTCATATGCTG-1,d2_SRX9174978@@_AGGGAGTCATATGCTG-1,0.0,Root cap,Root cap
SRX9174978@@_AGGGAGTGTCGCATAT-1,d2_SRX9174978@@_AGGGAGTGTCGCATAT-1,0.0,Endodermis,Endodermis
SRX9174978@@_AGGGAGTGTCGGATCC-1,d2_SRX9174978@@_AGGGAGTGTCGGATCC-1,0.0,Procambium,Procambium
SRX9174978@@_AGGGAGTTCCTCGCAT-1,d2_SRX9174978@@_AGGGAGTTCCTCGCAT-1,0.0,Procambium,Procambium
SRX9174978@@_AGGGATGCAGATAATG-1,d2_SRX9174978@@_AGGGATGCAGATAATG-1,0.0,Procambium,Procambium
SRX9174978@@_AGGGTGAGTATAGGTA-1,d2_SRX9174978@@_AGGGTGAGTATAGGTA-1,0.0,Root cap,Root cap
SRX9174978@@_AGGTCATCAGCTATTG-1,d2_SRX9174978@@_AGGTCATCAGCTATTG-1,0.0,Procambium,Procambium
SRX9174978@@_AGGTCATGTAGGAGTC-1,d2_SRX9174978@@_AGGTCATGTAGGAGTC-1,0.0,Pericycle,Pericycle
SRX9174978@@_AGGTCCGAGGCTAGAC-1,d2_SRX9174978@@_AGGTCCGAGGCTAGAC-1,0.0,Pericycle,Pericycle
SRX9174978@@_AGTAGTCGTGAGGGAG-1,d2_SRX9174978@@_AGTAGTCGTGAGGGAG-1,0.0,Endodermis,Endodermis
SRX9174978@@_AGTCTTTGTCTGCGGT-1,d2_SRX9174978@@_AGTCTTTGTCTGCGGT-1,0.0,Root cap,Root cap
SRX9174978@@_AGTGAGGGTACCGTTA-1,d2_SRX9174978@@_AGTGAGGGTACCGTTA-1,0.0,Pericycle,Pericycle
SRX9174978@@_AGTGAGGTCTCGCTTG-1,d2_SRX9174978@@_AGTGAGGTCTCGCTTG-1,0.0,Root cap,Root cap
SRX9174978@@_AGTTGGTAGATCACGG-1,d2_SRX9174978@@_AGTTGGTAGATCACGG-1,0.0,Epidermis,Epidermis
SRX9174978@@_AGTTGGTAGGGAAACA-1,d2_SRX9174978@@_AGTTGGTAGGGAAACA-1,0.0,Pericycle,Pericycle
SRX9174978@@_ATAACGCAGCGAAGGG-1,d2_SRX9174978@@_ATAACGCAGCGAAGGG-1,0.0,Procambium,Procambium
SRX9174978@@_ATAACGCCATGGTCAT-1,d2_SRX9174978@@_ATAACGCCATGGTCAT-1,0.0,Root cap,Root cap
SRX9174978@@_ATAACGCGTCTCTTAT-1,d2_SRX9174978@@_ATAACGCGTCTCTTAT-1,0.0,Root hair,Root hair
SRX9174978@@_ATAGACCAGACTAGGC-1,d2_SRX9174978@@_ATAGACCAGACTAGGC-1,0.0,Endodermis,Endodermis
SRX9174978@@_ATCACGATCCCTCAGT-1,d2_SRX9174978@@_ATCACGATCCCTCAGT-1,0.0,Root cap,Root cap
SRX9174978@@_ATCATCTCAAGTTCTG-1,d2_SRX9174978@@_ATCATCTCAAGTTCTG-1,0.0,Procambium,Procambium
SRX9174978@@_ATCATCTGTAACGTTC-1,d2_SRX9174978@@_ATCATCTGTAACGTTC-1,0.0,Endodermis,Endodermis
SRX9174978@@_ATCATCTTCACTCTTA-1,d2_SRX9174978@@_ATCATCTTCACTCTTA-1,0.0,Epidermis,Epidermis
SRX9174978@@_ATCATGGCACTTGGAT-1,d2_SRX9174978@@_ATCATGGCACTTGGAT-1,0.0,Endodermis,Endodermis
SRX9174978@@_ATCATGGGTGTAACGG-1,d2_SRX9174978@@_ATCATGGGTGTAACGG-1,0.0,Root hair,Root hair
SRX9174978@@_ATCATGGGTTCGGCAC-1,d2_SRX9174978@@_ATCATGGGTTCGGCAC-1,0.0,Endodermis,Endodermis
SRX9174978@@_ATCCACCAGACAGACC-1,d2_SRX9174978@@_ATCCACCAGACAGACC-1,0.0,Epidermis,Epidermis
SRX9174978@@_ATCCGAAAGCTGGAAC-1,d2_SRX9174978@@_ATCCGAAAGCTGGAAC-1,0.0,Endodermis,Endodermis
SRX9174978@@_ATCCGAATCGGCGCAT-1,d2_SRX9174978@@_ATCCGAATCGGCGCAT-1,0.0,Epidermis,Epidermis
SRX9174978@@_ATCGAGTCAAGTTGTC-1,d2_SRX9174978@@_ATCGAGTCAAGTTGTC-1,0.0,Endodermis,Endodermis
SRX9174978@@_ATCGAGTCATTTGCCC-1,d2_SRX9174978@@_ATCGAGTCATTTGCCC-1,0.0,Root hair,Root hair
SRX9174978@@_ATCGAGTGTCATATGC-1,d2_SRX9174978@@_ATCGAGTGTCATATGC-1,0.0,Endodermis,Endodermis
SRX9174978@@_ATCGAGTGTGTATGGG-1,d2_SRX9174978@@_ATCGAGTGTGTATGGG-1,0.0,Endodermis,Endodermis
SRX9174978@@_ATCTACTGTAAAGGAG-1,d2_SRX9174978@@_ATCTACTGTAAAGGAG-1,0.0,Root cap,Root cap
SRX9174978@@_ATCTACTGTCCAACTA-1,d2_SRX9174978@@_ATCTACTGTCCAACTA-1,0.0,Epidermis,Epidermis
SRX9174978@@_ATCTACTGTGGTACAG-1,d2_SRX9174978@@_ATCTACTGTGGTACAG-1,0.0,Epidermis,Epidermis
SRX9174978@@_ATCTGCCAGTCTCCTC-1,d2_SRX9174978@@_ATCTGCCAGTCTCCTC-1,0.0,Root cap,Root cap
SRX9174978@@_ATGCGATTCCGCAAGC-1,d2_SRX9174978@@_ATGCGATTCCGCAAGC-1,0.0,Root cap,Root cap
SRX9174978@@_ATGCGATTCTCCGGTT-1,d2_SRX9174978@@_ATGCGATTCTCCGGTT-1,0.0,Root cap,Root cap
SRX9174978@@_ATGGGAGAGAGCAATT-1,d2_SRX9174978@@_ATGGGAGAGAGCAATT-1,0.0,Endodermis,Endodermis
SRX9174978@@_ATGGGAGCAAACAACA-1,d2_SRX9174978@@_ATGGGAGCAAACAACA-1,0.0,Root hair,Root hair
SRX9174978@@_ATGGGAGGTGATGTCT-1,d2_SRX9174978@@_ATGGGAGGTGATGTCT-1,0.0,Endodermis,Endodermis
SRX9174978@@_ATGTGTGAGATCCTGT-1,d2_SRX9174978@@_ATGTGTGAGATCCTGT-1,0.0,Endodermis,Endodermis
SRX9174978@@_ATGTGTGAGGCACATG-1,d2_SRX9174978@@_ATGTGTGAGGCACATG-1,0.0,Cortex,Cortex
SRX9174978@@_ATGTGTGGTCACTTCC-1,d2_SRX9174978@@_ATGTGTGGTCACTTCC-1,0.0,Procambium,Procambium
SRX9174978@@_ATGTGTGGTCTGATTG-1,d2_SRX9174978@@_ATGTGTGGTCTGATTG-1,0.0,Epidermis,Epidermis
SRX9174978@@_ATTACTCAGGTGATAT-1,d2_SRX9174978@@_ATTACTCAGGTGATAT-1,0.0,Pericycle,Pericycle
SRX9174978@@_ATTACTCTCTCGCTTG-1,d2_SRX9174978@@_ATTACTCTCTCGCTTG-1,0.0,Root cap,Root cap
SRX9174978@@_ATTATCCGTAAACGCG-1,d2_SRX9174978@@_ATTATCCGTAAACGCG-1,0.0,Pericycle,Pericycle
SRX9174978@@_ATTATCCGTTCCTCCA-1,d2_SRX9174978@@_ATTATCCGTTCCTCCA-1,0.0,Epidermis,Epidermis
SRX9174978@@_ATTATCCTCTGCTGTC-1,d2_SRX9174978@@_ATTATCCTCTGCTGTC-1,0.0,Pericycle,Pericycle
SRX9174978@@_ATTCTACAGACTACAA-1,d2_SRX9174978@@_ATTCTACAGACTACAA-1,0.0,Root cap,Root cap
SRX9174978@@_ATTCTACCATGCAATC-1,d2_SRX9174978@@_ATTCTACCATGCAATC-1,0.0,Procambium,Procambium
SRX9174978@@_ATTGGACAGTGCCATT-1,d2_SRX9174978@@_ATTGGACAGTGCCATT-1,0.0,Procambium,Procambium
SRX9174978@@_ATTGGACCAGTCTTCC-1,d2_SRX9174978@@_ATTGGACCAGTCTTCC-1,0.0,Pericycle,Pericycle
SRX9174978@@_ATTTCTGAGCCTCGTG-1,d2_SRX9174978@@_ATTTCTGAGCCTCGTG-1,0.0,Epidermis,Epidermis
SRX9174978@@_ATTTCTGAGCCTTGAT-1,d2_SRX9174978@@_ATTTCTGAGCCTTGAT-1,0.0,Epidermis,Epidermis
SRX9174978@@_ATTTCTGCAAATACAG-1,d2_SRX9174978@@_ATTTCTGCAAATACAG-1,0.0,Root cap,Root cap
SRX9174978@@_ATTTCTGCACTAGTAC-1,d2_SRX9174978@@_ATTTCTGCACTAGTAC-1,0.0,Endodermis,Endodermis
SRX9174978@@_ATTTCTGGTACGACCC-1,d2_SRX9174978@@_ATTTCTGGTACGACCC-1,0.0,Epidermis,Epidermis
SRX9174978@@_CAACCAACAGTAGAGC-1,d2_SRX9174978@@_CAACCAACAGTAGAGC-1,0.0,Endodermis,Endodermis
SRX9174978@@_CAACCAAGTTCGTCTC-1,d2_SRX9174978@@_CAACCAAGTTCGTCTC-1,0.0,Endodermis,Endodermis
SRX9174978@@_CAACCAATCACATAGC-1,d2_SRX9174978@@_CAACCAATCACATAGC-1,0.0,Endodermis,Endodermis
SRX9174978@@_CAACCAATCTACGAGT-1,d2_SRX9174978@@_CAACCAATCTACGAGT-1,0.0,Epidermis,Epidermis
SRX9174978@@_CAACCTCAGGCTCAGA-1,d2_SRX9174978@@_CAACCTCAGGCTCAGA-1,0.0,Epidermis,Epidermis
SRX9174978@@_CAACTAGCAGGCTGAA-1,d2_SRX9174978@@_CAACTAGCAGGCTGAA-1,0.0,Root cap,Root cap
SRX9174978@@_CAACTAGCAGGGTACA-1,d2_SRX9174978@@_CAACTAGCAGGGTACA-1,0.0,Pericycle,Pericycle
SRX9174978@@_CAACTAGCATTATCTC-1,d2_SRX9174978@@_CAACTAGCATTATCTC-1,0.0,Epidermis,Epidermis
SRX9174978@@_CAACTAGGTGATAAGT-1,d2_SRX9174978@@_CAACTAGGTGATAAGT-1,0.0,Endodermis,Endodermis
SRX9174978@@_CAAGAAAAGAGGTACC-1,d2_SRX9174978@@_CAAGAAAAGAGGTACC-1,0.0,Pericycle,Pericycle
SRX9174978@@_CAAGATCAGACGACGT-1,d2_SRX9174978@@_CAAGATCAGACGACGT-1,0.0,Root cap,Root cap
SRX9174978@@_CAAGATCTCTTACCGC-1,d2_SRX9174978@@_CAAGATCTCTTACCGC-1,0.0,Endodermis,Endodermis
SRX9174978@@_CAAGGCCAGGTGACCA-1,d2_SRX9174978@@_CAAGGCCAGGTGACCA-1,0.0,Epidermis,Epidermis
SRX9174978@@_CAAGGCCGTAGCACGA-1,d2_SRX9174978@@_CAAGGCCGTAGCACGA-1,0.0,Epidermis,Epidermis
SRX9174978@@_CAAGGCCTCGGAGGTA-1,d2_SRX9174978@@_CAAGGCCTCGGAGGTA-1,0.0,Procambium,Procambium
SRX9174978@@_CAAGTTGCAGCGTAAG-1,d2_SRX9174978@@_CAAGTTGCAGCGTAAG-1,0.0,Pericycle,Pericycle
SRX9174978@@_CAAGTTGTCTATCCTA-1,d2_SRX9174978@@_CAAGTTGTCTATCCTA-1,0.0,Root cap,Root cap
SRX9174978@@_CACAAACGTGATGATA-1,d2_SRX9174978@@_CACAAACGTGATGATA-1,0.0,Procambium,Procambium
SRX9174978@@_CACACAAAGATCCCAT-1,d2_SRX9174978@@_CACACAAAGATCCCAT-1,0.0,Procambium,Procambium
SRX9174978@@_CACACAACATTTGCCC-1,d2_SRX9174978@@_CACACAACATTTGCCC-1,0.0,Procambium,Procambium
SRX9174978@@_CACACAAGTACCTACA-1,d2_SRX9174978@@_CACACAAGTACCTACA-1,0.0,Pericycle,Pericycle
SRX9174978@@_CACACCTTCCCTGACT-1,d2_SRX9174978@@_CACACCTTCCCTGACT-1,0.0,Endodermis,Endodermis
SRX9174978@@_CACACTCGTCTCTTAT-1,d2_SRX9174978@@_CACACTCGTCTCTTAT-1,0.0,Procambium,Procambium
SRX9174978@@_CACACTCGTCTGATCA-1,d2_SRX9174978@@_CACACTCGTCTGATCA-1,0.0,Endodermis,Endodermis
SRX9174978@@_CACAGGCTCAGAGCTT-1,d2_SRX9174978@@_CACAGGCTCAGAGCTT-1,0.0,Epidermis,Epidermis
SRX9174978@@_CACAGTACAGGCAGTA-1,d2_SRX9174978@@_CACAGTACAGGCAGTA-1,0.0,Root cap,Root cap
SRX9174978@@_CACAGTAGTCGACTAT-1,d2_SRX9174978@@_CACAGTAGTCGACTAT-1,0.0,Endodermis,Endodermis
SRX9174978@@_CACAGTAGTGAACCTT-1,d2_SRX9174978@@_CACAGTAGTGAACCTT-1,0.0,Cortex,Cortex
SRX9174978@@_CACATAGCACATAACC-1,d2_SRX9174978@@_CACATAGCACATAACC-1,0.0,Epidermis,Epidermis
SRX9174978@@_CACATTTCATCTGGTA-1,d2_SRX9174978@@_CACATTTCATCTGGTA-1,0.0,Epidermis,Epidermis
SRX9174978@@_CACCACTAGGCATGGT-1,d2_SRX9174978@@_CACCACTAGGCATGGT-1,0.0,Endodermis,Endodermis
SRX9174978@@_CACCTTGGTGCCTGTG-1,d2_SRX9174978@@_CACCTTGGTGCCTGTG-1,0.0,Cortex,Cortex
SRX9174978@@_CACCTTGTCTTAGCCC-1,d2_SRX9174978@@_CACCTTGTCTTAGCCC-1,0.0,Procambium,Procambium
SRX9174978@@_CAGAATCAGAGCTATA-1,d2_SRX9174978@@_CAGAATCAGAGCTATA-1,0.0,Endodermis,Endodermis
SRX9174978@@_CAGAGAGAGTTCGCGC-1,d2_SRX9174978@@_CAGAGAGAGTTCGCGC-1,0.0,Endodermis,Endodermis
SRX9174978@@_CAGAGAGCAAACTGCT-1,d2_SRX9174978@@_CAGAGAGCAAACTGCT-1,0.0,Epidermis,Epidermis
SRX9174978@@_CAGAGAGGTGCGCTTG-1,d2_SRX9174978@@_CAGAGAGGTGCGCTTG-1,0.0,Epidermis,Epidermis
SRX9174978@@_CAGATCAAGCTGAACG-1,d2_SRX9174978@@_CAGATCAAGCTGAACG-1,0.0,Endodermis,Endodermis
SRX9174978@@_CAGATCACAGTCCTTC-1,d2_SRX9174978@@_CAGATCACAGTCCTTC-1,0.0,Epidermis,Epidermis
SRX9174978@@_CAGATCAGTCCGAGTC-1,d2_SRX9174978@@_CAGATCAGTCCGAGTC-1,0.0,Endodermis,Endodermis
SRX9174978@@_CAGCAGCAGGCCCTTG-1,d2_SRX9174978@@_CAGCAGCAGGCCCTTG-1,0.0,Procambium,Procambium
SRX9174978@@_CAGCCGAAGGACACCA-1,d2_SRX9174978@@_CAGCCGAAGGACACCA-1,0.0,Epidermis,Epidermis
SRX9174978@@_CAGCGACAGAGGTTGC-1,d2_SRX9174978@@_CAGCGACAGAGGTTGC-1,0.0,Endodermis,Endodermis
SRX9174978@@_CAGCGACGTATAGGGC-1,d2_SRX9174978@@_CAGCGACGTATAGGGC-1,0.0,Epidermis,Epidermis
SRX9174978@@_CAGCGACTCAGCTGGC-1,d2_SRX9174978@@_CAGCGACTCAGCTGGC-1,0.0,Epidermis,Epidermis
SRX9174978@@_CAGCTAAAGACTACAA-1,d2_SRX9174978@@_CAGCTAAAGACTACAA-1,0.0,Epidermis,Epidermis
SRX9174978@@_CAGCTAACAGCTCGAC-1,d2_SRX9174978@@_CAGCTAACAGCTCGAC-1,0.0,Endodermis,Endodermis
SRX9174978@@_CAGCTAAGTGAGTGAC-1,d2_SRX9174978@@_CAGCTAAGTGAGTGAC-1,0.0,Endodermis,Endodermis
SRX9174978@@_CAGCTAATCCACGAAT-1,d2_SRX9174978@@_CAGCTAATCCACGAAT-1,0.0,Endodermis,Endodermis
SRX9174978@@_CAGGTGCAGACTAAGT-1,d2_SRX9174978@@_CAGGTGCAGACTAAGT-1,0.0,Procambium,Procambium
SRX9174978@@_CAGGTGCCACCGGAAA-1,d2_SRX9174978@@_CAGGTGCCACCGGAAA-1,0.0,Root cap,Root cap
SRX9174978@@_CAGGTGCGTCTTCGTC-1,d2_SRX9174978@@_CAGGTGCGTCTTCGTC-1,0.0,Root cap,Root cap
SRX9174978@@_CAGGTGCGTGAGGCTA-1,d2_SRX9174978@@_CAGGTGCGTGAGGCTA-1,0.0,Endodermis,Endodermis
SRX9174978@@_CAGTAACAGTGTACCT-1,d2_SRX9174978@@_CAGTAACAGTGTACCT-1,0.0,Procambium,Procambium
SRX9174978@@_CAGTAACCATTCTCAT-1,d2_SRX9174978@@_CAGTAACCATTCTCAT-1,0.0,Root cap,Root cap
SRX9174978@@_CAGTCCTTCATGTCTT-1,d2_SRX9174978@@_CAGTCCTTCATGTCTT-1,0.0,Epidermis,Epidermis
SRX9174978@@_CATATGGTCATCACCC-1,d2_SRX9174978@@_CATATGGTCATCACCC-1,0.0,Endodermis,Endodermis
SRX9174978@@_CATATGGTCTTTACGT-1,d2_SRX9174978@@_CATATGGTCTTTACGT-1,0.0,Root cap,Root cap
SRX9174978@@_CATATTCGTCCTCCAT-1,d2_SRX9174978@@_CATATTCGTCCTCCAT-1,0.0,Root cap,Root cap
SRX9174978@@_CATATTCTCGGCGGTT-1,d2_SRX9174978@@_CATATTCTCGGCGGTT-1,0.0,Epidermis,Epidermis
SRX9174978@@_CATCAAGCATCTGGTA-1,d2_SRX9174978@@_CATCAAGCATCTGGTA-1,0.0,Procambium,Procambium
SRX9174978@@_CATCAGAAGAGGGCTT-1,d2_SRX9174978@@_CATCAGAAGAGGGCTT-1,0.0,Epidermis,Epidermis
SRX9174978@@_CATCCACAGCGCTTAT-1,d2_SRX9174978@@_CATCCACAGCGCTTAT-1,0.0,Root cap,Root cap
SRX9174978@@_CATCCACCATCGGGTC-1,d2_SRX9174978@@_CATCCACCATCGGGTC-1,0.0,Epidermis,Epidermis
SRX9174978@@_CATCCACGTGAAATCA-1,d2_SRX9174978@@_CATCCACGTGAAATCA-1,0.0,Epidermis,Epidermis
SRX9174978@@_CATCGAAGTCGCGGTT-1,d2_SRX9174978@@_CATCGAAGTCGCGGTT-1,0.0,Pericycle,Pericycle
SRX9174978@@_CATCGAATCCGGGTGT-1,d2_SRX9174978@@_CATCGAATCCGGGTGT-1,0.0,Pericycle,Pericycle
SRX9174978@@_CATCGAATCGTCTGAA-1,d2_SRX9174978@@_CATCGAATCGTCTGAA-1,0.0,Root cap,Root cap
SRX9174978@@_CATCGGGCACCTATCC-1,d2_SRX9174978@@_CATCGGGCACCTATCC-1,0.0,Endodermis,Endodermis
SRX9174978@@_CATCGGGTCTTTACGT-1,d2_SRX9174978@@_CATCGGGTCTTTACGT-1,0.0,Endodermis,Endodermis
SRX9174978@@_CATGACATCATCGATG-1,d2_SRX9174978@@_CATGACATCATCGATG-1,0.0,Root cap,Root cap
SRX9174978@@_CATGCCTGTTGTTTGG-1,d2_SRX9174978@@_CATGCCTGTTGTTTGG-1,0.0,Pericycle,Pericycle
SRX9174978@@_CATGGCGCACAGGTTT-1,d2_SRX9174978@@_CATGGCGCACAGGTTT-1,0.0,Epidermis,Epidermis
SRX9174978@@_CATGGCGCACATGGGA-1,d2_SRX9174978@@_CATGGCGCACATGGGA-1,0.0,Procambium,Procambium
SRX9174978@@_CATGGCGCAGGCGATA-1,d2_SRX9174978@@_CATGGCGCAGGCGATA-1,0.0,Epidermis,Epidermis
SRX9174978@@_CATGGCGGTGGTCCGT-1,d2_SRX9174978@@_CATGGCGGTGGTCCGT-1,0.0,Endodermis,Endodermis
SRX9174978@@_CATGGCGTCACTCTTA-1,d2_SRX9174978@@_CATGGCGTCACTCTTA-1,0.0,Epidermis,Epidermis
SRX9174978@@_CATTATCCAGCTGCAC-1,d2_SRX9174978@@_CATTATCCAGCTGCAC-1,0.0,Endodermis,Endodermis
SRX9174978@@_CATTATCTCATAACCG-1,d2_SRX9174978@@_CATTATCTCATAACCG-1,0.0,Procambium,Procambium
SRX9174978@@_CATTATCTCTACTCAT-1,d2_SRX9174978@@_CATTATCTCTACTCAT-1,0.0,Epidermis,Epidermis
SRX9174978@@_CATTATCTCTCTTGAT-1,d2_SRX9174978@@_CATTATCTCTCTTGAT-1,0.0,Endodermis,Endodermis
SRX9174978@@_CATTCGCAGCCAGTAG-1,d2_SRX9174978@@_CATTCGCAGCCAGTAG-1,0.0,Epidermis,Epidermis
SRX9174978@@_CATTCGCGTTATTCTC-1,d2_SRX9174978@@_CATTCGCGTTATTCTC-1,0.0,Cortex,Cortex
SRX9174978@@_CATTCGCTCAGCTGGC-1,d2_SRX9174978@@_CATTCGCTCAGCTGGC-1,0.0,Epidermis,Epidermis
SRX9174978@@_CCAATCCAGAAACGAG-1,d2_SRX9174978@@_CCAATCCAGAAACGAG-1,0.0,Root cap,Root cap
SRX9174978@@_CCACCTAAGACACTAA-1,d2_SRX9174978@@_CCACCTAAGACACTAA-1,0.0,Root hair,Root hair
SRX9174978@@_CCACCTAAGAGTGAGA-1,d2_SRX9174978@@_CCACCTAAGAGTGAGA-1,0.0,Root cap,Root cap
SRX9174978@@_CCACCTACACACTGCG-1,d2_SRX9174978@@_CCACCTACACACTGCG-1,0.0,Root cap,Root cap
SRX9174978@@_CCACGGAAGGCCCTTG-1,d2_SRX9174978@@_CCACGGAAGGCCCTTG-1,0.0,Procambium,Procambium
SRX9174978@@_CCACTACAGAACAATC-1,d2_SRX9174978@@_CCACTACAGAACAATC-1,0.0,Cortex,Cortex
SRX9174978@@_CCACTACAGGGATCTG-1,d2_SRX9174978@@_CCACTACAGGGATCTG-1,0.0,Epidermis,Epidermis
SRX9174978@@_CCACTACCAACTTGAC-1,d2_SRX9174978@@_CCACTACCAACTTGAC-1,0.0,Root cap,Root cap
SRX9174978@@_CCACTACCAGCTGTAT-1,d2_SRX9174978@@_CCACTACCAGCTGTAT-1,0.0,Procambium,Procambium
SRX9174978@@_CCACTACTCAGCTGGC-1,d2_SRX9174978@@_CCACTACTCAGCTGGC-1,0.0,Epidermis,Epidermis
SRX9174978@@_CCATGTCAGTGTTGAA-1,d2_SRX9174978@@_CCATGTCAGTGTTGAA-1,0.0,Root cap,Root cap
SRX9174978@@_CCATTCGGTCCTCTTG-1,d2_SRX9174978@@_CCATTCGGTCCTCTTG-1,0.0,Root cap,Root cap
SRX9174978@@_CCATTCGTCTAGAGTC-1,d2_SRX9174978@@_CCATTCGTCTAGAGTC-1,0.0,Root cap,Root cap
SRX9174978@@_CCCAATCAGTCAAGCG-1,d2_SRX9174978@@_CCCAATCAGTCAAGCG-1,0.0,Endodermis,Endodermis
SRX9174978@@_CCCAATCCAAGTTAAG-1,d2_SRX9174978@@_CCCAATCCAAGTTAAG-1,0.0,Procambium,Procambium
SRX9174978@@_CCCAATCGTGACGCCT-1,d2_SRX9174978@@_CCCAATCGTGACGCCT-1,0.0,Endodermis,Endodermis
SRX9174978@@_CCCAATCTCTAACTGG-1,d2_SRX9174978@@_CCCAATCTCTAACTGG-1,0.0,Epidermis,Epidermis
SRX9174978@@_CCCAGTTGTCTCTCTG-1,d2_SRX9174978@@_CCCAGTTGTCTCTCTG-1,0.0,Epidermis,Epidermis
SRX9174978@@_CCCAGTTTCTGATTCT-1,d2_SRX9174978@@_CCCAGTTTCTGATTCT-1,0.0,Root cap,Root cap
SRX9174978@@_CCCATACCATGCATGT-1,d2_SRX9174978@@_CCCATACCATGCATGT-1,0.0,Endodermis,Endodermis
SRX9174978@@_CCCTCCTTCAGAGCTT-1,d2_SRX9174978@@_CCCTCCTTCAGAGCTT-1,0.0,Epidermis,Epidermis
SRX9174978@@_CCCTCCTTCGCAAACT-1,d2_SRX9174978@@_CCCTCCTTCGCAAACT-1,0.0,Epidermis,Epidermis
SRX9174978@@_CCGGGATGTCTGGTCG-1,d2_SRX9174978@@_CCGGGATGTCTGGTCG-1,0.0,Epidermis,Epidermis
SRX9174978@@_CCGGGATTCGTTGACA-1,d2_SRX9174978@@_CCGGGATTCGTTGACA-1,0.0,Procambium,Procambium
SRX9174978@@_CCGGTAGAGCCACGTC-1,d2_SRX9174978@@_CCGGTAGAGCCACGTC-1,0.0,Pericycle,Pericycle
SRX9174978@@_CCGGTAGCAGATCGGA-1,d2_SRX9174978@@_CCGGTAGCAGATCGGA-1,0.0,Procambium,Procambium
SRX9174978@@_CCGGTAGCATGCAACT-1,d2_SRX9174978@@_CCGGTAGCATGCAACT-1,0.0,Root cap,Root cap
SRX9174978@@_CCGGTAGTCACCTTAT-1,d2_SRX9174978@@_CCGGTAGTCACCTTAT-1,0.0,Endodermis,Endodermis
SRX9174978@@_CCGGTAGTCCTCTAGC-1,d2_SRX9174978@@_CCGGTAGTCCTCTAGC-1,0.0,Pericycle,Pericycle
SRX9174978@@_CCGTACTGTGACAAAT-1,d2_SRX9174978@@_CCGTACTGTGACAAAT-1,0.0,Root cap,Root cap
SRX9174978@@_CCGTACTTCATATCGG-1,d2_SRX9174978@@_CCGTACTTCATATCGG-1,0.0,Root cap,Root cap
SRX9174978@@_CCGTGGAAGTTACCCA-1,d2_SRX9174978@@_CCGTGGAAGTTACCCA-1,0.0,Root cap,Root cap
SRX9174978@@_CCGTGGAGTAGCGCTC-1,d2_SRX9174978@@_CCGTGGAGTAGCGCTC-1,0.0,Procambium,Procambium
SRX9174978@@_CCGTTCAGTAAACGCG-1,d2_SRX9174978@@_CCGTTCAGTAAACGCG-1,0.0,Epidermis,Epidermis
SRX9174978@@_CCTAAAGCATTCTTAC-1,d2_SRX9174978@@_CCTAAAGCATTCTTAC-1,0.0,Root cap,Root cap
SRX9174978@@_CCTACACAGCTAAGAT-1,d2_SRX9174978@@_CCTACACAGCTAAGAT-1,0.0,Cortex,Cortex
SRX9174978@@_CCTACACAGTGTACTC-1,d2_SRX9174978@@_CCTACACAGTGTACTC-1,0.0,Root hair,Root hair
SRX9174978@@_CCTACACCAGTATCTG-1,d2_SRX9174978@@_CCTACACCAGTATCTG-1,0.0,Pericycle,Pericycle
SRX9174978@@_CCTACACTCCTAAGTG-1,d2_SRX9174978@@_CCTACACTCCTAAGTG-1,0.0,Procambium,Procambium
SRX9174978@@_CCTACACTCTTGTTTG-1,d2_SRX9174978@@_CCTACACTCTTGTTTG-1,0.0,Epidermis,Epidermis
SRX9174978@@_CCTACCAGTTTGCATG-1,d2_SRX9174978@@_CCTACCAGTTTGCATG-1,0.0,Procambium,Procambium
SRX9174978@@_CCTACCATCACTGGGC-1,d2_SRX9174978@@_CCTACCATCACTGGGC-1,0.0,Procambium,Procambium
SRX9174978@@_CCTAGCTAGGTGCACA-1,d2_SRX9174978@@_CCTAGCTAGGTGCACA-1,0.0,Endodermis,Endodermis
SRX9174978@@_CCTAGCTCATTCTCAT-1,d2_SRX9174978@@_CCTAGCTCATTCTCAT-1,0.0,Epidermis,Epidermis
SRX9174978@@_CCTATTAAGAGCAATT-1,d2_SRX9174978@@_CCTATTAAGAGCAATT-1,0.0,Pericycle,Pericycle
SRX9174978@@_CCTATTACATTGTGCA-1,d2_SRX9174978@@_CCTATTACATTGTGCA-1,0.0,Procambium,Procambium
SRX9174978@@_CCTCAGTAGTAGATGT-1,d2_SRX9174978@@_CCTCAGTAGTAGATGT-1,0.0,Epidermis,Epidermis
SRX9174978@@_CCTCAGTGTCCCGACA-1,d2_SRX9174978@@_CCTCAGTGTCCCGACA-1,0.0,Epidermis,Epidermis
SRX9174978@@_CCTCTGAAGACGACGT-1,d2_SRX9174978@@_CCTCTGAAGACGACGT-1,0.0,Cortex,Cortex
SRX9174978@@_CCTCTGAGTTGATTCG-1,d2_SRX9174978@@_CCTCTGAGTTGATTCG-1,0.0,Endodermis,Endodermis
SRX9174978@@_CCTCTGAGTTTGGCGC-1,d2_SRX9174978@@_CCTCTGAGTTTGGCGC-1,0.0,Cortex,Cortex
SRX9174978@@_CCTCTGATCCCTCAGT-1,d2_SRX9174978@@_CCTCTGATCCCTCAGT-1,0.0,Root cap,Root cap
SRX9174978@@_CCTTACGGTAGGCTGA-1,d2_SRX9174978@@_CCTTACGGTAGGCTGA-1,0.0,Epidermis,Epidermis
SRX9174978@@_CCTTACGTCGTCACGG-1,d2_SRX9174978@@_CCTTACGTCGTCACGG-1,0.0,Epidermis,Epidermis
SRX9174978@@_CCTTCCCAGAGCTGCA-1,d2_SRX9174978@@_CCTTCCCAGAGCTGCA-1,0.0,Cortex,Cortex
SRX9174978@@_CCTTCCCTCCAAGTAC-1,d2_SRX9174978@@_CCTTCCCTCCAAGTAC-1,0.0,Endodermis,Endodermis
SRX9174978@@_CCTTCCCTCGACGGAA-1,d2_SRX9174978@@_CCTTCCCTCGACGGAA-1,0.0,Endodermis,Endodermis
SRX9174978@@_CCTTCGAAGGGAAACA-1,d2_SRX9174978@@_CCTTCGAAGGGAAACA-1,0.0,Root hair,Root hair
SRX9174978@@_CCTTCGACATCCTAGA-1,d2_SRX9174978@@_CCTTCGACATCCTAGA-1,0.0,Epidermis,Epidermis
SRX9174978@@_CCTTCGACATCGACGC-1,d2_SRX9174978@@_CCTTCGACATCGACGC-1,0.0,Procambium,Procambium
SRX9174978@@_CCTTTCTTCTCGCTTG-1,d2_SRX9174978@@_CCTTTCTTCTCGCTTG-1,0.0,Procambium,Procambium
SRX9174978@@_CGAATGTCACTAGTAC-1,d2_SRX9174978@@_CGAATGTCACTAGTAC-1,0.0,Root cap,Root cap
SRX9174978@@_CGACCTTTCAAGATCC-1,d2_SRX9174978@@_CGACCTTTCAAGATCC-1,0.0,Epidermis,Epidermis
SRX9174978@@_CGACTTCAGCTTATCG-1,d2_SRX9174978@@_CGACTTCAGCTTATCG-1,0.0,Epidermis,Epidermis
SRX9174978@@_CGACTTCAGGTTCCTA-1,d2_SRX9174978@@_CGACTTCAGGTTCCTA-1,0.0,Root cap,Root cap
SRX9174978@@_CGACTTCCATCTCCCA-1,d2_SRX9174978@@_CGACTTCCATCTCCCA-1,0.0,Epidermis,Epidermis
SRX9174978@@_CGACTTCGTCGCATAT-1,d2_SRX9174978@@_CGACTTCGTCGCATAT-1,0.0,Endodermis,Endodermis
SRX9174978@@_CGACTTCTCGCAAACT-1,d2_SRX9174978@@_CGACTTCTCGCAAACT-1,0.0,Pericycle,Pericycle
SRX9174978@@_CGAGAAGCAACGCACC-1,d2_SRX9174978@@_CGAGAAGCAACGCACC-1,0.0,Endodermis,Endodermis
SRX9174978@@_CGAGCACCATCCCACT-1,d2_SRX9174978@@_CGAGCACCATCCCACT-1,0.0,Root cap,Root cap
SRX9174978@@_CGAGCCACATTGTGCA-1,d2_SRX9174978@@_CGAGCCACATTGTGCA-1,0.0,Endodermis,Endodermis
SRX9174978@@_CGATGGCCACTAAGTC-1,d2_SRX9174978@@_CGATGGCCACTAAGTC-1,0.0,Endodermis,Endodermis
SRX9174978@@_CGATGGCGTTCATGGT-1,d2_SRX9174978@@_CGATGGCGTTCATGGT-1,0.0,Endodermis,Endodermis
SRX9174978@@_CGATGTATCGACAGCC-1,d2_SRX9174978@@_CGATGTATCGACAGCC-1,0.0,Cortex,Cortex
SRX9174978@@_CGATGTATCTGGGCCA-1,d2_SRX9174978@@_CGATGTATCTGGGCCA-1,0.0,Pericycle,Pericycle
SRX9174978@@_CGATTGAAGTAGCCGA-1,d2_SRX9174978@@_CGATTGAAGTAGCCGA-1,0.0,Procambium,Procambium
SRX9174978@@_CGATTGAAGTTCGCGC-1,d2_SRX9174978@@_CGATTGAAGTTCGCGC-1,0.0,Endodermis,Endodermis
SRX9174978@@_CGATTGACAGCTGCTG-1,d2_SRX9174978@@_CGATTGACAGCTGCTG-1,0.0,Endodermis,Endodermis
SRX9174978@@_CGCGTTTAGACATAAC-1,d2_SRX9174978@@_CGCGTTTAGACATAAC-1,0.0,Root hair,Root hair
SRX9174978@@_CGCGTTTCACTGTTAG-1,d2_SRX9174978@@_CGCGTTTCACTGTTAG-1,0.0,Epidermis,Epidermis
SRX9174978@@_CGCTATCCACGTCTCT-1,d2_SRX9174978@@_CGCTATCCACGTCTCT-1,0.0,Root cap,Root cap
SRX9174978@@_CGCTATCCATTTGCCC-1,d2_SRX9174978@@_CGCTATCCATTTGCCC-1,0.0,Epidermis,Epidermis
SRX9174978@@_CGCTGGATCACATAGC-1,d2_SRX9174978@@_CGCTGGATCACATAGC-1,0.0,Root cap,Root cap
SRX9174978@@_CGCTTCATCATTATCC-1,d2_SRX9174978@@_CGCTTCATCATTATCC-1,0.0,Epidermis,Epidermis
SRX9174978@@_CGGACACAGATAGCAT-1,d2_SRX9174978@@_CGGACACAGATAGCAT-1,0.0,Epidermis,Epidermis
SRX9174978@@_CGGACACCACGTCAGC-1,d2_SRX9174978@@_CGGACACCACGTCAGC-1,0.0,Root cap,Root cap
SRX9174978@@_CGGACACCAGGTTTCA-1,d2_SRX9174978@@_CGGACACCAGGTTTCA-1,0.0,Root cap,Root cap
SRX9174978@@_CGGACGTAGACTTTCG-1,d2_SRX9174978@@_CGGACGTAGACTTTCG-1,0.0,Root cap,Root cap
SRX9174978@@_CGGACGTAGGCTAGCA-1,d2_SRX9174978@@_CGGACGTAGGCTAGCA-1,0.0,Epidermis,Epidermis
SRX9174978@@_CGGACGTGTAAGTGTA-1,d2_SRX9174978@@_CGGACGTGTAAGTGTA-1,0.0,Endodermis,Endodermis
SRX9174978@@_CGGACGTGTATATGGA-1,d2_SRX9174978@@_CGGACGTGTATATGGA-1,0.0,Epidermis,Epidermis
SRX9174978@@_CGGACGTTCCGAAGAG-1,d2_SRX9174978@@_CGGACGTTCCGAAGAG-1,0.0,Root hair,Root hair
SRX9174978@@_CGGACGTTCGGTCTAA-1,d2_SRX9174978@@_CGGACGTTCGGTCTAA-1,0.0,Endodermis,Endodermis
SRX9174978@@_CGGACGTTCGTTGCCT-1,d2_SRX9174978@@_CGGACGTTCGTTGCCT-1,0.0,Root cap,Root cap
SRX9174978@@_CGGACTGTCAACGAAA-1,d2_SRX9174978@@_CGGACTGTCAACGAAA-1,0.0,Epidermis,Epidermis
SRX9174978@@_CGGAGCTCAAGTTAAG-1,d2_SRX9174978@@_CGGAGCTCAAGTTAAG-1,0.0,Epidermis,Epidermis
SRX9174978@@_CGGAGCTCACACGCTG-1,d2_SRX9174978@@_CGGAGCTCACACGCTG-1,0.0,Epidermis,Epidermis
SRX9174978@@_CGGAGCTCACAGAGGT-1,d2_SRX9174978@@_CGGAGCTCACAGAGGT-1,0.0,Endodermis,Endodermis
SRX9174978@@_CGGAGCTCATGCTAGT-1,d2_SRX9174978@@_CGGAGCTCATGCTAGT-1,0.0,Procambium,Procambium
SRX9174978@@_CGGAGCTGTGAAGGCT-1,d2_SRX9174978@@_CGGAGCTGTGAAGGCT-1,0.0,Procambium,Procambium
SRX9174978@@_CGGAGTCCACGACTCG-1,d2_SRX9174978@@_CGGAGTCCACGACTCG-1,0.0,Pericycle,Pericycle
SRX9174978@@_CGGCTAGAGGTCGGAT-1,d2_SRX9174978@@_CGGCTAGAGGTCGGAT-1,0.0,Epidermis,Epidermis
SRX9174978@@_CGGGTCAAGATATGGT-1,d2_SRX9174978@@_CGGGTCAAGATATGGT-1,0.0,Endodermis,Endodermis
SRX9174978@@_CGGGTCACAATGTAAG-1,d2_SRX9174978@@_CGGGTCACAATGTAAG-1,0.0,Pericycle,Pericycle
SRX9174978@@_CGGTTAAAGATAGCAT-1,d2_SRX9174978@@_CGGTTAAAGATAGCAT-1,0.0,Root hair,Root hair
SRX9174978@@_CGGTTAATCATGTAGC-1,d2_SRX9174978@@_CGGTTAATCATGTAGC-1,0.0,Epidermis,Epidermis
SRX9174978@@_CGTAGCGAGAAACCTA-1,d2_SRX9174978@@_CGTAGCGAGAAACCTA-1,0.0,Root cap,Root cap
SRX9174978@@_CGTAGCGAGAAGATTC-1,d2_SRX9174978@@_CGTAGCGAGAAGATTC-1,0.0,Root cap,Root cap
SRX9174978@@_CGTAGCGAGAGGGATA-1,d2_SRX9174978@@_CGTAGCGAGAGGGATA-1,0.0,Pericycle,Pericycle
SRX9174978@@_CGTAGCGAGCTAGCCC-1,d2_SRX9174978@@_CGTAGCGAGCTAGCCC-1,0.0,Root cap,Root cap
SRX9174978@@_CGTAGCGAGGTGCTAG-1,d2_SRX9174978@@_CGTAGCGAGGTGCTAG-1,0.0,Root cap,Root cap
SRX9174978@@_CGTAGGCAGTCCTCCT-1,d2_SRX9174978@@_CGTAGGCAGTCCTCCT-1,0.0,Pericycle,Pericycle
SRX9174978@@_CGTAGGCGTCTTTCAT-1,d2_SRX9174978@@_CGTAGGCGTCTTTCAT-1,0.0,Endodermis,Endodermis
SRX9174978@@_CGTCACTCATTACCTT-1,d2_SRX9174978@@_CGTCACTCATTACCTT-1,0.0,Pericycle,Pericycle
SRX9174978@@_CGTCACTGTTGGACCC-1,d2_SRX9174978@@_CGTCACTGTTGGACCC-1,0.0,Root cap,Root cap
SRX9174978@@_CGTCAGGTCAGTTTGG-1,d2_SRX9174978@@_CGTCAGGTCAGTTTGG-1,0.0,Endodermis,Endodermis
SRX9174978@@_CGTCTACGTCTCCACT-1,d2_SRX9174978@@_CGTCTACGTCTCCACT-1,0.0,Epidermis,Epidermis
SRX9174978@@_CGTCTACGTTCAGCGC-1,d2_SRX9174978@@_CGTCTACGTTCAGCGC-1,0.0,Epidermis,Epidermis
SRX9174978@@_CGTGAGCTCTGTCAAG-1,d2_SRX9174978@@_CGTGAGCTCTGTCAAG-1,0.0,Procambium,Procambium
SRX9174978@@_CGTGTAACAATCACAC-1,d2_SRX9174978@@_CGTGTAACAATCACAC-1,0.0,Epidermis,Epidermis
SRX9174978@@_CGTGTCTCAGTATAAG-1,d2_SRX9174978@@_CGTGTCTCAGTATAAG-1,0.0,Epidermis,Epidermis
SRX9174978@@_CGTGTCTGTCGTGGCT-1,d2_SRX9174978@@_CGTGTCTGTCGTGGCT-1,0.0,Root hair,Root hair
SRX9174978@@_CGTGTCTTCGGCGCTA-1,d2_SRX9174978@@_CGTGTCTTCGGCGCTA-1,0.0,Epidermis,Epidermis
SRX9174978@@_CGTTAGAGTTAGATGA-1,d2_SRX9174978@@_CGTTAGAGTTAGATGA-1,0.0,Endodermis,Endodermis
SRX9174978@@_CGTTAGAGTTTCGCTC-1,d2_SRX9174978@@_CGTTAGAGTTTCGCTC-1,0.0,Root cap,Root cap
SRX9174978@@_CGTTCTGCAAGCCGTC-1,d2_SRX9174978@@_CGTTCTGCAAGCCGTC-1,0.0,Endodermis,Endodermis
SRX9174978@@_CGTTCTGTCCGCGTTT-1,d2_SRX9174978@@_CGTTCTGTCCGCGTTT-1,0.0,Endodermis,Endodermis
SRX9174978@@_CGTTGGGGTAGAAGGA-1,d2_SRX9174978@@_CGTTGGGGTAGAAGGA-1,0.0,Cortex,Cortex
SRX9174978@@_CTAACTTCACGACGAA-1,d2_SRX9174978@@_CTAACTTCACGACGAA-1,0.0,Epidermis,Epidermis
SRX9174978@@_CTAACTTGTGAAGGCT-1,d2_SRX9174978@@_CTAACTTGTGAAGGCT-1,0.0,Procambium,Procambium
SRX9174978@@_CTAAGACAGGGTATCG-1,d2_SRX9174978@@_CTAAGACAGGGTATCG-1,0.0,Endodermis,Endodermis
SRX9174978@@_CTAAGACCATACTACG-1,d2_SRX9174978@@_CTAAGACCATACTACG-1,0.0,Root cap,Root cap
SRX9174978@@_CTAAGACCATGTAAGA-1,d2_SRX9174978@@_CTAAGACCATGTAAGA-1,0.0,Procambium,Procambium
SRX9174978@@_CTAATGGCAAGTCATC-1,d2_SRX9174978@@_CTAATGGCAAGTCATC-1,0.0,Epidermis,Epidermis
SRX9174978@@_CTACATTCATCGACGC-1,d2_SRX9174978@@_CTACATTCATCGACGC-1,0.0,Root hair,Root hair
SRX9174978@@_CTACATTTCACCGGGT-1,d2_SRX9174978@@_CTACATTTCACCGGGT-1,0.0,Endodermis,Endodermis
SRX9174978@@_CTACCCAAGAGCCTAG-1,d2_SRX9174978@@_CTACCCAAGAGCCTAG-1,0.0,Root cap,Root cap
SRX9174978@@_CTACGTCAGCCCAACC-1,d2_SRX9174978@@_CTACGTCAGCCCAACC-1,0.0,Root cap,Root cap
SRX9174978@@_CTACGTCTCGGAATCT-1,d2_SRX9174978@@_CTACGTCTCGGAATCT-1,0.0,Root cap,Root cap
SRX9174978@@_CTAGAGTAGGTGCACA-1,d2_SRX9174978@@_CTAGAGTAGGTGCACA-1,0.0,Endodermis,Endodermis
SRX9174978@@_CTAGAGTGTAAGAGGA-1,d2_SRX9174978@@_CTAGAGTGTAAGAGGA-1,0.0,Root cap,Root cap
SRX9174978@@_CTAGCCTGTAAGCACG-1,d2_SRX9174978@@_CTAGCCTGTAAGCACG-1,0.0,Epidermis,Epidermis
SRX9174978@@_CTAGCCTGTGATGTGG-1,d2_SRX9174978@@_CTAGCCTGTGATGTGG-1,0.0,Epidermis,Epidermis
SRX9174978@@_CTAGTGACATACGCCG-1,d2_SRX9174978@@_CTAGTGACATACGCCG-1,0.0,Pericycle,Pericycle
SRX9174978@@_CTAGTGAGTCACAAGG-1,d2_SRX9174978@@_CTAGTGAGTCACAAGG-1,0.0,Endodermis,Endodermis
SRX9174978@@_CTAGTGATCGTCTGAA-1,d2_SRX9174978@@_CTAGTGATCGTCTGAA-1,0.0,Root cap,Root cap
SRX9174978@@_CTCAGAACACGGCCAT-1,d2_SRX9174978@@_CTCAGAACACGGCCAT-1,0.0,Root cap,Root cap
SRX9174978@@_CTCATTAGTACCTACA-1,d2_SRX9174978@@_CTCATTAGTACCTACA-1,0.0,Procambium,Procambium
SRX9174978@@_CTCATTAGTCAGCTAT-1,d2_SRX9174978@@_CTCATTAGTCAGCTAT-1,0.0,Epidermis,Epidermis
SRX9174978@@_CTCATTATCACCGTAA-1,d2_SRX9174978@@_CTCATTATCACCGTAA-1,0.0,Endodermis,Endodermis
SRX9174978@@_CTCATTATCGTGACAT-1,d2_SRX9174978@@_CTCATTATCGTGACAT-1,0.0,Root cap,Root cap
SRX9174978@@_CTCCTAGCAGGTGCCT-1,d2_SRX9174978@@_CTCCTAGCAGGTGCCT-1,0.0,Epidermis,Epidermis
SRX9174978@@_CTCGAAAGTCTAAACC-1,d2_SRX9174978@@_CTCGAAAGTCTAAACC-1,0.0,Epidermis,Epidermis
SRX9174978@@_CTCGAGGAGAGCAATT-1,d2_SRX9174978@@_CTCGAGGAGAGCAATT-1,0.0,Endodermis,Endodermis
SRX9174978@@_CTCGAGGAGCTAAGAT-1,d2_SRX9174978@@_CTCGAGGAGCTAAGAT-1,0.0,Root cap,Root cap
SRX9174978@@_CTCGAGGTCAATCACG-1,d2_SRX9174978@@_CTCGAGGTCAATCACG-1,0.0,Endodermis,Endodermis
SRX9174978@@_CTCGAGGTCTGCCAGG-1,d2_SRX9174978@@_CTCGAGGTCTGCCAGG-1,0.0,Cortex,Cortex
SRX9174978@@_CTCGGAGCAGACGCAA-1,d2_SRX9174978@@_CTCGGAGCAGACGCAA-1,0.0,Epidermis,Epidermis
SRX9174978@@_CTCGGGAGTTCGTCTC-1,d2_SRX9174978@@_CTCGGGAGTTCGTCTC-1,0.0,Root hair,Root hair
SRX9174978@@_CTCGGGATCATTGCGA-1,d2_SRX9174978@@_CTCGGGATCATTGCGA-1,0.0,Cortex,Cortex
SRX9174978@@_CTCGTACAGCTAAGAT-1,d2_SRX9174978@@_CTCGTACAGCTAAGAT-1,0.0,Root cap,Root cap
SRX9174978@@_CTCGTACGTAATAGCA-1,d2_SRX9174978@@_CTCGTACGTAATAGCA-1,0.0,Endodermis,Endodermis
SRX9174978@@_CTCGTCATCCTCGCAT-1,d2_SRX9174978@@_CTCGTCATCCTCGCAT-1,0.0,Endodermis,Endodermis
SRX9174978@@_CTCTAATAGAGACTTA-1,d2_SRX9174978@@_CTCTAATAGAGACTTA-1,0.0,Epidermis,Epidermis
SRX9174978@@_CTCTACGAGCTCAACT-1,d2_SRX9174978@@_CTCTACGAGCTCAACT-1,0.0,Endodermis,Endodermis
SRX9174978@@_CTCTACGCAGCATACT-1,d2_SRX9174978@@_CTCTACGCAGCATACT-1,0.0,Epidermis,Epidermis
SRX9174978@@_CTCTGGTCACACCGCA-1,d2_SRX9174978@@_CTCTGGTCACACCGCA-1,0.0,Epidermis,Epidermis
SRX9174978@@_CTGAAGTAGGAGTCTG-1,d2_SRX9174978@@_CTGAAGTAGGAGTCTG-1,0.0,Endodermis,Endodermis
SRX9174978@@_CTGATAGAGCGATCCC-1,d2_SRX9174978@@_CTGATAGAGCGATCCC-1,0.0,Epidermis,Epidermis
SRX9174978@@_CTGATAGCATACTCTT-1,d2_SRX9174978@@_CTGATAGCATACTCTT-1,0.0,Epidermis,Epidermis
SRX9174978@@_CTGATAGGTGTTTGTG-1,d2_SRX9174978@@_CTGATAGGTGTTTGTG-1,0.0,Root cap,Root cap
SRX9174978@@_CTGATCCGTCACACGC-1,d2_SRX9174978@@_CTGATCCGTCACACGC-1,0.0,Endodermis,Endodermis
SRX9174978@@_CTGCCTACACAACGCC-1,d2_SRX9174978@@_CTGCCTACACAACGCC-1,0.0,Endodermis,Endodermis
SRX9174978@@_CTGCCTACACTGTTAG-1,d2_SRX9174978@@_CTGCCTACACTGTTAG-1,0.0,Root cap,Root cap
SRX9174978@@_CTGCCTATCCGCGTTT-1,d2_SRX9174978@@_CTGCCTATCCGCGTTT-1,0.0,Pericycle,Pericycle
SRX9174978@@_CTGCCTATCTACCAGA-1,d2_SRX9174978@@_CTGCCTATCTACCAGA-1,0.0,Epidermis,Epidermis
SRX9174978@@_CTGCGGAAGCGCCTCA-1,d2_SRX9174978@@_CTGCGGAAGCGCCTCA-1,0.0,Root cap,Root cap
SRX9174978@@_CTGCGGATCTAACTGG-1,d2_SRX9174978@@_CTGCGGATCTAACTGG-1,0.0,Epidermis,Epidermis
SRX9174978@@_CTGCTGTAGAGTCGGT-1,d2_SRX9174978@@_CTGCTGTAGAGTCGGT-1,0.0,Root cap,Root cap
SRX9174978@@_CTGCTGTAGTGACATA-1,d2_SRX9174978@@_CTGCTGTAGTGACATA-1,0.0,Epidermis,Epidermis
SRX9174978@@_CTGGTCTTCCACTGGG-1,d2_SRX9174978@@_CTGGTCTTCCACTGGG-1,0.0,Epidermis,Epidermis
SRX9174978@@_CTGTGCTCATGCAACT-1,d2_SRX9174978@@_CTGTGCTCATGCAACT-1,0.0,Pericycle,Pericycle
SRX9174978@@_CTGTGCTTCTAACTCT-1,d2_SRX9174978@@_CTGTGCTTCTAACTCT-1,0.0,Procambium,Procambium
SRX9174978@@_CTTAACTAGGCGTACA-1,d2_SRX9174978@@_CTTAACTAGGCGTACA-1,0.0,Procambium,Procambium
SRX9174978@@_CTTAACTCAGCCAGAA-1,d2_SRX9174978@@_CTTAACTCAGCCAGAA-1,0.0,Root cap,Root cap
SRX9174978@@_CTTAACTGTGTTTGTG-1,d2_SRX9174978@@_CTTAACTGTGTTTGTG-1,0.0,Endodermis,Endodermis
SRX9174978@@_CTTAACTTCCGAAGAG-1,d2_SRX9174978@@_CTTAACTTCCGAAGAG-1,0.0,Pericycle,Pericycle
SRX9174978@@_CTTAACTTCGGAATCT-1,d2_SRX9174978@@_CTTAACTTCGGAATCT-1,0.0,Epidermis,Epidermis
SRX9174978@@_CTTAGGAAGTGGTAGC-1,d2_SRX9174978@@_CTTAGGAAGTGGTAGC-1,0.0,Epidermis,Epidermis
SRX9174978@@_CTTAGGACATGAGCGA-1,d2_SRX9174978@@_CTTAGGACATGAGCGA-1,0.0,Cortex,Cortex
SRX9174978@@_CTTCTCTAGTTCCACA-1,d2_SRX9174978@@_CTTCTCTAGTTCCACA-1,0.0,Endodermis,Endodermis
SRX9174978@@_CTTTGCGAGACTAAGT-1,d2_SRX9174978@@_CTTTGCGAGACTAAGT-1,0.0,Endodermis,Endodermis
SRX9174978@@_CTTTGCGCAGGACGTA-1,d2_SRX9174978@@_CTTTGCGCAGGACGTA-1,0.0,Pericycle,Pericycle
SRX9174978@@_CTTTGCGGTCAATACC-1,d2_SRX9174978@@_CTTTGCGGTCAATACC-1,0.0,Epidermis,Epidermis
SRX9174978@@_GAAACTCCAAGCGATG-1,d2_SRX9174978@@_GAAACTCCAAGCGATG-1,0.0,Cortex,Cortex
SRX9174978@@_GAAACTCCACAGACTT-1,d2_SRX9174978@@_GAAACTCCACAGACTT-1,0.0,Epidermis,Epidermis
SRX9174978@@_GAAATGAAGGGATCTG-1,d2_SRX9174978@@_GAAATGAAGGGATCTG-1,0.0,Procambium,Procambium
SRX9174978@@_GAAATGAGTTTACTCT-1,d2_SRX9174978@@_GAAATGAGTTTACTCT-1,0.0,Pericycle,Pericycle
SRX9174978@@_GAAATGATCACAATGC-1,d2_SRX9174978@@_GAAATGATCACAATGC-1,0.0,Procambium,Procambium
SRX9174978@@_GAAATGATCTTCAACT-1,d2_SRX9174978@@_GAAATGATCTTCAACT-1,0.0,Root cap,Root cap
SRX9174978@@_GAACATCAGTCATGCT-1,d2_SRX9174978@@_GAACATCAGTCATGCT-1,0.0,Epidermis,Epidermis
SRX9174978@@_GAACATCAGTGCCAGA-1,d2_SRX9174978@@_GAACATCAGTGCCAGA-1,0.0,Epidermis,Epidermis
SRX9174978@@_GAACATCGTCCGAATT-1,d2_SRX9174978@@_GAACATCGTCCGAATT-1,0.0,Epidermis,Epidermis
SRX9174978@@_GAACATCGTGAAGGCT-1,d2_SRX9174978@@_GAACATCGTGAAGGCT-1,0.0,Epidermis,Epidermis
SRX9174978@@_GAACATCTCTGGTATG-1,d2_SRX9174978@@_GAACATCTCTGGTATG-1,0.0,Procambium,Procambium
SRX9174978@@_GAACCTATCCGTACAA-1,d2_SRX9174978@@_GAACCTATCCGTACAA-1,0.0,Procambium,Procambium
SRX9174978@@_GAACGGAAGGATGGTC-1,d2_SRX9174978@@_GAACGGAAGGATGGTC-1,0.0,Endodermis,Endodermis
SRX9174978@@_GAACGGACAATGGTCT-1,d2_SRX9174978@@_GAACGGACAATGGTCT-1,0.0,Root cap,Root cap
SRX9174978@@_GAATAAGGTTCCGTCT-1,d2_SRX9174978@@_GAATAAGGTTCCGTCT-1,0.0,Procambium,Procambium
SRX9174978@@_GAATGAAAGTACGATA-1,d2_SRX9174978@@_GAATGAAAGTACGATA-1,0.0,Epidermis,Epidermis
SRX9174978@@_GAATGAAGTTCGTCTC-1,d2_SRX9174978@@_GAATGAAGTTCGTCTC-1,0.0,Epidermis,Epidermis
SRX9174978@@_GAATGAAGTTTGCATG-1,d2_SRX9174978@@_GAATGAAGTTTGCATG-1,0.0,Epidermis,Epidermis
SRX9174978@@_GACACGCAGCCACTAT-1,d2_SRX9174978@@_GACACGCAGCCACTAT-1,0.0,Endodermis,Endodermis
SRX9174978@@_GACACGCGTCAATGTC-1,d2_SRX9174978@@_GACACGCGTCAATGTC-1,0.0,Endodermis,Endodermis
SRX9174978@@_GACCAATAGCGTAGTG-1,d2_SRX9174978@@_GACCAATAGCGTAGTG-1,0.0,Epidermis,Epidermis
SRX9174978@@_GACCAATAGTAGTGCG-1,d2_SRX9174978@@_GACCAATAGTAGTGCG-1,0.0,Procambium,Procambium
SRX9174978@@_GACCAATCAGTCCTTC-1,d2_SRX9174978@@_GACCAATCAGTCCTTC-1,0.0,Root cap,Root cap
SRX9174978@@_GACCTGGTCTAGAGTC-1,d2_SRX9174978@@_GACCTGGTCTAGAGTC-1,0.0,Pericycle,Pericycle
SRX9174978@@_GACGCGTAGTAATCCC-1,d2_SRX9174978@@_GACGCGTAGTAATCCC-1,0.0,Cortex,Cortex
SRX9174978@@_GACGGCTAGGACTGGT-1,d2_SRX9174978@@_GACGGCTAGGACTGGT-1,0.0,Epidermis,Epidermis
SRX9174978@@_GACGGCTCAATAGAGT-1,d2_SRX9174978@@_GACGGCTCAATAGAGT-1,0.0,Pericycle,Pericycle
SRX9174978@@_GACGGCTGTTCTGGTA-1,d2_SRX9174978@@_GACGGCTGTTCTGGTA-1,0.0,Endodermis,Endodermis
SRX9174978@@_GACGGCTTCATGCTCC-1,d2_SRX9174978@@_GACGGCTTCATGCTCC-1,0.0,Pericycle,Pericycle
SRX9174978@@_GACGGCTTCCTAGTGA-1,d2_SRX9174978@@_GACGGCTTCCTAGTGA-1,0.0,Procambium,Procambium
SRX9174978@@_GACGTGCAGCCTCGTG-1,d2_SRX9174978@@_GACGTGCAGCCTCGTG-1,0.0,Root hair,Root hair
SRX9174978@@_GACGTGCTCCATGAGT-1,d2_SRX9174978@@_GACGTGCTCCATGAGT-1,0.0,Procambium,Procambium
SRX9174978@@_GACGTGCTCTTGTACT-1,d2_SRX9174978@@_GACGTGCTCTTGTACT-1,0.0,Root cap,Root cap
SRX9174978@@_GACGTTAAGCGTTCCG-1,d2_SRX9174978@@_GACGTTAAGCGTTCCG-1,0.0,Procambium,Procambium
SRX9174978@@_GACGTTAAGTTAGCGG-1,d2_SRX9174978@@_GACGTTAAGTTAGCGG-1,0.0,Procambium,Procambium
SRX9174978@@_GACGTTACAGCCTTGG-1,d2_SRX9174978@@_GACGTTACAGCCTTGG-1,0.0,Endodermis,Endodermis
SRX9174978@@_GACGTTAGTCTGCGGT-1,d2_SRX9174978@@_GACGTTAGTCTGCGGT-1,0.0,Procambium,Procambium
SRX9174978@@_GACTAACAGCTAGTCT-1,d2_SRX9174978@@_GACTAACAGCTAGTCT-1,0.0,Epidermis,Epidermis
SRX9174978@@_GACTACACAAAGGAAG-1,d2_SRX9174978@@_GACTACACAAAGGAAG-1,0.0,Root cap,Root cap
SRX9174978@@_GACTACACAAGCTGAG-1,d2_SRX9174978@@_GACTACACAAGCTGAG-1,0.0,Epidermis,Epidermis
SRX9174978@@_GACTGCGAGATAGCAT-1,d2_SRX9174978@@_GACTGCGAGATAGCAT-1,0.0,Pericycle,Pericycle
SRX9174978@@_GACTGCGGTGTGCGTC-1,d2_SRX9174978@@_GACTGCGGTGTGCGTC-1,0.0,Endodermis,Endodermis
SRX9174978@@_GACTGCGTCTACTCAT-1,d2_SRX9174978@@_GACTGCGTCTACTCAT-1,0.0,Root cap,Root cap
SRX9174978@@_GAGCAGATCCTCAATT-1,d2_SRX9174978@@_GAGCAGATCCTCAATT-1,0.0,Epidermis,Epidermis
SRX9174978@@_GAGGTGATCCTAGGGC-1,d2_SRX9174978@@_GAGGTGATCCTAGGGC-1,0.0,Root cap,Root cap
SRX9174978@@_GAGTCCGCATCCCATC-1,d2_SRX9174978@@_GAGTCCGCATCCCATC-1,0.0,Endodermis,Endodermis
SRX9174978@@_GAGTCCGTCCCTCTTT-1,d2_SRX9174978@@_GAGTCCGTCCCTCTTT-1,0.0,Root hair,Root hair
SRX9174978@@_GATCAGTGTAAGGATT-1,d2_SRX9174978@@_GATCAGTGTAAGGATT-1,0.0,Endodermis,Endodermis
SRX9174978@@_GATCGCGAGAGCTTCT-1,d2_SRX9174978@@_GATCGCGAGAGCTTCT-1,0.0,Root hair,Root hair
SRX9174978@@_GATCGCGGTCATGCAT-1,d2_SRX9174978@@_GATCGCGGTCATGCAT-1,0.0,Epidermis,Epidermis
SRX9174978@@_GATCGTAAGCCTATGT-1,d2_SRX9174978@@_GATCGTAAGCCTATGT-1,0.0,Endodermis,Endodermis
SRX9174978@@_GATCGTATCGGATGGA-1,d2_SRX9174978@@_GATCGTATCGGATGGA-1,0.0,Root cap,Root cap
SRX9174978@@_GATCTAGTCTATCCCG-1,d2_SRX9174978@@_GATCTAGTCTATCCCG-1,0.0,Root cap,Root cap
SRX9174978@@_GATGAAACATCACGAT-1,d2_SRX9174978@@_GATGAAACATCACGAT-1,0.0,Cortex,Cortex
SRX9174978@@_GATGAAACATGTTCCC-1,d2_SRX9174978@@_GATGAAACATGTTCCC-1,0.0,Procambium,Procambium
SRX9174978@@_GATGCTAAGAAGAAGC-1,d2_SRX9174978@@_GATGCTAAGAAGAAGC-1,0.0,Pericycle,Pericycle
SRX9174978@@_GATGCTAAGAAGGTGA-1,d2_SRX9174978@@_GATGCTAAGAAGGTGA-1,0.0,Root cap,Root cap
SRX9174978@@_GATGCTACAAACCCAT-1,d2_SRX9174978@@_GATGCTACAAACCCAT-1,0.0,Epidermis,Epidermis
SRX9174978@@_GATGCTAGTGATGTCT-1,d2_SRX9174978@@_GATGCTAGTGATGTCT-1,0.0,Root cap,Root cap
SRX9174978@@_GATGCTATCGGAATCT-1,d2_SRX9174978@@_GATGCTATCGGAATCT-1,0.0,Cortex,Cortex
SRX9174978@@_GATTCAGTCGCGCCAA-1,d2_SRX9174978@@_GATTCAGTCGCGCCAA-1,0.0,Root cap,Root cap
SRX9174978@@_GCAAACTAGTGCAAGC-1,d2_SRX9174978@@_GCAAACTAGTGCAAGC-1,0.0,Epidermis,Epidermis
SRX9174978@@_GCACATAGTGTTGAGG-1,d2_SRX9174978@@_GCACATAGTGTTGAGG-1,0.0,Endodermis,Endodermis
SRX9174978@@_GCACTCTAGAAACGAG-1,d2_SRX9174978@@_GCACTCTAGAAACGAG-1,0.0,Root cap,Root cap
SRX9174978@@_GCACTCTAGTTTAGGA-1,d2_SRX9174978@@_GCACTCTAGTTTAGGA-1,0.0,Root cap,Root cap
SRX9174978@@_GCACTCTTCCTTCAAT-1,d2_SRX9174978@@_GCACTCTTCCTTCAAT-1,0.0,Epidermis,Epidermis
SRX9174978@@_GCAGCCACACGAGGTA-1,d2_SRX9174978@@_GCAGCCACACGAGGTA-1,0.0,Epidermis,Epidermis
SRX9174978@@_GCAGCCAGTTCCGTCT-1,d2_SRX9174978@@_GCAGCCAGTTCCGTCT-1,0.0,Endodermis,Endodermis
SRX9174978@@_GCAGTTAAGACTACAA-1,d2_SRX9174978@@_GCAGTTAAGACTACAA-1,0.0,Endodermis,Endodermis
SRX9174978@@_GCAGTTAGTCACACGC-1,d2_SRX9174978@@_GCAGTTAGTCACACGC-1,0.0,Root cap,Root cap
SRX9174978@@_GCAGTTATCAACGGCC-1,d2_SRX9174978@@_GCAGTTATCAACGGCC-1,0.0,Root hair,Root hair
SRX9174978@@_GCAGTTATCACCGGGT-1,d2_SRX9174978@@_GCAGTTATCACCGGGT-1,0.0,Procambium,Procambium
SRX9174978@@_GCAGTTATCCCTCTTT-1,d2_SRX9174978@@_GCAGTTATCCCTCTTT-1,0.0,Epidermis,Epidermis
SRX9174978@@_GCATACAGTCAGAAGC-1,d2_SRX9174978@@_GCATACAGTCAGAAGC-1,0.0,Epidermis,Epidermis
SRX9174978@@_GCATACATCCCAGGTG-1,d2_SRX9174978@@_GCATACATCCCAGGTG-1,0.0,Pericycle,Pericycle
SRX9174978@@_GCATGATTCCCAAGAT-1,d2_SRX9174978@@_GCATGATTCCCAAGAT-1,0.0,Epidermis,Epidermis
SRX9174978@@_GCATGATTCTTGTATC-1,d2_SRX9174978@@_GCATGATTCTTGTATC-1,0.0,Endodermis,Endodermis
SRX9174978@@_GCATGCGAGTTGAGAT-1,d2_SRX9174978@@_GCATGCGAGTTGAGAT-1,0.0,Procambium,Procambium
SRX9174978@@_GCATGCGTCGAATGGG-1,d2_SRX9174978@@_GCATGCGTCGAATGGG-1,0.0,Endodermis,Endodermis
SRX9174978@@_GCATGTAGTTAAGGGC-1,d2_SRX9174978@@_GCATGTAGTTAAGGGC-1,0.0,Procambium,Procambium
SRX9174978@@_GCATGTATCTCCCTGA-1,d2_SRX9174978@@_GCATGTATCTCCCTGA-1,0.0,Pericycle,Pericycle
SRX9174978@@_GCCAAATCAATACGCT-1,d2_SRX9174978@@_GCCAAATCAATACGCT-1,0.0,Epidermis,Epidermis
SRX9174978@@_GCCAAATCATCGATGT-1,d2_SRX9174978@@_GCCAAATCATCGATGT-1,0.0,Procambium,Procambium
SRX9174978@@_GCCAAATTCGGGAGTA-1,d2_SRX9174978@@_GCCAAATTCGGGAGTA-1,0.0,Endodermis,Endodermis
SRX9174978@@_GCCTCTATCCTAGTGA-1,d2_SRX9174978@@_GCCTCTATCCTAGTGA-1,0.0,Root cap,Root cap
SRX9174978@@_GCGACCAGTTAAGATG-1,d2_SRX9174978@@_GCGACCAGTTAAGATG-1,0.0,Endodermis,Endodermis
SRX9174978@@_GCGAGAAAGCGGATCA-1,d2_SRX9174978@@_GCGAGAAAGCGGATCA-1,0.0,Root cap,Root cap
SRX9174978@@_GCGAGAACATGTCGAT-1,d2_SRX9174978@@_GCGAGAACATGTCGAT-1,0.0,Pericycle,Pericycle
SRX9174978@@_GCGCAACGTGATAAAC-1,d2_SRX9174978@@_GCGCAACGTGATAAAC-1,0.0,Root hair,Root hair
SRX9174978@@_GCGCAACGTGGCTCCA-1,d2_SRX9174978@@_GCGCAACGTGGCTCCA-1,0.0,Epidermis,Epidermis
SRX9174978@@_GCGCAGTTCGTAGATC-1,d2_SRX9174978@@_GCGCAGTTCGTAGATC-1,0.0,Root cap,Root cap
SRX9174978@@_GCGCGATCACCGTTGG-1,d2_SRX9174978@@_GCGCGATCACCGTTGG-1,0.0,Epidermis,Epidermis
SRX9174978@@_GCGCGATCATTTGCTT-1,d2_SRX9174978@@_GCGCGATCATTTGCTT-1,0.0,Procambium,Procambium
SRX9174978@@_GCGCGATGTAGGCTGA-1,d2_SRX9174978@@_GCGCGATGTAGGCTGA-1,0.0,Procambium,Procambium
SRX9174978@@_GCTCCTAAGCGTGAAC-1,d2_SRX9174978@@_GCTCCTAAGCGTGAAC-1,0.0,Endodermis,Endodermis
SRX9174978@@_GCTCCTATCATGTAGC-1,d2_SRX9174978@@_GCTCCTATCATGTAGC-1,0.0,Root cap,Root cap
SRX9174978@@_GCTCTGTAGTAGCGGT-1,d2_SRX9174978@@_GCTCTGTAGTAGCGGT-1,0.0,Procambium,Procambium
SRX9174978@@_GCTCTGTTCTGGGCCA-1,d2_SRX9174978@@_GCTCTGTTCTGGGCCA-1,0.0,Procambium,Procambium
SRX9174978@@_GCTGCAGAGCGTAATA-1,d2_SRX9174978@@_GCTGCAGAGCGTAATA-1,0.0,Pericycle,Pericycle
SRX9174978@@_GCTGCAGTCGCCAAAT-1,d2_SRX9174978@@_GCTGCAGTCGCCAAAT-1,0.0,Endodermis,Endodermis
SRX9174978@@_GCTGCGAAGGAGTTGC-1,d2_SRX9174978@@_GCTGCGAAGGAGTTGC-1,0.0,Epidermis,Epidermis
SRX9174978@@_GCTGCGAGTGGGTCAA-1,d2_SRX9174978@@_GCTGCGAGTGGGTCAA-1,0.0,Pericycle,Pericycle
SRX9174978@@_GCTGCTTCACATTCGA-1,d2_SRX9174978@@_GCTGCTTCACATTCGA-1,0.0,Epidermis,Epidermis
SRX9174978@@_GCTGCTTTCAGTCCCT-1,d2_SRX9174978@@_GCTGCTTTCAGTCCCT-1,0.0,Procambium,Procambium
SRX9174978@@_GCTTCCAAGCCGTCGT-1,d2_SRX9174978@@_GCTTCCAAGCCGTCGT-1,0.0,Epidermis,Epidermis
SRX9174978@@_GCTTCCACACCCTATC-1,d2_SRX9174978@@_GCTTCCACACCCTATC-1,0.0,Endodermis,Endodermis
SRX9174978@@_GCTTCCAGTAGGCTGA-1,d2_SRX9174978@@_GCTTCCAGTAGGCTGA-1,0.0,Endodermis,Endodermis
SRX9174978@@_GCTTCCAGTTAAAGAC-1,d2_SRX9174978@@_GCTTCCAGTTAAAGAC-1,0.0,Pericycle,Pericycle
SRX9174978@@_GCTTCCATCTACCTGC-1,d2_SRX9174978@@_GCTTCCATCTACCTGC-1,0.0,Epidermis,Epidermis
SRX9174978@@_GCTTCCATCTGCGACG-1,d2_SRX9174978@@_GCTTCCATCTGCGACG-1,0.0,Pericycle,Pericycle
SRX9174978@@_GCTTGAAAGCGCTTAT-1,d2_SRX9174978@@_GCTTGAAAGCGCTTAT-1,0.0,Endodermis,Endodermis
SRX9174978@@_GCTTGAAGTCTAGAGG-1,d2_SRX9174978@@_GCTTGAAGTCTAGAGG-1,0.0,Pericycle,Pericycle
SRX9174978@@_GGAAAGCCACACAGAG-1,d2_SRX9174978@@_GGAAAGCCACACAGAG-1,0.0,Root cap,Root cap
SRX9174978@@_GGAAAGCCATTAGGCT-1,d2_SRX9174978@@_GGAAAGCCATTAGGCT-1,0.0,Epidermis,Epidermis
SRX9174978@@_GGAAAGCGTAAACCTC-1,d2_SRX9174978@@_GGAAAGCGTAAACCTC-1,0.0,Epidermis,Epidermis
SRX9174978@@_GGAAAGCGTATGAAAC-1,d2_SRX9174978@@_GGAAAGCGTATGAAAC-1,0.0,Procambium,Procambium
SRX9174978@@_GGAATAAAGAGGTACC-1,d2_SRX9174978@@_GGAATAAAGAGGTACC-1,0.0,Root cap,Root cap
SRX9174978@@_GGAATAAAGCTGTTCA-1,d2_SRX9174978@@_GGAATAAAGCTGTTCA-1,0.0,Procambium,Procambium
SRX9174978@@_GGAATAAGTAGAGGAA-1,d2_SRX9174978@@_GGAATAAGTAGAGGAA-1,0.0,Procambium,Procambium
SRX9174978@@_GGACAAGCATGCTAGT-1,d2_SRX9174978@@_GGACAAGCATGCTAGT-1,0.0,Epidermis,Epidermis
SRX9174978@@_GGACAGAAGCGCTTAT-1,d2_SRX9174978@@_GGACAGAAGCGCTTAT-1,0.0,Procambium,Procambium
SRX9174978@@_GGACAGAGTGCCTGTG-1,d2_SRX9174978@@_GGACAGAGTGCCTGTG-1,0.0,Endodermis,Endodermis
SRX9174978@@_GGACATTCATCCCATC-1,d2_SRX9174978@@_GGACATTCATCCCATC-1,0.0,Root cap,Root cap
SRX9174978@@_GGACATTGTTATCACG-1,d2_SRX9174978@@_GGACATTGTTATCACG-1,0.0,Epidermis,Epidermis
SRX9174978@@_GGACGTCAGTTGAGTA-1,d2_SRX9174978@@_GGACGTCAGTTGAGTA-1,0.0,Epidermis,Epidermis
SRX9174978@@_GGACGTCCACAGCCCA-1,d2_SRX9174978@@_GGACGTCCACAGCCCA-1,0.0,Procambium,Procambium
SRX9174978@@_GGAGCAAGTCATACTG-1,d2_SRX9174978@@_GGAGCAAGTCATACTG-1,0.0,Endodermis,Endodermis
SRX9174978@@_GGAGCAAGTCGAACAG-1,d2_SRX9174978@@_GGAGCAAGTCGAACAG-1,0.0,Cortex,Cortex
SRX9174978@@_GGATTACGTCTGATCA-1,d2_SRX9174978@@_GGATTACGTCTGATCA-1,0.0,Epidermis,Epidermis
SRX9174978@@_GGATTACGTTACGTCA-1,d2_SRX9174978@@_GGATTACGTTACGTCA-1,0.0,Epidermis,Epidermis
SRX9174978@@_GGATTACTCCTGCCAT-1,d2_SRX9174978@@_GGATTACTCCTGCCAT-1,0.0,Root cap,Root cap
SRX9174978@@_GGCAATTGTATATCCG-1,d2_SRX9174978@@_GGCAATTGTATATCCG-1,0.0,Endodermis,Endodermis
SRX9174978@@_GGCCGATGTAGTACCT-1,d2_SRX9174978@@_GGCCGATGTAGTACCT-1,0.0,Endodermis,Endodermis
SRX9174978@@_GGCGACTCAAGACACG-1,d2_SRX9174978@@_GGCGACTCAAGACACG-1,0.0,Epidermis,Epidermis
SRX9174978@@_GGCGACTTCCGTCATC-1,d2_SRX9174978@@_GGCGACTTCCGTCATC-1,0.0,Epidermis,Epidermis
SRX9174978@@_GGCGACTTCGCTTAGA-1,d2_SRX9174978@@_GGCGACTTCGCTTAGA-1,0.0,Endodermis,Endodermis
SRX9174978@@_GGCGTGTGTCTGCGGT-1,d2_SRX9174978@@_GGCGTGTGTCTGCGGT-1,0.0,Endodermis,Endodermis
SRX9174978@@_GGCGTGTTCTCGTTTA-1,d2_SRX9174978@@_GGCGTGTTCTCGTTTA-1,0.0,Cortex,Cortex
SRX9174978@@_GGCTCGACAGCCTTTC-1,d2_SRX9174978@@_GGCTCGACAGCCTTTC-1,0.0,Endodermis,Endodermis
SRX9174978@@_GGCTCGATCGTTTGCC-1,d2_SRX9174978@@_GGCTCGATCGTTTGCC-1,0.0,Root hair,Root hair
SRX9174978@@_GGCTGGTAGATCGATA-1,d2_SRX9174978@@_GGCTGGTAGATCGATA-1,0.0,Root cap,Root cap
SRX9174978@@_GGCTGGTCAAGCGCTC-1,d2_SRX9174978@@_GGCTGGTCAAGCGCTC-1,0.0,Epidermis,Epidermis
SRX9174978@@_GGCTGGTGTGGCAAAC-1,d2_SRX9174978@@_GGCTGGTGTGGCAAAC-1,0.0,Endodermis,Endodermis
SRX9174978@@_GGCTGGTTCCTTGGTC-1,d2_SRX9174978@@_GGCTGGTTCCTTGGTC-1,0.0,Procambium,Procambium
SRX9174978@@_GGCTGGTTCGGCTTGG-1,d2_SRX9174978@@_GGCTGGTTCGGCTTGG-1,0.0,Root cap,Root cap
SRX9174978@@_GGGACCTAGACTTGAA-1,d2_SRX9174978@@_GGGACCTAGACTTGAA-1,0.0,Endodermis,Endodermis
SRX9174978@@_GGGATGACAACGCACC-1,d2_SRX9174978@@_GGGATGACAACGCACC-1,0.0,Root hair,Root hair
SRX9174978@@_GGGATGATCAGAGCTT-1,d2_SRX9174978@@_GGGATGATCAGAGCTT-1,0.0,Procambium,Procambium
SRX9174978@@_GGGCACTAGGCGATAC-1,d2_SRX9174978@@_GGGCACTAGGCGATAC-1,0.0,Procambium,Procambium
SRX9174978@@_GGGCACTGTTCAGCGC-1,d2_SRX9174978@@_GGGCACTGTTCAGCGC-1,0.0,Epidermis,Epidermis
SRX9174978@@_GGGCACTTCATCTGCC-1,d2_SRX9174978@@_GGGCACTTCATCTGCC-1,0.0,Epidermis,Epidermis
SRX9174978@@_GGGCATCGTAAACACA-1,d2_SRX9174978@@_GGGCATCGTAAACACA-1,0.0,Endodermis,Endodermis
SRX9174978@@_GGGTCTGGTGCAACGA-1,d2_SRX9174978@@_GGGTCTGGTGCAACGA-1,0.0,Endodermis,Endodermis
SRX9174978@@_GGGTCTGTCTTTCCTC-1,d2_SRX9174978@@_GGGTCTGTCTTTCCTC-1,0.0,Pericycle,Pericycle
SRX9174978@@_GGGTTGCCAAGAAAGG-1,d2_SRX9174978@@_GGGTTGCCAAGAAAGG-1,0.0,Root cap,Root cap
SRX9174978@@_GGTATTGGTTAAAGTG-1,d2_SRX9174978@@_GGTATTGGTTAAAGTG-1,0.0,Endodermis,Endodermis
SRX9174978@@_GGTATTGTCAAACGGG-1,d2_SRX9174978@@_GGTATTGTCAAACGGG-1,0.0,Epidermis,Epidermis
SRX9174978@@_GGTGCGTCAAGGACAC-1,d2_SRX9174978@@_GGTGCGTCAAGGACAC-1,0.0,Epidermis,Epidermis
SRX9174978@@_GGTGTTAGTGGAAAGA-1,d2_SRX9174978@@_GGTGTTAGTGGAAAGA-1,0.0,Pericycle,Pericycle
SRX9174978@@_GTAACGTGTGAGGCTA-1,d2_SRX9174978@@_GTAACGTGTGAGGCTA-1,0.0,Root cap,Root cap
SRX9174978@@_GTAACGTTCTACTCAT-1,d2_SRX9174978@@_GTAACGTTCTACTCAT-1,0.0,Endodermis,Endodermis
SRX9174978@@_GTAACTGAGAGCCTAG-1,d2_SRX9174978@@_GTAACTGAGAGCCTAG-1,0.0,Epidermis,Epidermis
SRX9174978@@_GTAACTGAGCCGATTT-1,d2_SRX9174978@@_GTAACTGAGCCGATTT-1,0.0,Epidermis,Epidermis
SRX9174978@@_GTAACTGTCACATGCA-1,d2_SRX9174978@@_GTAACTGTCACATGCA-1,0.0,Root cap,Root cap
SRX9174978@@_GTACTCCTCAGAAATG-1,d2_SRX9174978@@_GTACTCCTCAGAAATG-1,0.0,Root cap,Root cap
SRX9174978@@_GTACTTTAGGACCACA-1,d2_SRX9174978@@_GTACTTTAGGACCACA-1,0.0,Epidermis,Epidermis
SRX9174978@@_GTAGGCCCAATAGAGT-1,d2_SRX9174978@@_GTAGGCCCAATAGAGT-1,0.0,Endodermis,Endodermis
SRX9174978@@_GTAGGCCTCAGGTAAA-1,d2_SRX9174978@@_GTAGGCCTCAGGTAAA-1,0.0,Endodermis,Endodermis
SRX9174978@@_GTAGTCAAGACTAGAT-1,d2_SRX9174978@@_GTAGTCAAGACTAGAT-1,0.0,Root cap,Root cap
SRX9174978@@_GTAGTCATCCGTTGTC-1,d2_SRX9174978@@_GTAGTCATCCGTTGTC-1,0.0,Epidermis,Epidermis
SRX9174978@@_GTATCTTCATTGGCGC-1,d2_SRX9174978@@_GTATCTTCATTGGCGC-1,0.0,Endodermis,Endodermis
SRX9174978@@_GTATTCTCAACTGCTA-1,d2_SRX9174978@@_GTATTCTCAACTGCTA-1,0.0,Endodermis,Endodermis
SRX9174978@@_GTATTCTGTATGGTTC-1,d2_SRX9174978@@_GTATTCTGTATGGTTC-1,0.0,Epidermis,Epidermis
SRX9174978@@_GTCAAGTAGATCCCAT-1,d2_SRX9174978@@_GTCAAGTAGATCCCAT-1,0.0,Endodermis,Endodermis
SRX9174978@@_GTCAAGTCACGTCTCT-1,d2_SRX9174978@@_GTCAAGTCACGTCTCT-1,0.0,Epidermis,Epidermis
SRX9174978@@_GTCACAAGTAGCAAAT-1,d2_SRX9174978@@_GTCACAAGTAGCAAAT-1,0.0,Pericycle,Pericycle
SRX9174978@@_GTCACGGAGAATGTGT-1,d2_SRX9174978@@_GTCACGGAGAATGTGT-1,0.0,Epidermis,Epidermis
SRX9174978@@_GTCACGGGTTGGTTTG-1,d2_SRX9174978@@_GTCACGGGTTGGTTTG-1,0.0,Root cap,Root cap
SRX9174978@@_GTCACGGTCCCTGACT-1,d2_SRX9174978@@_GTCACGGTCCCTGACT-1,0.0,Procambium,Procambium
SRX9174978@@_GTCATTTTCACAGGCC-1,d2_SRX9174978@@_GTCATTTTCACAGGCC-1,0.0,Pericycle,Pericycle
SRX9174978@@_GTCGGGTAGCAAATCA-1,d2_SRX9174978@@_GTCGGGTAGCAAATCA-1,0.0,Root cap,Root cap
SRX9174978@@_GTCGGGTAGCTCTCGG-1,d2_SRX9174978@@_GTCGGGTAGCTCTCGG-1,0.0,Root cap,Root cap
SRX9174978@@_GTCGGGTTCATCATTC-1,d2_SRX9174978@@_GTCGGGTTCATCATTC-1,0.0,Procambium,Procambium
SRX9174978@@_GTCGTAAAGTTAACGA-1,d2_SRX9174978@@_GTCGTAAAGTTAACGA-1,0.0,Endodermis,Endodermis
SRX9174978@@_GTCGTAAGTTATCCGA-1,d2_SRX9174978@@_GTCGTAAGTTATCCGA-1,0.0,Root hair,Root hair
SRX9174978@@_GTCGTAAGTTGCGTTA-1,d2_SRX9174978@@_GTCGTAAGTTGCGTTA-1,0.0,Epidermis,Epidermis
SRX9174978@@_GTCGTAATCTGTCCGT-1,d2_SRX9174978@@_GTCGTAATCTGTCCGT-1,0.0,Endodermis,Endodermis
SRX9174978@@_GTCTCGTCAGTATCTG-1,d2_SRX9174978@@_GTCTCGTCAGTATCTG-1,0.0,Epidermis,Epidermis
SRX9174978@@_GTCTTCGAGAGGTACC-1,d2_SRX9174978@@_GTCTTCGAGAGGTACC-1,0.0,Epidermis,Epidermis
SRX9174978@@_GTGAAGGAGCTTTGGT-1,d2_SRX9174978@@_GTGAAGGAGCTTTGGT-1,0.0,Epidermis,Epidermis
SRX9174978@@_GTGAAGGAGTACGCGA-1,d2_SRX9174978@@_GTGAAGGAGTACGCGA-1,0.0,Epidermis,Epidermis
SRX9174978@@_GTGAAGGAGTGGAGTC-1,d2_SRX9174978@@_GTGAAGGAGTGGAGTC-1,0.0,Epidermis,Epidermis
SRX9174978@@_GTGCAGCTCAGCGATT-1,d2_SRX9174978@@_GTGCAGCTCAGCGATT-1,0.0,Pericycle,Pericycle
SRX9174978@@_GTGCAGCTCCTACAGA-1,d2_SRX9174978@@_GTGCAGCTCCTACAGA-1,0.0,Pericycle,Pericycle
SRX9174978@@_GTGCAGCTCTGTGCAA-1,d2_SRX9174978@@_GTGCAGCTCTGTGCAA-1,0.0,Root cap,Root cap
SRX9174978@@_GTGCATAAGAGACTTA-1,d2_SRX9174978@@_GTGCATAAGAGACTTA-1,0.0,Endodermis,Endodermis
SRX9174978@@_GTGCATACAAAGCAAT-1,d2_SRX9174978@@_GTGCATACAAAGCAAT-1,0.0,Epidermis,Epidermis
SRX9174978@@_GTGCATACACATGGGA-1,d2_SRX9174978@@_GTGCATACACATGGGA-1,0.0,Procambium,Procambium
SRX9174978@@_GTGCGGTAGTATTGGA-1,d2_SRX9174978@@_GTGCGGTAGTATTGGA-1,0.0,Endodermis,Endodermis
SRX9174978@@_GTGCGGTGTTTGCATG-1,d2_SRX9174978@@_GTGCGGTGTTTGCATG-1,0.0,Epidermis,Epidermis
SRX9174978@@_GTGCGGTTCGCCATAA-1,d2_SRX9174978@@_GTGCGGTTCGCCATAA-1,0.0,Root hair,Root hair
SRX9174978@@_GTGCTTCAGGATGGAA-1,d2_SRX9174978@@_GTGCTTCAGGATGGAA-1,0.0,Pericycle,Pericycle
SRX9174978@@_GTGCTTCAGGCTAGAC-1,d2_SRX9174978@@_GTGCTTCAGGCTAGAC-1,0.0,Pericycle,Pericycle
SRX9174978@@_GTGCTTCGTCCAGTGC-1,d2_SRX9174978@@_GTGCTTCGTCCAGTGC-1,0.0,Epidermis,Epidermis
SRX9174978@@_GTGCTTCTCATTTGGG-1,d2_SRX9174978@@_GTGCTTCTCATTTGGG-1,0.0,Endodermis,Endodermis
SRX9174978@@_GTGGGTCAGTGTTGAA-1,d2_SRX9174978@@_GTGGGTCAGTGTTGAA-1,0.0,Cortex,Cortex
SRX9174978@@_GTGTGCGAGTATTGGA-1,d2_SRX9174978@@_GTGTGCGAGTATTGGA-1,0.0,Pericycle,Pericycle
SRX9174978@@_GTGTGCGCAAGTAGTA-1,d2_SRX9174978@@_GTGTGCGCAAGTAGTA-1,0.0,Epidermis,Epidermis
SRX9174978@@_GTTCGGGAGGCTCATT-1,d2_SRX9174978@@_GTTCGGGAGGCTCATT-1,0.0,Epidermis,Epidermis
SRX9174978@@_TAAGAGAAGCCCTAAT-1,d2_SRX9174978@@_TAAGAGAAGCCCTAAT-1,0.0,Endodermis,Endodermis
SRX9174978@@_TAAGAGAGTACCGTAT-1,d2_SRX9174978@@_TAAGAGAGTACCGTAT-1,0.0,Epidermis,Epidermis
SRX9174978@@_TAAGAGAGTAGCGTGA-1,d2_SRX9174978@@_TAAGAGAGTAGCGTGA-1,0.0,Epidermis,Epidermis
SRX9174978@@_TAAGAGAGTTAAGTAG-1,d2_SRX9174978@@_TAAGAGAGTTAAGTAG-1,0.0,Endodermis,Endodermis
SRX9174978@@_TAAGAGATCTTACCTA-1,d2_SRX9174978@@_TAAGAGATCTTACCTA-1,0.0,Endodermis,Endodermis
SRX9174978@@_TAAGCGTAGTGGCACA-1,d2_SRX9174978@@_TAAGCGTAGTGGCACA-1,0.0,Procambium,Procambium
SRX9174978@@_TAAGCGTCACCTCGGA-1,d2_SRX9174978@@_TAAGCGTCACCTCGGA-1,0.0,Root cap,Root cap
SRX9174978@@_TAAGCGTGTACATCCA-1,d2_SRX9174978@@_TAAGCGTGTACATCCA-1,0.0,Endodermis,Endodermis
SRX9174978@@_TAAGTGCGTCAGTGGA-1,d2_SRX9174978@@_TAAGTGCGTCAGTGGA-1,0.0,Procambium,Procambium
SRX9174978@@_TACACGACACACTGCG-1,d2_SRX9174978@@_TACACGACACACTGCG-1,0.0,Epidermis,Epidermis
SRX9174978@@_TACACGAGTTAAGATG-1,d2_SRX9174978@@_TACACGAGTTAAGATG-1,0.0,Endodermis,Endodermis
SRX9174978@@_TACCTATGTTGGTGGA-1,d2_SRX9174978@@_TACCTATGTTGGTGGA-1,0.0,Root hair,Root hair
SRX9174978@@_TACCTTAAGCCGTCGT-1,d2_SRX9174978@@_TACCTTAAGCCGTCGT-1,0.0,Pericycle,Pericycle
SRX9174978@@_TACGGGCAGTAGCGGT-1,d2_SRX9174978@@_TACGGGCAGTAGCGGT-1,0.0,Epidermis,Epidermis
SRX9174978@@_TACGGGCGTACAGCAG-1,d2_SRX9174978@@_TACGGGCGTACAGCAG-1,0.0,Root hair,Root hair
SRX9174978@@_TACGGGCGTACAGTGG-1,d2_SRX9174978@@_TACGGGCGTACAGTGG-1,0.0,Procambium,Procambium
SRX9174978@@_TACGGGCGTTCTGTTT-1,d2_SRX9174978@@_TACGGGCGTTCTGTTT-1,0.0,Epidermis,Epidermis
SRX9174978@@_TACGGGCTCGGCGCAT-1,d2_SRX9174978@@_TACGGGCTCGGCGCAT-1,0.0,Pericycle,Pericycle
SRX9174978@@_TACGGTAAGTTGCAGG-1,d2_SRX9174978@@_TACGGTAAGTTGCAGG-1,0.0,Procambium,Procambium
SRX9174978@@_TACGGTACAGCGTCCA-1,d2_SRX9174978@@_TACGGTACAGCGTCCA-1,0.0,Endodermis,Endodermis
SRX9174978@@_TACGGTATCATGTCTT-1,d2_SRX9174978@@_TACGGTATCATGTCTT-1,0.0,Pericycle,Pericycle
SRX9174978@@_TACTCATAGAGCCCAA-1,d2_SRX9174978@@_TACTCATAGAGCCCAA-1,0.0,Epidermis,Epidermis
SRX9174978@@_TACTTACAGAGTGACC-1,d2_SRX9174978@@_TACTTACAGAGTGACC-1,0.0,Root cap,Root cap
SRX9174978@@_TACTTACCAATACGCT-1,d2_SRX9174978@@_TACTTACCAATACGCT-1,0.0,Epidermis,Epidermis
SRX9174978@@_TACTTACTCCCTCTTT-1,d2_SRX9174978@@_TACTTACTCCCTCTTT-1,0.0,Root cap,Root cap
SRX9174978@@_TACTTGTTCGAGCCCA-1,d2_SRX9174978@@_TACTTGTTCGAGCCCA-1,0.0,Root cap,Root cap
SRX9174978@@_TAGACCATCAACACTG-1,d2_SRX9174978@@_TAGACCATCAACACTG-1,0.0,Root cap,Root cap
SRX9174978@@_TAGACCATCAGGTTCA-1,d2_SRX9174978@@_TAGACCATCAGGTTCA-1,0.0,Endodermis,Endodermis
SRX9174978@@_TAGACCATCGTTGACA-1,d2_SRX9174978@@_TAGACCATCGTTGACA-1,0.0,Endodermis,Endodermis
SRX9174978@@_TAGAGCTAGCACCGCT-1,d2_SRX9174978@@_TAGAGCTAGCACCGCT-1,0.0,Procambium,Procambium
SRX9174978@@_TAGAGCTAGTAGGTGC-1,d2_SRX9174978@@_TAGAGCTAGTAGGTGC-1,0.0,Epidermis,Epidermis
SRX9174978@@_TAGAGCTCAAGCCTAT-1,d2_SRX9174978@@_TAGAGCTCAAGCCTAT-1,0.0,Procambium,Procambium
SRX9174978@@_TAGAGCTTCAAGAAGT-1,d2_SRX9174978@@_TAGAGCTTCAAGAAGT-1,0.0,Procambium,Procambium
SRX9174978@@_TAGAGCTTCACATACG-1,d2_SRX9174978@@_TAGAGCTTCACATACG-1,0.0,Endodermis,Endodermis
SRX9174978@@_TAGCCGGAGGAGCGAG-1,d2_SRX9174978@@_TAGCCGGAGGAGCGAG-1,0.0,Pericycle,Pericycle
SRX9174978@@_TAGCCGGCACGGACAA-1,d2_SRX9174978@@_TAGCCGGCACGGACAA-1,0.0,Pericycle,Pericycle
SRX9174978@@_TAGCCGGCATATACCG-1,d2_SRX9174978@@_TAGCCGGCATATACCG-1,0.0,Root cap,Root cap
SRX9174978@@_TAGGCATAGACTTTCG-1,d2_SRX9174978@@_TAGGCATAGACTTTCG-1,0.0,Epidermis,Epidermis
SRX9174978@@_TAGGCATGTACCAGTT-1,d2_SRX9174978@@_TAGGCATGTACCAGTT-1,0.0,Endodermis,Endodermis
SRX9174978@@_TAGGCATTCGTAGGTT-1,d2_SRX9174978@@_TAGGCATTCGTAGGTT-1,0.0,Epidermis,Epidermis
SRX9174978@@_TAGTGGTAGGTGCAAC-1,d2_SRX9174978@@_TAGTGGTAGGTGCAAC-1,0.0,Procambium,Procambium
SRX9174978@@_TAGTGGTCACCTCGTT-1,d2_SRX9174978@@_TAGTGGTCACCTCGTT-1,0.0,Epidermis,Epidermis
SRX9174978@@_TAGTGGTCATCAGTAC-1,d2_SRX9174978@@_TAGTGGTCATCAGTAC-1,0.0,Epidermis,Epidermis
SRX9174978@@_TAGTGGTTCAACGCTA-1,d2_SRX9174978@@_TAGTGGTTCAACGCTA-1,0.0,Root cap,Root cap
SRX9174978@@_TAGTTGGAGAGTCGGT-1,d2_SRX9174978@@_TAGTTGGAGAGTCGGT-1,0.0,Epidermis,Epidermis
SRX9174978@@_TATCAGGAGAGGGATA-1,d2_SRX9174978@@_TATCAGGAGAGGGATA-1,0.0,Cortex,Cortex
SRX9174978@@_TATCAGGAGTTGTAGA-1,d2_SRX9174978@@_TATCAGGAGTTGTAGA-1,0.0,Root cap,Root cap
SRX9174978@@_TATCTCAAGGCCATAG-1,d2_SRX9174978@@_TATCTCAAGGCCATAG-1,0.0,Procambium,Procambium
SRX9174978@@_TATCTCACATATACCG-1,d2_SRX9174978@@_TATCTCACATATACCG-1,0.0,Epidermis,Epidermis
SRX9174978@@_TATCTCATCTACTCAT-1,d2_SRX9174978@@_TATCTCATCTACTCAT-1,0.0,Cortex,Cortex
SRX9174978@@_TATGCCCAGCTAGTCT-1,d2_SRX9174978@@_TATGCCCAGCTAGTCT-1,0.0,Root cap,Root cap
SRX9174978@@_TATTACCTCGGAAATA-1,d2_SRX9174978@@_TATTACCTCGGAAATA-1,0.0,Epidermis,Epidermis
SRX9174978@@_TATTACCTCTCTGCTG-1,d2_SRX9174978@@_TATTACCTCTCTGCTG-1,0.0,Epidermis,Epidermis
SRX9174978@@_TCAACGAAGAAGGTGA-1,d2_SRX9174978@@_TCAACGAAGAAGGTGA-1,0.0,Endodermis,Endodermis
SRX9174978@@_TCAACGAAGGCACATG-1,d2_SRX9174978@@_TCAACGAAGGCACATG-1,0.0,Epidermis,Epidermis
SRX9174978@@_TCAACGACAGGATTGG-1,d2_SRX9174978@@_TCAACGACAGGATTGG-1,0.0,Epidermis,Epidermis
SRX9174978@@_TCAACGAGTGTTTGTG-1,d2_SRX9174978@@_TCAACGAGTGTTTGTG-1,0.0,Endodermis,Endodermis
SRX9174978@@_TCAATCTAGCGAAGGG-1,d2_SRX9174978@@_TCAATCTAGCGAAGGG-1,0.0,Endodermis,Endodermis
SRX9174978@@_TCAATCTGTTCCAACA-1,d2_SRX9174978@@_TCAATCTGTTCCAACA-1,0.0,Root cap,Root cap
SRX9174978@@_TCAATCTTCTCCAGGG-1,d2_SRX9174978@@_TCAATCTTCTCCAGGG-1,0.0,Root cap,Root cap
SRX9174978@@_TCACAAGGTTACTGAC-1,d2_SRX9174978@@_TCACAAGGTTACTGAC-1,0.0,Procambium,Procambium
SRX9174978@@_TCACGAAAGAACAATC-1,d2_SRX9174978@@_TCACGAAAGAACAATC-1,0.0,Pericycle,Pericycle
SRX9174978@@_TCACGAAAGCCACCTG-1,d2_SRX9174978@@_TCACGAAAGCCACCTG-1,0.0,Root cap,Root cap
SRX9174978@@_TCACGAACACCGAAAG-1,d2_SRX9174978@@_TCACGAACACCGAAAG-1,0.0,Procambium,Procambium
SRX9174978@@_TCACGAACATATGAGA-1,d2_SRX9174978@@_TCACGAACATATGAGA-1,0.0,Procambium,Procambium
SRX9174978@@_TCAGATGAGAGTACAT-1,d2_SRX9174978@@_TCAGATGAGAGTACAT-1,0.0,Endodermis,Endodermis
SRX9174978@@_TCAGCAAAGGAATCGC-1,d2_SRX9174978@@_TCAGCAAAGGAATCGC-1,0.0,Root cap,Root cap
SRX9174978@@_TCAGCAAAGTACGATA-1,d2_SRX9174978@@_TCAGCAAAGTACGATA-1,0.0,Epidermis,Epidermis
SRX9174978@@_TCAGCAATCAAACGGG-1,d2_SRX9174978@@_TCAGCAATCAAACGGG-1,0.0,Epidermis,Epidermis
SRX9174978@@_TCAGGATAGACGCAAC-1,d2_SRX9174978@@_TCAGGATAGACGCAAC-1,0.0,Root cap,Root cap
SRX9174978@@_TCAGGATCAGCTTCGG-1,d2_SRX9174978@@_TCAGGATCAGCTTCGG-1,0.0,Epidermis,Epidermis
SRX9174978@@_TCAGGTATCACTGGGC-1,d2_SRX9174978@@_TCAGGTATCACTGGGC-1,0.0,Epidermis,Epidermis
SRX9174978@@_TCAGGTATCCACGTTC-1,d2_SRX9174978@@_TCAGGTATCCACGTTC-1,0.0,Procambium,Procambium
SRX9174978@@_TCATTACAGAAGGCCT-1,d2_SRX9174978@@_TCATTACAGAAGGCCT-1,0.0,Pericycle,Pericycle
SRX9174978@@_TCATTTGAGCTACCTA-1,d2_SRX9174978@@_TCATTTGAGCTACCTA-1,0.0,Epidermis,Epidermis
SRX9174978@@_TCATTTGGTATGAATG-1,d2_SRX9174978@@_TCATTTGGTATGAATG-1,0.0,Procambium,Procambium
SRX9174978@@_TCATTTGGTGTCCTCT-1,d2_SRX9174978@@_TCATTTGGTGTCCTCT-1,0.0,Procambium,Procambium
SRX9174978@@_TCCACACGTTAAGACA-1,d2_SRX9174978@@_TCCACACGTTAAGACA-1,0.0,Epidermis,Epidermis
SRX9174978@@_TCCACACTCACCATAG-1,d2_SRX9174978@@_TCCACACTCACCATAG-1,0.0,Root cap,Root cap
SRX9174978@@_TCGAGGCCAGGTGGAT-1,d2_SRX9174978@@_TCGAGGCCAGGTGGAT-1,0.0,Epidermis,Epidermis
SRX9174978@@_TCGCGAGAGCGCTTAT-1,d2_SRX9174978@@_TCGCGAGAGCGCTTAT-1,0.0,Root cap,Root cap
SRX9174978@@_TCGCGAGGTTAAGAAC-1,d2_SRX9174978@@_TCGCGAGGTTAAGAAC-1,0.0,Endodermis,Endodermis
SRX9174978@@_TCGCGTTAGTCAAGCG-1,d2_SRX9174978@@_TCGCGTTAGTCAAGCG-1,0.0,Epidermis,Epidermis
SRX9174978@@_TCGCGTTTCATCGATG-1,d2_SRX9174978@@_TCGCGTTTCATCGATG-1,0.0,Procambium,Procambium
SRX9174978@@_TCGCGTTTCCAGAAGG-1,d2_SRX9174978@@_TCGCGTTTCCAGAAGG-1,0.0,Procambium,Procambium
SRX9174978@@_TCGCGTTTCGGCCGAT-1,d2_SRX9174978@@_TCGCGTTTCGGCCGAT-1,0.0,Procambium,Procambium
SRX9174978@@_TCGCGTTTCTGCTTGC-1,d2_SRX9174978@@_TCGCGTTTCTGCTTGC-1,0.0,Cortex,Cortex
SRX9174978@@_TCGGGACGTAGGAGTC-1,d2_SRX9174978@@_TCGGGACGTAGGAGTC-1,0.0,Endodermis,Endodermis
SRX9174978@@_TCGGGACGTCGAACAG-1,d2_SRX9174978@@_TCGGGACGTCGAACAG-1,0.0,Epidermis,Epidermis
SRX9174978@@_TCGGGACGTCTAGTCA-1,d2_SRX9174978@@_TCGGGACGTCTAGTCA-1,0.0,Root cap,Root cap
SRX9174978@@_TCGGGACGTGGCTCCA-1,d2_SRX9174978@@_TCGGGACGTGGCTCCA-1,0.0,Epidermis,Epidermis
SRX9174978@@_TCGGTAAGTTCGTCTC-1,d2_SRX9174978@@_TCGGTAAGTTCGTCTC-1,0.0,Epidermis,Epidermis
SRX9174978@@_TCGTAGAGTACTCGCG-1,d2_SRX9174978@@_TCGTAGAGTACTCGCG-1,0.0,Endodermis,Endodermis
SRX9174978@@_TCTATTGAGTGGAGTC-1,d2_SRX9174978@@_TCTATTGAGTGGAGTC-1,0.0,Procambium,Procambium
SRX9174978@@_TCTATTGTCTACGAGT-1,d2_SRX9174978@@_TCTATTGTCTACGAGT-1,0.0,Root cap,Root cap
SRX9174978@@_TCTCATAAGATATGGT-1,d2_SRX9174978@@_TCTCATAAGATATGGT-1,0.0,Procambium,Procambium
SRX9174978@@_TCTCATACACTCTGTC-1,d2_SRX9174978@@_TCTCATACACTCTGTC-1,0.0,Endodermis,Endodermis
SRX9174978@@_TCTCATATCTGGTATG-1,d2_SRX9174978@@_TCTCATATCTGGTATG-1,0.0,Root cap,Root cap
SRX9174978@@_TCTCTAACAGTGGAGT-1,d2_SRX9174978@@_TCTCTAACAGTGGAGT-1,0.0,Epidermis,Epidermis
SRX9174978@@_TCTCTAAGTGTAAGTA-1,d2_SRX9174978@@_TCTCTAAGTGTAAGTA-1,0.0,Root cap,Root cap
SRX9174978@@_TCTGAGAAGCGAGAAA-1,d2_SRX9174978@@_TCTGAGAAGCGAGAAA-1,0.0,Root cap,Root cap
SRX9174978@@_TCTGAGACAACTGCGC-1,d2_SRX9174978@@_TCTGAGACAACTGCGC-1,0.0,Epidermis,Epidermis
SRX9174978@@_TCTTCGGTCCATTCTA-1,d2_SRX9174978@@_TCTTCGGTCCATTCTA-1,0.0,Endodermis,Endodermis
SRX9174978@@_TCTTTCCAGACAAAGG-1,d2_SRX9174978@@_TCTTTCCAGACAAAGG-1,0.0,Root hair,Root hair
SRX9174978@@_TCTTTCCAGGAGTTGC-1,d2_SRX9174978@@_TCTTTCCAGGAGTTGC-1,0.0,Endodermis,Endodermis
SRX9174978@@_TCTTTCCCATTGGGCC-1,d2_SRX9174978@@_TCTTTCCCATTGGGCC-1,0.0,Endodermis,Endodermis
SRX9174978@@_TCTTTCCGTGCAGTAG-1,d2_SRX9174978@@_TCTTTCCGTGCAGTAG-1,0.0,Endodermis,Endodermis
SRX9174978@@_TGACAACAGCTCCTTC-1,d2_SRX9174978@@_TGACAACAGCTCCTTC-1,0.0,Epidermis,Epidermis
SRX9174978@@_TGACGGCAGATATACG-1,d2_SRX9174978@@_TGACGGCAGATATACG-1,0.0,Pericycle,Pericycle
SRX9174978@@_TGACGGCTCGTAGATC-1,d2_SRX9174978@@_TGACGGCTCGTAGATC-1,0.0,Root hair,Root hair
SRX9174978@@_TGACTAGCACGGTAAG-1,d2_SRX9174978@@_TGACTAGCACGGTAAG-1,0.0,Endodermis,Endodermis
SRX9174978@@_TGACTAGGTGGTAACG-1,d2_SRX9174978@@_TGACTAGGTGGTAACG-1,0.0,Epidermis,Epidermis
SRX9174978@@_TGACTAGTCACGATGT-1,d2_SRX9174978@@_TGACTAGTCACGATGT-1,0.0,Procambium,Procambium
SRX9174978@@_TGACTTTAGGTGATTA-1,d2_SRX9174978@@_TGACTTTAGGTGATTA-1,0.0,Root cap,Root cap
SRX9174978@@_TGACTTTCAATCCAAC-1,d2_SRX9174978@@_TGACTTTCAATCCAAC-1,0.0,Root cap,Root cap
SRX9174978@@_TGACTTTGTACCGTAT-1,d2_SRX9174978@@_TGACTTTGTACCGTAT-1,0.0,Root cap,Root cap
SRX9174978@@_TGACTTTGTAGATTAG-1,d2_SRX9174978@@_TGACTTTGTAGATTAG-1,0.0,Root cap,Root cap
SRX9174978@@_TGACTTTGTCGGCACT-1,d2_SRX9174978@@_TGACTTTGTCGGCACT-1,0.0,Root cap,Root cap
SRX9174978@@_TGAGAGGAGAAGGTTT-1,d2_SRX9174978@@_TGAGAGGAGAAGGTTT-1,0.0,Endodermis,Endodermis
SRX9174978@@_TGAGAGGAGAGTAAGG-1,d2_SRX9174978@@_TGAGAGGAGAGTAAGG-1,0.0,Root cap,Root cap
SRX9174978@@_TGAGAGGCACCGAAAG-1,d2_SRX9174978@@_TGAGAGGCACCGAAAG-1,0.0,Pericycle,Pericycle
SRX9174978@@_TGAGAGGTCCTCGCAT-1,d2_SRX9174978@@_TGAGAGGTCCTCGCAT-1,0.0,Endodermis,Endodermis
SRX9174978@@_TGAGCATAGATCCCAT-1,d2_SRX9174978@@_TGAGCATAGATCCCAT-1,0.0,Epidermis,Epidermis
SRX9174978@@_TGAGCCGAGACAAGCC-1,d2_SRX9174978@@_TGAGCCGAGACAAGCC-1,0.0,Epidermis,Epidermis
SRX9174978@@_TGAGCCGGTACACCGC-1,d2_SRX9174978@@_TGAGCCGGTACACCGC-1,0.0,Procambium,Procambium
SRX9174978@@_TGAGCCGGTTACGACT-1,d2_SRX9174978@@_TGAGCCGGTTACGACT-1,0.0,Root hair,Root hair
SRX9174978@@_TGAGGGAAGGATCGCA-1,d2_SRX9174978@@_TGAGGGAAGGATCGCA-1,0.0,Root cap,Root cap
SRX9174978@@_TGAGGGACACGTCAGC-1,d2_SRX9174978@@_TGAGGGACACGTCAGC-1,0.0,Endodermis,Endodermis
SRX9174978@@_TGATTTCCATTTGCCC-1,d2_SRX9174978@@_TGATTTCCATTTGCCC-1,0.0,Pericycle,Pericycle
SRX9174978@@_TGATTTCGTCCTCTTG-1,d2_SRX9174978@@_TGATTTCGTCCTCTTG-1,0.0,Procambium,Procambium
SRX9174978@@_TGCACCTAGCTCCTCT-1,d2_SRX9174978@@_TGCACCTAGCTCCTCT-1,0.0,Epidermis,Epidermis
SRX9174978@@_TGCACCTCAAGCGTAG-1,d2_SRX9174978@@_TGCACCTCAAGCGTAG-1,0.0,Endodermis,Endodermis
SRX9174978@@_TGCCAAAAGTACCGGA-1,d2_SRX9174978@@_TGCCAAAAGTACCGGA-1,0.0,Endodermis,Endodermis
SRX9174978@@_TGCCAAACAAACAACA-1,d2_SRX9174978@@_TGCCAAACAAACAACA-1,0.0,Epidermis,Epidermis
SRX9174978@@_TGCCAAACACGGCGTT-1,d2_SRX9174978@@_TGCCAAACACGGCGTT-1,0.0,Root cap,Root cap
SRX9174978@@_TGCCCATGTGGTAACG-1,d2_SRX9174978@@_TGCCCATGTGGTAACG-1,0.0,Endodermis,Endodermis
SRX9174978@@_TGCCCATTCTGTCAAG-1,d2_SRX9174978@@_TGCCCATTCTGTCAAG-1,0.0,Epidermis,Epidermis
SRX9174978@@_TGCCCTAGTGGACGAT-1,d2_SRX9174978@@_TGCCCTAGTGGACGAT-1,0.0,Root cap,Root cap
SRX9174978@@_TGCCCTATCAGAAATG-1,d2_SRX9174978@@_TGCCCTATCAGAAATG-1,0.0,Epidermis,Epidermis
SRX9174978@@_TGCCCTATCTGTGCAA-1,d2_SRX9174978@@_TGCCCTATCTGTGCAA-1,0.0,Root cap,Root cap
SRX9174978@@_TGCGCAGAGTTAGGTA-1,d2_SRX9174978@@_TGCGCAGAGTTAGGTA-1,0.0,Procambium,Procambium
SRX9174978@@_TGCGCAGCACATTAGC-1,d2_SRX9174978@@_TGCGCAGCACATTAGC-1,0.0,Epidermis,Epidermis
SRX9174978@@_TGCGGGTAGCTAGGCA-1,d2_SRX9174978@@_TGCGGGTAGCTAGGCA-1,0.0,Procambium,Procambium
SRX9174978@@_TGCGTGGCAGCCTATA-1,d2_SRX9174978@@_TGCGTGGCAGCCTATA-1,0.0,Procambium,Procambium
SRX9174978@@_TGCTACCTCGAGAGCA-1,d2_SRX9174978@@_TGCTACCTCGAGAGCA-1,0.0,Procambium,Procambium
SRX9174978@@_TGCTGCTCAGATAATG-1,d2_SRX9174978@@_TGCTGCTCAGATAATG-1,0.0,Pericycle,Pericycle
SRX9174978@@_TGCTGCTGTTGCGTTA-1,d2_SRX9174978@@_TGCTGCTGTTGCGTTA-1,0.0,Pericycle,Pericycle
SRX9174978@@_TGGACGCTCACGAAGG-1,d2_SRX9174978@@_TGGACGCTCACGAAGG-1,0.0,Epidermis,Epidermis
SRX9174978@@_TGGCCAGCACAGATTC-1,d2_SRX9174978@@_TGGCCAGCACAGATTC-1,0.0,Endodermis,Endodermis
SRX9174978@@_TGGCCAGTCTGTGCAA-1,d2_SRX9174978@@_TGGCCAGTCTGTGCAA-1,0.0,Endodermis,Endodermis
SRX9174978@@_TGGCGCAAGTGAAGAG-1,d2_SRX9174978@@_TGGCGCAAGTGAAGAG-1,0.0,Root cap,Root cap
SRX9174978@@_TGGCGCACAGCTGTAT-1,d2_SRX9174978@@_TGGCGCACAGCTGTAT-1,0.0,Procambium,Procambium
SRX9174978@@_TGGCTGGAGTGAAGAG-1,d2_SRX9174978@@_TGGCTGGAGTGAAGAG-1,0.0,Root cap,Root cap
SRX9174978@@_TGGCTGGTCTGTTTGT-1,d2_SRX9174978@@_TGGCTGGTCTGTTTGT-1,0.0,Root cap,Root cap
SRX9174978@@_TGGGCGTCATCTATGG-1,d2_SRX9174978@@_TGGGCGTCATCTATGG-1,0.0,Epidermis,Epidermis
SRX9174978@@_TGGGCGTTCCGATATG-1,d2_SRX9174978@@_TGGGCGTTCCGATATG-1,0.0,Root hair,Root hair
SRX9174978@@_TGGTTAGGTACCATCA-1,d2_SRX9174978@@_TGGTTAGGTACCATCA-1,0.0,Procambium,Procambium
SRX9174978@@_TGGTTAGGTCTACCTC-1,d2_SRX9174978@@_TGGTTAGGTCTACCTC-1,0.0,Epidermis,Epidermis
SRX9174978@@_TGGTTCCAGCTATGCT-1,d2_SRX9174978@@_TGGTTCCAGCTATGCT-1,0.0,Root cap,Root cap
SRX9174978@@_TGGTTCCAGCTGTCTA-1,d2_SRX9174978@@_TGGTTCCAGCTGTCTA-1,0.0,Endodermis,Endodermis
SRX9174978@@_TGGTTCCCAAGCTGTT-1,d2_SRX9174978@@_TGGTTCCCAAGCTGTT-1,0.0,Endodermis,Endodermis
SRX9174978@@_TGGTTCCTCGGTGTTA-1,d2_SRX9174978@@_TGGTTCCTCGGTGTTA-1,0.0,Root hair,Root hair
SRX9174978@@_TGTATTCAGATGCGAC-1,d2_SRX9174978@@_TGTATTCAGATGCGAC-1,0.0,Root hair,Root hair
SRX9174978@@_TGTCCCACATGAACCT-1,d2_SRX9174978@@_TGTCCCACATGAACCT-1,0.0,Endodermis,Endodermis
SRX9174978@@_TGTCCCAGTGAACCTT-1,d2_SRX9174978@@_TGTCCCAGTGAACCTT-1,0.0,Root cap,Root cap
SRX9174978@@_TGTGTTTGTCTAAACC-1,d2_SRX9174978@@_TGTGTTTGTCTAAACC-1,0.0,Epidermis,Epidermis
SRX9174978@@_TGTTCCGCAGATGGGT-1,d2_SRX9174978@@_TGTTCCGCAGATGGGT-1,0.0,Epidermis,Epidermis
SRX9174978@@_TGTTCCGTCGCATGGC-1,d2_SRX9174978@@_TGTTCCGTCGCATGGC-1,0.0,Endodermis,Endodermis
SRX9174978@@_TTAACTCGTGGCTCCA-1,d2_SRX9174978@@_TTAACTCGTGGCTCCA-1,0.0,Endodermis,Endodermis
SRX9174978@@_TTAGGACAGACAGACC-1,d2_SRX9174978@@_TTAGGACAGACAGACC-1,0.0,Cortex,Cortex
SRX9174978@@_TTAGGACCAAACCTAC-1,d2_SRX9174978@@_TTAGGACCAAACCTAC-1,0.0,Endodermis,Endodermis
SRX9174978@@_TTAGGCAGTTACCGAT-1,d2_SRX9174978@@_TTAGGCAGTTACCGAT-1,0.0,Procambium,Procambium
SRX9174978@@_TTAGTTCAGGTACTCT-1,d2_SRX9174978@@_TTAGTTCAGGTACTCT-1,0.0,Root cap,Root cap
SRX9174978@@_TTAGTTCGTTCAACCA-1,d2_SRX9174978@@_TTAGTTCGTTCAACCA-1,0.0,Epidermis,Epidermis
SRX9174978@@_TTAGTTCTCAAGAAGT-1,d2_SRX9174978@@_TTAGTTCTCAAGAAGT-1,0.0,Procambium,Procambium
SRX9174978@@_TTATGCTAGCGTCTAT-1,d2_SRX9174978@@_TTATGCTAGCGTCTAT-1,0.0,Root cap,Root cap
SRX9174978@@_TTATGCTAGGAGCGTT-1,d2_SRX9174978@@_TTATGCTAGGAGCGTT-1,0.0,Root cap,Root cap
SRX9174978@@_TTATGCTCAACACGCC-1,d2_SRX9174978@@_TTATGCTCAACACGCC-1,0.0,Pericycle,Pericycle
SRX9174978@@_TTATGCTTCTGAGTGT-1,d2_SRX9174978@@_TTATGCTTCTGAGTGT-1,0.0,Pericycle,Pericycle
SRX9174978@@_TTCCCAGGTCACCCAG-1,d2_SRX9174978@@_TTCCCAGGTCACCCAG-1,0.0,Endodermis,Endodermis
SRX9174978@@_TTCCCAGGTTACGACT-1,d2_SRX9174978@@_TTCCCAGGTTACGACT-1,0.0,Epidermis,Epidermis
SRX9174978@@_TTCGAAGAGGAGCGAG-1,d2_SRX9174978@@_TTCGAAGAGGAGCGAG-1,0.0,Epidermis,Epidermis
SRX9174978@@_TTCGAAGGTTGCGTTA-1,d2_SRX9174978@@_TTCGAAGGTTGCGTTA-1,0.0,Endodermis,Endodermis
SRX9174978@@_TTCGAAGTCCAAAGTC-1,d2_SRX9174978@@_TTCGAAGTCCAAAGTC-1,0.0,Pericycle,Pericycle
SRX9174978@@_TTCGAAGTCGAGCCCA-1,d2_SRX9174978@@_TTCGAAGTCGAGCCCA-1,0.0,Endodermis,Endodermis
SRX9174978@@_TTCGGTCCAAGGTTCT-1,d2_SRX9174978@@_TTCGGTCCAAGGTTCT-1,0.0,Endodermis,Endodermis
SRX9174978@@_TTCGGTCTCGTCTGCT-1,d2_SRX9174978@@_TTCGGTCTCGTCTGCT-1,0.0,Pericycle,Pericycle
SRX9174978@@_TTCTACAAGGTACTCT-1,d2_SRX9174978@@_TTCTACAAGGTACTCT-1,0.0,Root cap,Root cap
SRX9174978@@_TTCTACATCGGTCTAA-1,d2_SRX9174978@@_TTCTACATCGGTCTAA-1,0.0,Pericycle,Pericycle
SRX9174978@@_TTCTCAAAGAAGGTTT-1,d2_SRX9174978@@_TTCTCAAAGAAGGTTT-1,0.0,Epidermis,Epidermis
SRX9174978@@_TTCTCAAAGACCTTTG-1,d2_SRX9174978@@_TTCTCAAAGACCTTTG-1,0.0,Endodermis,Endodermis
SRX9174978@@_TTCTCAACACAGGAGT-1,d2_SRX9174978@@_TTCTCAACACAGGAGT-1,0.0,Endodermis,Endodermis
SRX9174978@@_TTGAACGAGCAATATG-1,d2_SRX9174978@@_TTGAACGAGCAATATG-1,0.0,Pericycle,Pericycle
SRX9174978@@_TTGACTTCAGCTGTGC-1,d2_SRX9174978@@_TTGACTTCAGCTGTGC-1,0.0,Endodermis,Endodermis
SRX9174978@@_TTGCCGTAGGAATCGC-1,d2_SRX9174978@@_TTGCCGTAGGAATCGC-1,0.0,Procambium,Procambium
SRX9174978@@_TTGCCGTCAGGAACGT-1,d2_SRX9174978@@_TTGCCGTCAGGAACGT-1,0.0,Endodermis,Endodermis
SRX9174978@@_TTGCCGTGTGATGCCC-1,d2_SRX9174978@@_TTGCCGTGTGATGCCC-1,0.0,Root cap,Root cap
SRX9174978@@_TTGCGTCAGGTAAACT-1,d2_SRX9174978@@_TTGCGTCAGGTAAACT-1,0.0,Epidermis,Epidermis
SRX9174978@@_TTGCGTCCATATACCG-1,d2_SRX9174978@@_TTGCGTCCATATACCG-1,0.0,Root cap,Root cap
SRX9174978@@_TTGGAACGTCGAAAGC-1,d2_SRX9174978@@_TTGGAACGTCGAAAGC-1,0.0,Epidermis,Epidermis
SRX9174978@@_TTGGAACGTTCACCTC-1,d2_SRX9174978@@_TTGGAACGTTCACCTC-1,0.0,Cortex,Cortex
SRX9174978@@_TTGGCAATCAGTTAGC-1,d2_SRX9174978@@_TTGGCAATCAGTTAGC-1,0.0,Epidermis,Epidermis
SRX9174978@@_TTGGCAATCTGTTGAG-1,d2_SRX9174978@@_TTGGCAATCTGTTGAG-1,0.0,Procambium,Procambium
SRX9174978@@_TTGTAGGTCTTACCGC-1,d2_SRX9174978@@_TTGTAGGTCTTACCGC-1,0.0,Epidermis,Epidermis
SRX9174978@@_TTTACTGAGATGCCAG-1,d2_SRX9174978@@_TTTACTGAGATGCCAG-1,0.0,Procambium,Procambium
SRX9174978@@_TTTACTGAGTGTTAGA-1,d2_SRX9174978@@_TTTACTGAGTGTTAGA-1,0.0,Pericycle,Pericycle
SRX9174978@@_TTTACTGCACGTTGGC-1,d2_SRX9174978@@_TTTACTGCACGTTGGC-1,0.0,Endodermis,Endodermis
SRX9174978@@_TTTACTGGTGCGCTTG-1,d2_SRX9174978@@_TTTACTGGTGCGCTTG-1,0.0,Endodermis,Endodermis
SRX9174978@@_TTTACTGTCGTTGACA-1,d2_SRX9174978@@_TTTACTGTCGTTGACA-1,0.0,Procambium,Procambium
SRX9174978@@_TTTACTGTCTATCGCC-1,d2_SRX9174978@@_TTTACTGTCTATCGCC-1,0.0,Root hair,Root hair
SRX9174978@@_TTTATGCAGTACATGA-1,d2_SRX9174978@@_TTTATGCAGTACATGA-1,0.0,Root cap,Root cap
SRX9174978@@_TTTATGCGTCGGCATC-1,d2_SRX9174978@@_TTTATGCGTCGGCATC-1,0.0,Epidermis,Epidermis
SRX9174978@@_TTTCCTCGTAGCGCAA-1,d2_SRX9174978@@_TTTCCTCGTAGCGCAA-1,0.0,Root hair,Root hair
SRX9174978@@_TTTCCTCGTCACTTCC-1,d2_SRX9174978@@_TTTCCTCGTCACTTCC-1,0.0,Root cap,Root cap
SRX9174978@@_TTTGCGCAGATGCCTT-1,d2_SRX9174978@@_TTTGCGCAGATGCCTT-1,0.0,Endodermis,Endodermis
SRX9174978@@_TTTGCGCAGCAGGCTA-1,d2_SRX9174978@@_TTTGCGCAGCAGGCTA-1,0.0,Procambium,Procambium
SRX9174978@@_TTTGCGCAGGATGGAA-1,d2_SRX9174978@@_TTTGCGCAGGATGGAA-1,0.0,Epidermis,Epidermis
SRX9174978@@_TTTGCGCAGTTAAGTG-1,d2_SRX9174978@@_TTTGCGCAGTTAAGTG-1,0.0,Endodermis,Endodermis
SRX9174978@@_TTTGGTTAGATCCCGC-1,d2_SRX9174978@@_TTTGGTTAGATCCCGC-1,0.0,Cortex,Cortex
SRX9174978@@_TTTGGTTGTGGTCCGT-1,d2_SRX9174978@@_TTTGGTTGTGGTCCGT-1,0.0,Endodermis,Endodermis
